order_id,order_date,product_id,quantity,price,region,marketplace,status
512719,2024-12-09,1005.0,1,2290.0,Регионы,Wildberries,Доставлен
509444,2024-09-25,1004.0,1,2510.0,Регионы,Ozon,Доставлен
510429,2024-10-24,1007.0,1,1180.0,Новосибирск,Wildberries,Доставлен
500411,2024-01-15,1009.0,1,1930.0,Санкт-Петербург,Wildberries,Доставлен
513408,2024-12-20,1005.0,1,2460.0,Регионы,Wildberries,Доставлен
510615,2024-10-29,1004.0,1,2810.0,Регионы,Wildberries,Доставлен
508133,2024-08-23,1011.0,1,3530.0,Москва,Ozon,Доставлен
511405,2024-11-15,1007.0,1,1210.0,Москва,Wildberries,Доставлен
510652,2024-10-30,1011.0,1,3510.0,Санкт-Петербург,Wildberries,Доставлен
508941,2024-09-12,1014.0,1,2320.0,Москва,Wildberries,Возврат
511725,2024-11-21,1007.0,1,1150.0,Москва,Wildberries,Доставлен
501386,2024-02-15,1014.0,1,2180.0,Екатеринбург,Wildberries,Доставлен
511033,2024-11-07,1026.0,1,2360.0,Москва,Ozon,Доставлен
512395,2024-12-04,1001.0,1,1210.0,Москва,Wildberries,Доставлен
503317,2024-03-31,1009.0,2,1930.0,Регионы,Ozon,Возврат
503832,2024-04-15,1018.0,1,690.0,Москва,Wildberries,Доставлен
503571,2024-04-08,1006.0,1,4340.0,Регионы,Ozon,Возврат
510917,2024-11-05,1009.0,1,1840.0,Санкт-Петербург,Wildberries,Доставлен
509608,2024-09-29,1010.0,1,1080.0,Москва,Ozon,Отменён
500403,2024-01-15,1001.0,1,1320.0,Регионы,Ozon,Доставлен
501290,2024-02-12,1014.0,2,2710.0,Москва,Wildberries,Доставлен
500676,2024-01-24,1019.0,1,2360.0,Регионы,Wildberries,Доставлен
512987,2024-12-13,1006.0,1,3600.0,Новосибирск,Ozon,Доставлен
508841,2024-09-09,1017.0,1,1660.0,Регионы,Wildberries,Возврат
513614,2024-12-23,1019.0,1,2320.0,Москва,Wildberries,Доставлен
513660,2024-12-24,1013.0,2,2190.0,Регионы,Ozon,Доставлен
502763,2024-03-20,1004.0,1,2780.0,Москва,Wildberries,Доставлен
506572,2024-07-10,1016.0,1,2800.0,Москва,Ozon,Доставлен
505662,2024-06-12,1007.0,1,1200.0,Екатеринбург,Ozon,Доставлен
513030,2024-12-14,1001.0,2,1140.0,Екатеринбург,Wildberries,Доставлен
500101,2024-01-04,1006.0,1,3830.0,Санкт-Петербург,Wildberries,Возврат
511414,2024-11-15,1011.0,1,3760.0,Екатеринбург,Wildberries,Возврат
505537,2024-06-08,1008.0,2,5010.0,Санкт-Петербург,Wildberries,Доставлен
504229,2024-04-26,1022.0,1,1580.0,Санкт-Петербург,Wildberries,Доставлен
513372,2024-12-19,1015.0,1,2590.0,Регионы,Ozon,Доставлен
501233,2024-02-11,1004.0,1,2510.0,Москва,Ozon,Доставлен
502247,2024-03-08,1024.0,1,3100.0,Москва,Wildberries,Отменён
502339,2024-03-11,1002.0,1,3360.0,Санкт-Петербург,Ozon,Доставлен
505412,2024-06-04,1002.0,1,3590.0,Екатеринбург,Ozon,Доставлен
511551,2024-11-18,1002.0,1,3430.0,Регионы,Wildberries,Доставлен
501443,2024-02-17,1013.0,1,2490.0,Екатеринбург,Wildberries,Доставлен
500624,2024-01-22,1017.0,1,1730.0,Регионы,Ozon,Доставлен
504865,2024-05-17,1001.0,1,1210.0,Москва,Wildberries,Доставлен
512848,2024-12-11,1004.0,1,2590.0,Регионы,Wildberries,Доставлен
507461,2024-08-06,1006.0,1,4280.0,Екатеринбург,Wildberries,Возврат
505277,2024-05-30,1016.0,1,2780.0,Регионы,Ozon,Доставлен
509650,2024-09-30,1012.0,1,2720.0,Москва,Ozon,Отменён
501230,2024-02-11,1003.0,2,3460.0,Екатеринбург,Ozon,Доставлен
505503,2024-06-06,1020.0,2,1360.0,Регионы,Wildberries,Доставлен
513943,2024-12-29,1002.0,1,3580.0,Регионы,Wildberries,Доставлен
513670,2024-12-24,1017.0,1,1680.0,Регионы,Wildberries,Отменён
501244,2024-02-11,1009.0,1,1880.0,Новосибирск,Ozon,Доставлен
513632,2024-12-23,1026.0,1,2270.0,Москва,Ozon,Доставлен
507287,2024-08-01,1020.0,1,1320.0,Москва,Wildberries,Отменён
502342,2024-03-11,1003.0,1,3480.0,Новосибирск,Ozon,Доставлен
501804,2024-02-28,1012.0,1,3100.0,Москва,Wildberries,Возврат
510907,2024-11-05,1002.0,3,4180.0,Екатеринбург,Wildberries,Возврат
501016,2024-02-04,1017.0,1,1390.0,Москва,Wildberries,Доставлен
509464,2024-09-25,1021.0,1,1710.0,Регионы,Ozon,Доставлен
509295,2024-09-21,1019.0,1,2220.0,Москва,Ozon,Доставлен
514025,2024-12-30,1010.0,1,1160.0,Москва,Wildberries,Доставлен
509154,2024-09-17,1026.0,1,2380.0,Регионы,Wildberries,Доставлен
512250,2024-12-01,1015.0,3,2050.0,Москва,Wildberries,Доставлен
507665,2024-08-11,1014.0,1,2690.0,Регионы,Ozon,Возврат
507796,2024-08-14,1017.0,1,1600.0,Регионы,Ozon,Доставлен
503641,2024-04-10,1013.0,2,2340.0,Новосибирск,Wildberries,Возврат
508309,2024-08-27,1013.0,1,2100.0,Москва,Wildberries,Доставлен
508225,2024-08-25,1017.0,1,1660.0,Санкт-Петербург,Wildberries,Возврат
502229,2024-03-08,1015.0,1,2360.0,Регионы,Wildberries,Доставлен
509385,2024-09-23,1022.0,1,1690.0,Регионы,Wildberries,Доставлен
505324,2024-06-01,1006.0,3,4040.0,Москва,Wildberries,Доставлен
508059,2024-08-21,1017.0,1,1680.0,Москва,Wildberries,Доставлен
511361,2024-11-14,1007.0,2,1050.0,Регионы,Ozon,Доставлен
509518,2024-09-27,1004.0,1,2430.0,Регионы,Wildberries,Доставлен
500070,2024-01-03,1012.0,1,3050.0,Санкт-Петербург,Ozon,Доставлен
500998,2024-02-04,1010.0,1,1100.0,Москва,Wildberries,Доставлен
507169,2024-07-29,1008.0,1,4020.0,Новосибирск,Ozon,Доставлен
512670,2024-12-08,1010.0,1,1300.0,Санкт-Петербург,Ozon,Доставлен
511567,2024-11-18,1012.0,1,3170.0,Санкт-Петербург,Wildberries,Доставлен
509355,2024-09-23,1004.0,1,2790.0,Санкт-Петербург,Wildberries,Доставлен
514114,2024-12-31,1021.0,2,1520.0,Регионы,Wildberries,Доставлен
514107,2024-12-31,1019.0,1,2000.0,Санкт-Петербург,Wildberries,Доставлен
513553,2024-12-22,1016.0,1,2290.0,Екатеринбург,Ozon,Доставлен
500734,2024-01-26,1025.0,2,2730.0,Санкт-Петербург,Ozon,Доставлен
513323,2024-12-18,1013.0,1,2420.0,Регионы,Wildberries,Доставлен
508851,2024-09-10,1002.0,1,3570.0,Регионы,Wildberries,Доставлен
508595,2024-09-04,1001.0,1,1380.0,Регионы,Wildberries,Доставлен
506263,2024-06-30,1018.0,1,760.0,Новосибирск,Ozon,Возврат
501699,2024-02-25,1004.0,1,2670.0,Регионы,Ozon,Доставлен
509842,2024-10-06,1005.0,1,2370.0,Новосибирск,Wildberries,Доставлен
511261,2024-11-12,1015.0,1,2210.0,Регионы,Ozon,Возврат
502910,2024-03-23,1008.0,1,4120.0,Регионы,Wildberries,Доставлен
506837,2024-07-18,1017.0,1,1500.0,Новосибирск,Wildberries,Доставлен
511326,2024-11-13,1017.0,1,1430.0,Москва,Wildberries,Доставлен
503636,2024-04-10,1008.0,1,4110.0,Москва,Ozon,Доставлен
512141,2024-11-29,1015.0,1,2170.0,Москва,Wildberries,Доставлен
501110,2024-02-07,1015.0,1,2070.0,Санкт-Петербург,Wildberries,Доставлен
506986,2024-07-23,1018.0,1,780.0,Регионы,Wildberries,Отменён
504870,2024-05-17,1005.0,1,2540.0,Новосибирск,Wildberries,Доставлен
502455,2024-03-13,1010.0,1,1280.0,Москва,Ozon,Доставлен
510241,2024-10-18,1015.0,1,2170.0,Новосибирск,Ozon,Доставлен
508510,2024-09-01,1019.0,1,2180.0,Москва,Wildberries,Доставлен
508692,2024-09-05,1026.0,2,2160.0,Москва,Ozon,Доставлен
500891,2024-02-01,1010.0,3,1210.0,,Wildberries,Доставлен
503197,2024-03-28,1026.0,1,2600.0,Москва,Wildberries,Доставлен
509812,2024-10-05,1008.0,1,3990.0,Регионы,Wildberries,Доставлен
500038,2024-01-02,1013.0,1,2370.0,Регионы,Ozon,Доставлен
504784,2024-05-13,1012.0,1,2900.0,Екатеринбург,Ozon,Доставлен
513068,2024-12-14,1017.0,1,1660.0,Санкт-Петербург,Wildberries,Доставлен
509860,2024-10-06,1022.0,1,1590.0,Москва,Ozon,Доставлен
504975,2024-05-20,1014.0,1,2300.0,Санкт-Петербург,Wildberries,Доставлен
505207,2024-05-28,1010.0,1,1250.0,Санкт-Петербург,Wildberries,Доставлен
508172,2024-08-24,1013.0,1,2250.0,Регионы,Wildberries,Доставлен
506086,2024-06-24,1021.0,1,1530.0,Москва,Ozon,Доставлен
501181,2024-02-09,1015.0,2,2240.0,Санкт-Петербург,Ozon,Доставлен
500174,2024-01-06,1005.0,3,2300.0,Новосибирск,Wildberries,Доставлен
504992,2024-05-21,1001.0,2,1230.0,Москва,Ozon,Доставлен
513155,2024-12-15,1024.0,1,3560.0,Регионы,Wildberries,Доставлен
505724,2024-06-14,1007.0,2,1080.0,Регионы,Wildberries,Отменён
506213,2024-06-29,1002.0,2,3490.0,Москва,Ozon,Доставлен
508879,2024-09-10,1024.0,1,3540.0,Санкт-Петербург,Wildberries,Доставлен
512910,2024-12-11,1023.0,2,1030.0,Екатеринбург,Wildberries,Доставлен
506009,2024-06-22,1012.0,3,2910.0,Москва,Ozon,Доставлен
507835,2024-08-15,1020.0,1,1540.0,Екатеринбург,Wildberries,Доставлен
511229,2024-11-12,1004.0,1,2390.0,Екатеринбург,Wildberries,Доставлен
507065,2024-07-26,1009.0,1,1620.0,Регионы,Wildberries,Доставлен
510490,2024-10-26,1006.0,1,3980.0,Регионы,Wildberries,Доставлен
502373,2024-03-11,1020.0,1,1490.0,Москва,Wildberries,Отменён
510502,2024-10-26,1013.0,1,2100.0,Екатеринбург,Wildberries,Доставлен
509089,2024-09-16,1007.0,3,1280.0,Москва,Ozon,Доставлен
513528,2024-12-22,1007.0,1,1290.0,Регионы,Wildberries,Возврат
513272,2024-12-17,1022.0,1,1610.0,Регионы,Ozon,Доставлен
504582,2024-05-07,1011.0,1,3980.0,Регионы,Ozon,Доставлен
500470,2024-01-17,1019.0,1,2150.0,Москва,Wildberries,Доставлен
507959,2024-08-19,1003.0,1,3000.0,Москва,Ozon,Доставлен
512499,2024-12-05,1015.0,1,2060.0,Москва,Wildberries,Возврат
503304,2024-03-31,1001.0,1,1120.0,Регионы,Wildberries,Доставлен
511275,2024-11-12,1026.0,1,2490.0,Санкт-Петербург,Wildberries,Доставлен
508694,2024-09-06,1001.0,1,1160.0,Санкт-Петербург,Wildberries,Доставлен
507264,2024-08-01,1005.0,1,2400.0,Санкт-Петербург,Ozon,Доставлен
501101,2024-02-07,1011.0,1,3520.0,Санкт-Петербург,Ozon,Возврат
500159,2024-01-05,1024.0,1,3280.0,Москва,Ozon,Возврат
507204,2024-07-30,1010.0,2,1370.0,Санкт-Петербург,Wildberries,Доставлен
507363,2024-08-03,1015.0,1,2050.0,Екатеринбург,Ozon,Возврат
506621,2024-07-11,1025.0,1,2610.0,Москва,Ozon,Доставлен
506682,2024-07-13,1021.0,1,1450.0,Москва,Wildberries,Доставлен
502295,2024-03-10,1002.0,1,4230.0,Москва,Wildberries,Доставлен
501638,2024-02-23,1008.0,1,4480.0,Москва,Wildberries,Доставлен
510143,2024-10-15,1018.0,1,840.0,Екатеринбург,Wildberries,Доставлен
502701,2024-03-18,1023.0,1,840.0,Санкт-Петербург,Wildberries,Доставлен
514119,2024-12-31,1024.0,2,3190.0,Москва,Ozon,Доставлен
500930,2024-02-02,1016.0,1,2390.0,Регионы,Wildberries,Доставлен
509487,2024-09-26,1008.0,1,5020.0,Санкт-Петербург,Wildberries,Возврат
502372,2024-03-11,1019.0,1,2070.0,Регионы,Ozon,Возврат
501179,2024-02-09,1014.0,1,2700.0,Регионы,Wildberries,Возврат
500003,2024-01-01,1002.0,1,3950.0,Регионы,Ozon,Доставлен
506934,2024-07-21,1021.0,1,1410.0,Москва,Wildberries,Доставлен
509005,2024-09-14,1004.0,1,2650.0,Регионы,Wildberries,Доставлен
507882,2024-08-16,1019.0,1,2070.0,Санкт-Петербург,Ozon,Доставлен
502746,2024-03-19,1023.0,1,1020.0,Новосибирск,Wildberries,Доставлен
507701,2024-08-12,1010.0,1,1130.0,Санкт-Петербург,Wildberries,Доставлен
500800,2024-01-28,1026.0,1,2500.0,Санкт-Петербург,Wildberries,Отменён
505740,2024-06-14,1018.0,1,860.0,Регионы,Wildberries,Доставлен
504155,2024-04-24,1012.0,1,3200.0,Регионы,Wildberries,Доставлен
513598,2024-12-23,1011.0,1,3350.0,Екатеринбург,Ozon,Доставлен
500308,2024-01-11,1010.0,1,1180.0,Москва,Wildberries,Доставлен
511245,2024-11-12,1009.0,1,1980.0,Регионы,Wildberries,Доставлен
512961,2024-12-12,1020.0,1,1300.0,Москва,Wildberries,Доставлен
500022,2024-01-01,1017.0,1,1650.0,Регионы,Wildberries,Возврат
502596,2024-03-16,1002.0,1,3490.0,Екатеринбург,Ozon,Отменён
511148,2024-11-10,1011.0,1,3540.0,Санкт-Петербург,Ozon,Доставлен
510064,2024-10-13,1008.0,1,4440.0,Регионы,Wildberries,Доставлен
507752,2024-08-13,1013.0,1,2340.0,Регионы,Ozon,Доставлен
501749,2024-02-26,1024.0,1,3100.0,Москва,Wildberries,Доставлен
504729,2024-05-11,1023.0,1,1010.0,Регионы,Ozon,Доставлен
506311,2024-07-02,1008.0,1,4050.0,Регионы,Wildberries,Отменён
509825,2024-10-05,1022.0,2,1620.0,Регионы,Ozon,Доставлен
513108,2024-12-15,1004.0,1,2780.0,Новосибирск,Wildberries,Доставлен
507172,2024-07-29,1011.0,2,3820.0,Регионы,Ozon,Возврат
505968,2024-06-20,1023.0,1,970.0,Новосибирск,Wildberries,Доставлен
504749,2024-05-12,1015.0,1,2240.0,Москва,Wildberries,Отменён
514002,2024-12-30,1004.0,1,2770.0,Регионы,Wildberries,Доставлен
501993,2024-03-03,1026.0,1,2150.0,Регионы,Wildberries,Доставлен
508722,2024-09-06,1023.0,1,980.0,Москва,Ozon,Доставлен
509200,2024-09-19,1010.0,2,1230.0,Регионы,Ozon,Доставлен
507955,2024-08-19,1001.0,1,1250.0,Москва,Ozon,Доставлен
508292,2024-08-26,1022.0,2,1470.0,Регионы,Wildberries,Доставлен
502210,2024-03-08,1003.0,2,3240.0,Регионы,Wildberries,Доставлен
510228,2024-10-18,1007.0,2,1180.0,Регионы,Wildberries,Доставлен
502915,2024-03-23,1010.0,1,1210.0,Москва,Wildberries,Доставлен
512275,2024-12-02,1002.0,1,3670.0,Регионы,Wildberries,Возврат
502992,2024-03-25,1002.0,1,3760.0,Москва,Ozon,Доставлен
506687,2024-07-14,1001.0,1,1350.0,Москва,Wildberries,Возврат
512107,2024-11-29,1001.0,1,1380.0,Екатеринбург,Wildberries,Доставлен
506378,2024-07-04,1013.0,1,2120.0,Москва,Wildberries,Отменён
507794,2024-08-14,1015.0,1,2300.0,Регионы,Ozon,Доставлен
506095,2024-06-25,1001.0,1,1340.0,Москва,Ozon,Доставлен
501815,2024-02-29,1002.0,1,3410.0,Москва,Wildberries,Доставлен
507180,2024-07-29,1019.0,1,2390.0,Москва,Wildberries,Возврат
507189,2024-07-29,1021.0,1,1390.0,Санкт-Петербург,Wildberries,Доставлен
509516,2024-09-27,1002.0,3,3960.0,Новосибирск,Ozon,Доставлен
507990,2024-08-19,1020.0,1,1350.0,Регионы,Ozon,Доставлен
510164,2024-10-16,1008.0,1,4040.0,Регионы,Wildberries,Доставлен
506903,2024-07-20,1021.0,1,1630.0,Санкт-Петербург,Wildberries,Доставлен
502544,2024-03-15,1003.0,2,3650.0,Москва,Ozon,Доставлен
502388,2024-03-11,1025.0,1,2860.0,Москва,Wildberries,Доставлен
503991,2024-04-19,1025.0,1,3150.0,Москва,Wildberries,Доставлен
503432,2024-04-03,1006.0,1,3790.0,Регионы,Ozon,Доставлен
502261,2024-03-09,1003.0,2,3280.0,Санкт-Петербург,Wildberries,Доставлен
513890,2024-12-28,1010.0,1,1180.0,Регионы,Wildberries,Доставлен
501545,2024-02-20,1021.0,2,1620.0,Регионы,Ozon,Доставлен
500195,2024-01-06,1024.0,2,3730.0,Регионы,Wildberries,Доставлен
511252,2024-11-12,1012.0,1,3110.0,Москва,Wildberries,Отменён
505788,2024-06-16,1009.0,1,1840.0,Новосибирск,Wildberries,Возврат
505258,2024-05-30,1002.0,1,4050.0,Новосибирск,Wildberries,Доставлен
501910,2024-03-02,1006.0,2,4180.0,Регионы,Wildberries,Доставлен
501113,2024-02-07,1019.0,1,2240.0,Регионы,Wildberries,Возврат
501344,2024-02-14,1007.0,1,1330.0,Регионы,Ozon,Доставлен
505686,2024-06-12,1024.0,1,3080.0,Екатеринбург,Wildberries,Возврат
512171,2024-11-30,1002.0,1,3510.0,Москва,Wildberries,Возврат
507538,2024-08-08,1007.0,1,1170.0,Регионы,Wildberries,Доставлен
510138,2024-10-15,1016.0,1,2490.0,Новосибирск,Wildberries,Доставлен
513284,2024-12-17,1026.0,1,2690.0,Москва,Wildberries,Доставлен
500886,2024-02-01,1004.0,1,2380.0,Регионы,Wildberries,Доставлен
508050,2024-08-21,1007.0,2,1090.0,Санкт-Петербург,Wildberries,Доставлен
503677,2024-04-11,1013.0,1,2560.0,Регионы,Wildberries,Возврат
511558,2024-11-18,1007.0,2,1050.0,Москва,Wildberries,Доставлен
510098,2024-10-14,1010.0,1,1280.0,Екатеринбург,Ozon,Доставлен
503341,2024-03-31,1022.0,1,1410.0,Новосибирск,Wildberries,Доставлен
513302,2024-12-18,1007.0,1,1090.0,Регионы,Wildberries,Отменён
506464,2024-07-06,1025.0,1,2770.0,Санкт-Петербург,Ozon,Доставлен
509951,2024-10-09,1023.0,1,880.0,Екатеринбург,Wildberries,Возврат
502390,2024-03-11,1026.0,1,2290.0,Москва,Wildberries,Доставлен
511959,2024-11-25,1021.0,3,1360.0,Москва,Wildberries,Доставлен
503661,2024-04-11,1002.0,1,3750.0,Москва,Wildberries,Доставлен
513721,2024-12-25,1013.0,1,2540.0,Регионы,Wildberries,Доставлен
503878,2024-04-16,1025.0,1,3160.0,Санкт-Петербург,Wildberries,Доставлен
512403,2024-12-04,1005.0,1,2670.0,Екатеринбург,Wildberries,Отменён
503558,2024-04-07,1023.0,1,880.0,Регионы,Ozon,Доставлен
504207,2024-04-26,1009.0,1,1970.0,Регионы,Ozon,Доставлен
504730,2024-05-11,1026.0,1,2430.0,Санкт-Петербург,Wildberries,Доставлен
503447,2024-04-03,1020.0,1,1360.0,Регионы,Ozon,Доставлен
508894,2024-09-11,1007.0,1,1070.0,Регионы,Wildberries,Доставлен
509306,2024-09-21,1025.0,1,2930.0,Москва,Ozon,Доставлен
513792,2024-12-26,1021.0,1,1630.0,Новосибирск,Wildberries,Доставлен
512414,2024-12-04,1007.0,1,1100.0,Москва,Ozon,Доставлен
511044,2024-11-08,1006.0,1,4310.0,Санкт-Петербург,Wildberries,Доставлен
506120,2024-06-25,1026.0,2,2230.0,Москва,Ozon,Доставлен
505786,2024-06-16,1007.0,1,1210.0,Санкт-Петербург,Wildberries,Доставлен
503748,2024-04-13,1016.0,1,2210.0,Москва,Ozon,Доставлен
509091,2024-09-16,1009.0,2,1600.0,Регионы,Wildberries,Возврат
509232,2024-09-20,1007.0,1,1310.0,Регионы,Ozon,Доставлен
500066,2024-01-03,1010.0,2,1120.0,Екатеринбург,Wildberries,Доставлен
504381,2024-05-01,1011.0,1,3370.0,Екатеринбург,Ozon,Доставлен
510988,2024-11-06,1026.0,1,2550.0,Екатеринбург,Wildberries,Доставлен
512412,2024-12-04,1007.0,1,1250.0,Регионы,Ozon,Доставлен
510431,2024-10-24,1008.0,1,4650.0,Москва,Wildberries,Доставлен
500846,2024-01-30,1015.0,1,2060.0,Регионы,Wildberries,Доставлен
506931,2024-07-21,1020.0,1,1580.0,Новосибирск,Ozon,Доставлен
513956,2024-12-29,1007.0,1,1140.0,Москва,Ozon,Возврат
512766,2024-12-09,1026.0,1,2260.0,Москва,Ozon,Доставлен
506164,2024-06-27,1012.0,1,2910.0,Москва,Wildberries,Доставлен
510649,2024-10-30,1009.0,1,1680.0,Санкт-Петербург,Ozon,Доставлен
507507,2024-08-07,1017.0,1,1550.0,Екатеринбург,Ozon,Доставлен
500806,2024-01-29,1008.0,1,4380.0,Санкт-Петербург,Ozon,Доставлен
511854,2024-11-23,1016.0,1,2530.0,Москва,Ozon,Доставлен
502757,2024-03-20,1002.0,1,3980.0,Регионы,Ozon,Доставлен
507590,2024-08-09,1015.0,1,2170.0,Москва,Wildberries,Отменён
511693,2024-11-20,1016.0,1,2250.0,Регионы,Ozon,Доставлен
512440,2024-12-04,1019.0,1,1990.0,Регионы,Wildberries,Отменён
502946,2024-03-24,1001.0,2,1210.0,Регионы,Ozon,Доставлен
508053,2024-08-21,1012.0,2,3310.0,Санкт-Петербург,Wildberries,Доставлен
504017,2024-04-20,1019.0,1,2320.0,Регионы,Wildberries,Возврат
512146,2024-11-29,1016.0,2,2500.0,Регионы,Ozon,Доставлен
504918,2024-05-18,1016.0,1,2510.0,Москва,Wildberries,Доставлен
502939,2024-03-23,1025.0,1,2950.0,Новосибирск,Ozon,Доставлен
508074,2024-08-21,,1,990.0,Москва,Ozon,Доставлен
505539,2024-06-08,1009.0,2,1790.0,Москва,Ozon,Доставлен
512480,2024-12-05,1008.0,1,4200.0,Санкт-Петербург,Wildberries,Доставлен
507870,2024-08-16,1017.0,1,1700.0,Екатеринбург,Wildberries,Доставлен
501663,2024-02-24,1003.0,2,3480.0,Регионы,Ozon,Доставлен
510873,2024-11-03,1026.0,1,2190.0,Екатеринбург,Wildberries,Доставлен
501185,2024-02-09,1020.0,1,1570.0,Новосибирск,Ozon,Возврат
503038,2024-03-25,1026.0,1,2640.0,Санкт-Петербург,Ozon,Доставлен
508428,2024-08-30,1014.0,2,2230.0,Регионы,Ozon,Доставлен
508358,2024-08-28,1020.0,1,1590.0,Санкт-Петербург,Ozon,Доставлен
512673,2024-12-08,1011.0,1,3290.0,Новосибирск,Ozon,Доставлен
503163,2024-03-28,1008.0,1,5040.0,Москва,Wildberries,Доставлен
507047,2024-07-25,1020.0,1,1440.0,Регионы,Wildberries,Доставлен
509573,2024-09-28,1019.0,1,2250.0,Екатеринбург,Wildberries,Отменён
504250,2024-04-27,1011.0,1,3700.0,Москва,Wildberries,Доставлен
508215,2024-08-25,1012.0,1,2810.0,Регионы,Wildberries,Доставлен
504837,2024-05-15,1023.0,1,1050.0,Москва,Ozon,Доставлен
500733,2024-01-26,1024.0,1,3420.0,Санкт-Петербург,Wildberries,Возврат
502416,2024-03-12,1016.0,1,2500.0,Санкт-Петербург,Wildberries,Доставлен
511212,2024-11-11,1019.0,1,2140.0,Москва,Wildberries,Доставлен
502554,2024-03-15,1007.0,1,1200.0,Москва,Wildberries,Доставлен
511478,2024-11-16,1017.0,1,1690.0,Москва,Wildberries,Доставлен
508675,2024-09-05,1016.0,1,2650.0,Регионы,Ozon,Доставлен
514057,2024-12-30,1021.0,1,1500.0,Регионы,Ozon,Доставлен
506838,2024-07-18,1018.0,2,780.0,Москва,Wildberries,Возврат
505464,2024-06-05,1015.0,1,2580.0,Новосибирск,Wildberries,Доставлен
509917,2024-10-08,1015.0,2,2540.0,Москва,Wildberries,Возврат
508745,2024-09-07,1006.0,1,4020.0,Санкт-Петербург,Wildberries,Доставлен
502655,2024-03-17,1021.0,1,1390.0,Новосибирск,Wildberries,Доставлен
505028,2024-05-22,1002.0,1,3810.0,Москва,Wildberries,Доставлен
508246,2024-08-26,1001.0,1,1120.0,Москва,Wildberries,Отменён
502039,2024-03-04,1025.0,2,2820.0,Санкт-Петербург,Wildberries,Доставлен
511013,2024-11-07,1015.0,1,2570.0,Регионы,Ozon,Доставлен
509890,2024-10-07,1018.0,1,700.0,Регионы,Ozon,Доставлен
506446,2024-07-06,1017.0,1,1590.0,Санкт-Петербург,Ozon,Доставлен
506327,2024-07-02,1019.0,2,2270.0,Екатеринбург,Ozon,Доставлен
501617,2024-02-22,1019.0,1,2130.0,Регионы,Ozon,Доставлен
512393,2024-12-03,1026.0,1,2440.0,Новосибирск,Ozon,Доставлен
507936,2024-08-18,1012.0,1,2750.0,Санкт-Петербург,Wildberries,Доставлен
510895,2024-11-04,1014.0,1,2590.0,Новосибирск,Wildberries,Доставлен
500540,2024-01-19,1018.0,2,730.0,Регионы,Ozon,Доставлен
505081,2024-05-24,1008.0,1,4460.0,Санкт-Петербург,Wildberries,Доставлен
512650,2024-12-08,1004.0,1,2770.0,Москва,Ozon,Доставлен
510435,2024-10-24,1010.0,1,1280.0,Регионы,Wildberries,Доставлен
509465,2024-09-25,1021.0,1,1420.0,Екатеринбург,Wildberries,Доставлен
508674,2024-09-05,1016.0,1,2600.0,Санкт-Петербург,Wildberries,Доставлен
502552,2024-03-15,1007.0,1,1170.0,Екатеринбург,Wildberries,Доставлен
509550,2024-09-28,1003.0,1,3210.0,Москва,Ozon,Доставлен
506040,2024-06-23,1008.0,1,4970.0,Санкт-Петербург,Wildberries,Возврат
501011,2024-02-04,1015.0,2,2360.0,Москва,Ozon,Доставлен
504908,2024-05-18,1012.0,2,3040.0,Москва,Ozon,Доставлен
502018,2024-03-04,1018.0,1,780.0,Регионы,Wildberries,Доставлен
504511,2024-05-05,1004.0,1,2430.0,Москва,Wildberries,Доставлен
505052,2024-05-23,1003.0,2,3400.0,Екатеринбург,Ozon,Доставлен
502071,2024-03-05,1013.0,1,2310.0,Москва,Ozon,Доставлен
512872,2024-12-11,1011.0,1,3310.0,Санкт-Петербург,Wildberries,Отменён
511195,2024-11-11,1009.0,2,1710.0,Санкт-Петербург,Wildberries,Возврат
501814,2024-02-29,1002.0,1,4100.0,Москва,Ozon,Доставлен
513053,2024-12-14,1009.0,1,1650.0,Санкт-Петербург,Wildberries,Доставлен
508186,2024-08-24,1020.0,1,1390.0,Регионы,Wildberries,Доставлен
514023,2024-12-30,1009.0,2,2020.0,Новосибирск,Wildberries,Доставлен
508947,2024-09-12,1017.0,2,1580.0,Москва,Ozon,Возврат
511317,2024-11-13,1014.0,1,2630.0,Регионы,Wildberries,Доставлен
508755,2024-09-07,1015.0,1,2550.0,Екатеринбург,Wildberries,Доставлен
501062,2024-02-06,1008.0,1,5020.0,Санкт-Петербург,Wildberries,Доставлен
513523,2024-12-22,1005.0,1,2800.0,Регионы,Ozon,Доставлен
512088,2024-11-28,1016.0,1,2450.0,Регионы,Wildberries,Доставлен
500452,2024-01-16,1026.0,1,2170.0,Регионы,Wildberries,Доставлен
512776,2024-12-10,1004.0,1,2630.0,Екатеринбург,Wildberries,Доставлен
511365,2024-11-14,1009.0,1,1990.0,Новосибирск,Ozon,Доставлен
512918,2024-12-11,1026.0,1,2620.0,Екатеринбург,Wildberries,Доставлен
508743,2024-09-07,1006.0,1,3900.0,Регионы,Wildberries,Доставлен
513581,2024-12-23,1005.0,1,2390.0,Регионы,Wildberries,Доставлен
502186,2024-03-07,1016.0,1,2490.0,Москва,Ozon,Доставлен
504808,2024-05-14,1014.0,2,2250.0,Екатеринбург,Wildberries,Доставлен
504472,2024-05-03,1022.0,2,1670.0,Санкт-Петербург,Ozon,Доставлен
503637,2024-04-10,1010.0,1,1150.0,Москва,Wildberries,Доставлен
505729,2024-06-14,1011.0,1,3410.0,Москва,Wildberries,Доставлен
503739,2024-04-13,1009.0,1,1690.0,Регионы,Wildberries,Доставлен
504095,2024-04-22,1024.0,1,3430.0,Регионы,Ozon,Доставлен
505267,2024-05-30,1010.0,1,1280.0,Регионы,Wildberries,Доставлен
500763,2024-01-27,1017.0,2,1490.0,Регионы,Wildberries,Доставлен
506772,2024-07-16,1022.0,1,1660.0,Москва,Wildberries,Доставлен
512411,2024-12-04,1007.0,1,1300.0,Новосибирск,Wildberries,Доставлен
511536,2024-11-17,1023.0,1,860.0,Санкт-Петербург,Ozon,Доставлен
513218,2024-12-17,1003.0,1,3300.0,Регионы,Ozon,Возврат
505906,2024-06-19,1003.0,1,3000.0,Москва,Wildberries,Доставлен
513089,2024-12-14,1026.0,1,2150.0,Екатеринбург,Wildberries,Доставлен
510678,2024-10-30,1026.0,2,2270.0,Екатеринбург,Wildberries,Доставлен
508733,2024-09-07,1002.0,1,3600.0,Москва,Ozon,Доставлен
508576,2024-09-03,1017.0,1,1400.0,Санкт-Петербург,Ozon,Возврат
504077,2024-04-22,1013.0,2,2330.0,Екатеринбург,Ozon,Доставлен
511338,2024-11-13,1023.0,1,880.0,Регионы,Wildberries,Доставлен
500126,2024-01-04,1025.0,1,3050.0,Москва,Ozon,Доставлен
506249,2024-06-30,1008.0,3,4550.0,Регионы,Wildberries,Доставлен
501067,2024-02-06,1014.0,1,2600.0,Регионы,Ozon,Доставлен
510663,2024-10-30,1018.0,1,830.0,Санкт-Петербург,Ozon,Доставлен
502860,2024-03-22,1013.0,1,2240.0,Москва,Wildberries,Возврат
507551,2024-08-08,1015.0,1,2430.0,Регионы,Ozon,Доставлен
510212,2024-10-17,1020.0,1,1530.0,Екатеринбург,Wildberries,Доставлен
512984,2024-12-13,1005.0,1,2570.0,Москва,Wildberries,Доставлен
500698,2024-01-25,1013.0,1,2270.0,Регионы,Wildberries,Доставлен
502587,2024-03-15,1026.0,1,2690.0,Москва,Wildberries,Доставлен
510634,2024-10-29,1020.0,1,1290.0,Москва,Wildberries,Доставлен
503849,2024-04-16,1003.0,1,3440.0,Санкт-Петербург,Wildberries,Возврат
504161,2024-04-24,1023.0,2,910.0,Санкт-Петербург,Wildberries,Доставлен
506373,2024-07-04,1008.0,1,4330.0,Москва,Ozon,Доставлен
503040,2024-03-26,1001.0,1,1310.0,Регионы,Wildberries,Отменён
512608,2024-12-07,1013.0,1,2410.0,Санкт-Петербург,Wildberries,Отменён
502569,2024-03-15,1016.0,1,2270.0,Регионы,Wildberries,Возврат
502967,2024-03-24,1011.0,1,3300.0,Екатеринбург,Ozon,Доставлен
507384,2024-08-03,1023.0,1,850.0,Санкт-Петербург,Wildberries,Доставлен
508359,2024-08-28,1020.0,1,1430.0,Регионы,Wildberries,Доставлен
511163,2024-11-10,1018.0,1,820.0,Москва,Wildberries,Отменён
513238,2024-12-17,1010.0,2,1310.0,Екатеринбург,Wildberries,Доставлен
503472,2024-04-04,1016.0,2,2350.0,Москва,Wildberries,Доставлен
509517,2024-09-27,1003.0,1,3350.0,Регионы,Wildberries,Доставлен
508122,2024-08-23,1002.0,1,3450.0,Москва,Wildberries,Доставлен
510858,2024-11-03,1019.0,2,2300.0,Екатеринбург,Ozon,Доставлен
506381,2024-07-04,1018.0,1,730.0,Санкт-Петербург,Wildberries,Доставлен
513012,2024-12-13,1016.0,1,2560.0,Регионы,Wildberries,Доставлен
508656,2024-09-05,1005.0,1,2480.0,Екатеринбург,Wildberries,Доставлен
507876,2024-08-16,1017.0,1,1550.0,Регионы,Wildberries,Доставлен
508876,2024-09-10,1020.0,1,1430.0,Регионы,Ozon,Отменён
502286,2024-03-09,1023.0,1,960.0,Екатеринбург,Wildberries,Доставлен
505950,2024-06-20,1013.0,2,2150.0,Санкт-Петербург,Wildberries,Доставлен
510850,2024-11-03,1012.0,1,2830.0,Регионы,Ozon,Доставлен
509156,2024-09-18,1004.0,1,2360.0,Москва,Wildberries,Доставлен
507405,2024-08-04,1019.0,2,2180.0,Санкт-Петербург,Wildberries,Доставлен
508500,2024-09-01,1010.0,2,1350.0,Екатеринбург,Ozon,Доставлен
511340,2024-11-13,1024.0,2,3210.0,Санкт-Петербург,Ozon,Доставлен
511819,2024-11-23,1001.0,1,1150.0,Регионы,Ozon,Доставлен
507611,2024-08-09,1023.0,1,880.0,Регионы,Wildberries,Доставлен
509170,2024-09-18,1013.0,1,2570.0,Екатеринбург,Wildberries,Доставлен
500299,2024-01-10,1024.0,2,3160.0,Екатеринбург,Wildberries,Доставлен
505034,2024-05-22,1011.0,1,3760.0,Регионы,Wildberries,Доставлен
510709,2024-10-31,1023.0,1,920.0,Екатеринбург,Ozon,Доставлен
503863,2024-04-16,1016.0,1,2380.0,Регионы,Ozon,Доставлен
512878,2024-12-11,1014.0,1,2210.0,Екатеринбург,Wildberries,Доставлен
505829,2024-06-17,1006.0,3,3770.0,Регионы,Wildberries,Доставлен
508870,2024-09-10,1018.0,1,760.0,Москва,Wildberries,Доставлен
505273,2024-05-30,1013.0,2,2400.0,Санкт-Петербург,Ozon,Доставлен
510256,2024-10-18,1021.0,1,1470.0,Екатеринбург,Wildberries,Доставлен
504675,2024-05-10,1009.0,1,1790.0,Новосибирск,Ozon,Доставлен
508108,2024-08-22,1020.0,1,1420.0,Москва,Wildberries,Доставлен
502243,2024-03-08,1023.0,1,950.0,Москва,Ozon,Доставлен
503179,2024-03-28,1019.0,2,2140.0,Санкт-Петербург,Wildberries,Отменён
505054,2024-05-23,1007.0,1,1070.0,Регионы,Wildberries,Отменён
502769,2024-03-20,1007.0,1,1300.0,Москва,Wildberries,Доставлен
508065,2024-08-21,1020.0,1,1480.0,Москва,Ozon,Доставлен
502695,2024-03-18,1020.0,1,1370.0,Санкт-Петербург,Wildberries,Доставлен
507460,2024-08-06,1005.0,1,2460.0,Санкт-Петербург,Wildberries,Доставлен
508250,2024-08-26,1004.0,1,2270.0,Санкт-Петербург,Wildberries,Доставлен
501544,2024-02-20,1019.0,1,2300.0,Санкт-Петербург,Ozon,Доставлен
513863,2024-12-27,1026.0,1,2510.0,Санкт-Петербург,Wildberries,Доставлен
503909,2024-04-18,1002.0,1,4160.0,Регионы,Ozon,Доставлен
513991,2024-12-29,1024.0,1,3380.0,Москва,Wildberries,Доставлен
509790,2024-10-04,1012.0,1,2990.0,Екатеринбург,Wildberries,Доставлен
510961,2024-11-06,1008.0,1,4640.0,Регионы,Wildberries,Доставлен
511510,2024-11-17,1010.0,1,1120.0,Москва,Wildberries,Доставлен
512190,2024-11-30,1018.0,1,720.0,Санкт-Петербург,Wildberries,Возврат
505646,2024-06-11,1015.0,1,2550.0,Москва,Wildberries,Возврат
508512,2024-09-01,1019.0,1,2050.0,Регионы,Wildberries,Доставлен
507522,2024-08-07,1026.0,1,2420.0,Регионы,Wildberries,Доставлен
508173,2024-08-24,1013.0,1,2260.0,Москва,Wildberries,Доставлен
512863,2024-12-11,1008.0,1,4470.0,Москва,Wildberries,Доставлен
501253,2024-02-11,1015.0,1,2190.0,Москва,Wildberries,Доставлен
509425,2024-09-24,1020.0,1,1320.0,Москва,Wildberries,Доставлен
512019,2024-11-27,1007.0,1,1080.0,Москва,Ozon,Доставлен
501390,2024-02-15,1017.0,2,1460.0,Регионы,Wildberries,Отменён
508493,2024-09-01,1005.0,1,2820.0,Санкт-Петербург,Ozon,Доставлен
510026,2024-10-12,1001.0,1,1120.0,Санкт-Петербург,Ozon,Доставлен
512154,2024-11-29,1019.0,1,2380.0,Москва,Wildberries,Доставлен
504363,2024-04-30,1021.0,1,1420.0,Санкт-Петербург,Wildberries,Доставлен
508560,2024-09-03,1005.0,1,2310.0,Новосибирск,Ozon,Доставлен
506539,2024-07-09,1013.0,1,2350.0,Екатеринбург,Ozon,Возврат
503829,2024-04-15,1017.0,1,1460.0,Москва,Wildberries,Возврат
512787,2024-12-10,1007.0,1,1150.0,Москва,Wildberries,Отменён
506564,2024-07-10,1008.0,2,4970.0,Москва,Wildberries,Доставлен
506686,2024-07-13,1026.0,1,2570.0,Москва,Wildberries,Доставлен
508056,2024-08-21,1015.0,1,2080.0,Москва,Ozon,Отменён
509871,2024-10-07,1002.0,1,4020.0,Новосибирск,Ozon,Доставлен
507536,2024-08-08,1006.0,1,4070.0,Москва,Wildberries,Доставлен
513641,2024-12-24,1005.0,1,2820.0,Регионы,Wildberries,Возврат
503029,2024-03-25,1024.0,1,3710.0,Регионы,Wildberries,Отменён
505885,2024-06-18,1018.0,1,870.0,Москва,Wildberries,Возврат
506526,2024-07-09,1001.0,1,1320.0,Москва,Wildberries,Доставлен
505680,2024-06-12,1020.0,1,1440.0,Регионы,Ozon,Доставлен
510440,2024-10-24,1014.0,1,2190.0,Москва,Wildberries,Возврат
500702,2024-01-25,1019.0,1,2320.0,Москва,Wildberries,Доставлен
512421,2024-12-04,1009.0,1,1890.0,Регионы,Wildberries,Доставлен
505720,2024-06-13,1026.0,1,2510.0,Екатеринбург,Ozon,Доставлен
512988,2024-12-13,1008.0,2,4020.0,Москва,Ozon,Доставлен
504135,2024-04-23,1026.0,1,2530.0,Москва,Ozon,Доставлен
512177,2024-11-30,1007.0,1,1230.0,Санкт-Петербург,Wildberries,Доставлен
502353,2024-03-11,1011.0,1,3390.0,Москва,Ozon,Доставлен
507114,2024-07-27,1019.0,1,2400.0,Регионы,Ozon,Доставлен
500695,2024-01-25,1009.0,1,1810.0,Регионы,Wildberries,Доставлен
505540,2024-06-08,1009.0,1,1750.0,Новосибирск,Wildberries,Доставлен
505276,2024-05-30,1016.0,1,2630.0,Санкт-Петербург,Ozon,Доставлен
502128,2024-03-06,1016.0,2,2370.0,Екатеринбург,Ozon,Доставлен
502873,2024-03-22,1017.0,1,1540.0,Екатеринбург,Wildberries,Отменён
513022,2024-12-13,1020.0,1,1550.0,Регионы,Wildberries,Доставлен
501490,2024-02-18,1025.0,1,3000.0,Регионы,Ozon,Доставлен
501527,2024-02-20,1008.0,1,4940.0,Регионы,Wildberries,Доставлен
502302,2024-03-10,1005.0,1,2760.0,Санкт-Петербург,Wildberries,Доставлен
501135,2024-02-08,1011.0,1,3990.0,Санкт-Петербург,Ozon,Доставлен
512845,2024-12-11,1003.0,1,2980.0,Москва,Wildberries,Доставлен
502451,2024-03-13,1005.0,1,2390.0,Москва,Wildberries,Доставлен
502887,2024-03-22,1023.0,1,940.0,Москва,Wildberries,Отменён
511910,2024-11-24,1015.0,1,2470.0,Регионы,Wildberries,Доставлен
509109,2024-09-16,1019.0,2,2030.0,Регионы,Ozon,Доставлен
500405,2024-01-15,1003.0,1,3200.0,Регионы,Wildberries,Доставлен
509261,2024-09-21,1001.0,2,1280.0,Екатеринбург,Wildberries,Доставлен
511398,2024-11-15,1001.0,2,1380.0,Екатеринбург,Ozon,Доставлен
513954,2024-12-29,1006.0,1,4170.0,Регионы,Wildberries,Доставлен
500691,2024-01-25,1007.0,1,1080.0,Новосибирск,Wildberries,Доставлен
504500,2024-05-04,1016.0,1,2530.0,Регионы,Wildberries,Доставлен
506898,2024-07-20,1018.0,1,760.0,Москва,Wildberries,Возврат
506999,2024-07-24,1001.0,2,1160.0,Регионы,Wildberries,Доставлен
512112,2024-11-29,1003.0,2,3700.0,Санкт-Петербург,Ozon,Доставлен
508439,2024-08-30,1021.0,1,1510.0,Санкт-Петербург,Wildberries,Доставлен
512081,2024-11-28,1012.0,1,2740.0,Москва,Wildberries,Доставлен
510970,2024-11-06,1012.0,1,2890.0,Регионы,Wildberries,Доставлен
510035,2024-10-12,1008.0,2,4680.0,Регионы,Ozon,Доставлен
503293,2024-03-30,1024.0,1,2990.0,Регионы,Ozon,Доставлен
507651,2024-08-11,1003.0,1,3020.0,Регионы,Ozon,Доставлен
510123,2024-10-15,1005.0,1,2220.0,Москва,Ozon,Доставлен
508102,2024-08-22,1016.0,1,2670.0,Санкт-Петербург,Ozon,Отменён
510690,2024-10-31,1012.0,1,3110.0,Москва,Ozon,Доставлен
501111,2024-02-07,1016.0,1,2220.0,Москва,Ozon,Доставлен
504410,2024-05-02,1004.0,1,2850.0,Новосибирск,Ozon,Доставлен
501845,2024-03-01,1002.0,1,3580.0,Санкт-Петербург,Ozon,Доставлен
514006,2024-12-30,1006.0,2,4310.0,Регионы,Wildberries,Отменён
508266,2024-08-26,1012.0,1,2760.0,Регионы,Wildberries,Доставлен
500356,2024-01-12,1026.0,1,2200.0,Москва,Wildberries,Возврат
510620,2024-10-29,1007.0,2,1310.0,Москва,Ozon,Доставлен
508519,2024-09-02,1001.0,1,1120.0,Регионы,Wildberries,Возврат
503121,2024-03-27,1012.0,2,3010.0,Санкт-Петербург,Ozon,Доставлен
501430,2024-02-16,1024.0,1,3570.0,Санкт-Петербург,Wildberries,Доставлен
513583,2024-12-23,1005.0,1,2360.0,Санкт-Петербург,Wildberries,Доставлен
502257,2024-03-09,1001.0,1,1280.0,Санкт-Петербург,Wildberries,Возврат
503751,2024-04-13,1018.0,2,760.0,Санкт-Петербург,Wildberries,Доставлен
500918,2024-02-02,1005.0,1,2520.0,Санкт-Петербург,Ozon,Доставлен
510007,2024-10-11,1011.0,1,4000.0,Регионы,Ozon,Возврат
513763,2024-12-26,1008.0,1,4340.0,Москва,Wildberries,Доставлен
502709,2024-03-18,1026.0,2,2340.0,Регионы,Ozon,Доставлен
502903,2024-03-23,1002.0,1,4040.0,Москва,Wildberries,Доставлен
512932,2024-12-12,1008.0,1,4370.0,Москва,Wildberries,Доставлен
505728,2024-06-14,1010.0,1,1230.0,Москва,Wildberries,Доставлен
506096,2024-06-25,1003.0,2,3000.0,Новосибирск,Ozon,Доставлен
500623,2024-01-22,1016.0,2,2580.0,Екатеринбург,Ozon,Доставлен
507628,2024-08-10,1009.0,1,1870.0,Санкт-Петербург,Wildberries,Возврат
501626,2024-02-22,1025.0,1,3010.0,Москва,Wildberries,Доставлен
509406,2024-09-24,1010.0,1,1120.0,Регионы,Wildberries,Возврат
505206,2024-05-28,1008.0,1,4030.0,Екатеринбург,Ozon,Доставлен
507053,2024-07-25,1026.0,1,2620.0,Екатеринбург,Ozon,Доставлен
504604,2024-05-07,1022.0,1,1410.0,Москва,Ozon,Доставлен
504467,2024-05-03,1019.0,1,2150.0,Регионы,Ozon,Доставлен
504166,2024-04-25,1001.0,1,1180.0,Москва,Ozon,Возврат
512865,2024-12-11,1009.0,2,1850.0,Санкт-Петербург,Wildberries,Доставлен
505639,2024-06-11,1011.0,2,3450.0,Новосибирск,Wildberries,Возврат
510307,2024-10-20,1007.0,1,1190.0,Регионы,Wildberries,Доставлен
504746,2024-05-12,1014.0,1,2400.0,Москва,Ozon,Доставлен
510752,2024-11-01,1014.0,1,2720.0,Регионы,Wildberries,Возврат
513640,2024-12-24,1005.0,1,2750.0,Новосибирск,Ozon,Доставлен
500124,2024-01-04,1023.0,2,880.0,Санкт-Петербург,Ozon,Возврат
506257,2024-06-30,1014.0,2,2470.0,Санкт-Петербург,Wildberries,Доставлен
500475,2024-01-17,1024.0,1,3710.0,Санкт-Петербург,Wildberries,Отменён
510322,2024-10-20,1017.0,1,1580.0,Москва,Ozon,Доставлен
508641,2024-09-04,1025.0,1,3160.0,Москва,Ozon,Доставлен
512846,2024-12-11,1003.0,1,3560.0,Регионы,Wildberries,Доставлен
508542,2024-09-02,1019.0,1,2280.0,Санкт-Петербург,Wildberries,Доставлен
509083,2024-09-16,1003.0,1,3310.0,Регионы,Ozon,Доставлен
502917,2024-03-23,1011.0,2,3580.0,Новосибирск,Ozon,Доставлен
508939,2024-09-12,1013.0,1,2110.0,Новосибирск,Ozon,Доставлен
505637,2024-06-11,1010.0,2,1320.0,Санкт-Петербург,Wildberries,Доставлен
502707,2024-03-18,1025.0,1,2650.0,Москва,Wildberries,Доставлен
506814,2024-07-17,1025.0,1,2550.0,Санкт-Петербург,Wildberries,Доставлен
511827,2024-11-23,1007.0,1,1220.0,Москва,Wildberries,Доставлен
504723,2024-05-11,1019.0,1,2300.0,Екатеринбург,Wildberries,Возврат
504244,2024-04-27,1008.0,1,4440.0,Москва,Ozon,Доставлен
502703,2024-03-18,1024.0,1,3110.0,Регионы,Wildberries,Доставлен
500080,2024-01-03,1019.0,1,2090.0,Регионы,Ozon,Доставлен
512132,2024-11-29,1010.0,1,1330.0,Регионы,Ozon,Возврат
509075,2024-09-15,1024.0,1,3500.0,Регионы,Ozon,Доставлен
504599,2024-05-07,1020.0,1,1460.0,Санкт-Петербург,Ozon,Доставлен
506668,2024-07-13,1011.0,-2,3420.0,Регионы,Wildberries,Возврат
500013,2024-01-01,1008.0,1,4650.0,Санкт-Петербург,Wildberries,Доставлен
509844,2024-10-06,1006.0,1,4220.0,Санкт-Петербург,Wildberries,Доставлен
510160,2024-10-16,1006.0,1,3850.0,Екатеринбург,Ozon,Доставлен
503200,2024-03-29,1001.0,1,1260.0,Москва,Wildberries,Доставлен
512471,2024-12-05,1004.0,1,2730.0,Новосибирск,Ozon,Доставлен
511316,2024-11-13,1014.0,1,2580.0,Москва,Wildberries,Доставлен
507340,2024-08-03,1001.0,1,1340.0,Регионы,Wildberries,Доставлен
511519,2024-11-17,1016.0,1,2210.0,Санкт-Петербург,Ozon,Доставлен
506137,2024-06-26,1017.0,2,1610.0,Регионы,Wildberries,Отменён
514100,2024-12-31,1013.0,1,2630.0,Регионы,Wildberries,Доставлен
500663,2024-01-24,1007.0,1,1100.0,Москва,Ozon,Доставлен
511164,2024-11-10,1019.0,2,2200.0,Регионы,Ozon,Доставлен
510868,2024-11-03,1024.0,2,3070.0,Регионы,Ozon,Доставлен
502589,2024-03-15,1026.0,1,2440.0,Москва,Ozon,Доставлен
503273,2024-03-30,1014.0,1,2570.0,Москва,Wildberries,Доставлен
511973,2024-11-26,1003.0,1,3730.0,Санкт-Петербург,Ozon,Доставлен
500589,2024-01-21,1011.0,1,3170.0,Санкт-Петербург,Ozon,Доставлен
507319,2024-08-02,1018.0,1,750.0,Санкт-Петербург,Wildberries,Доставлен
503420,2024-04-02,1025.0,1,2940.0,Екатеринбург,Ozon,Доставлен
508265,2024-08-26,1012.0,1,2670.0,Москва,Wildberries,Доставлен
508161,2024-08-24,1008.0,1,4750.0,Москва,Wildberries,Возврат
505898,2024-06-18,1023.0,1,830.0,Москва,Wildberries,Доставлен
506963,2024-07-22,1016.0,2,2310.0,Москва,Wildberries,Доставлен
502096,2024-03-06,1003.0,1,3540.0,Новосибирск,Wildberries,Доставлен
503183,2024-03-28,1020.0,1,1320.0,Санкт-Петербург,Ozon,Доставлен
508468,2024-08-31,1018.0,1,750.0,Регионы,Wildberries,Доставлен
508780,2024-09-08,1001.0,1,1300.0,Регионы,Ozon,Отменён
500211,2024-01-07,1017.0,1,1450.0,Регионы,Wildberries,Возврат
500090,2024-01-03,1025.0,1,2590.0,Екатеринбург,Ozon,Возврат
507587,2024-08-09,1013.0,1,2310.0,Санкт-Петербург,Ozon,Доставлен
510580,2024-10-28,1005.0,3,2730.0,Екатеринбург,Wildberries,Доставлен
510333,2024-10-21,1002.0,1,4100.0,Екатеринбург,Ozon,Доставлен
500963,2024-02-03,1015.0,1,2540.0,Москва,Ozon,Доставлен
508909,2024-09-11,1014.0,1,2410.0,Регионы,Wildberries,Доставлен
502996,2024-03-25,1003.0,1,3270.0,Екатеринбург,Ozon,Доставлен
508871,2024-09-10,1019.0,2,2060.0,Москва,Wildberries,Доставлен
511010,2024-11-07,1014.0,3,2630.0,Санкт-Петербург,Ozon,Доставлен
506538,2024-07-09,1010.0,1,1300.0,Регионы,Wildberries,Отменён
509164,2024-09-18,1009.0,1,1720.0,Регионы,Wildberries,Доставлен
502421,2024-03-12,1018.0,2,730.0,Регионы,Wildberries,Доставлен
501779,2024-02-27,1020.0,1,1320.0,Москва,Wildberries,Доставлен
510921,2024-11-05,1010.0,1,1260.0,Санкт-Петербург,Wildberries,Доставлен
503676,2024-04-11,1011.0,1,3350.0,Регионы,Ozon,Доставлен
512058,2024-11-28,1004.0,1,2730.0,Москва,Ozon,Доставлен
506197,2024-06-28,1017.0,1,1490.0,Москва,Wildberries,Доставлен
510201,2024-10-17,1012.0,1,2650.0,Москва,Wildberries,Доставлен
504348,2024-04-30,1002.0,1,4140.0,Москва,Ozon,Доставлен
502647,2024-03-17,1016.0,1,2430.0,Санкт-Петербург,Ozon,Доставлен
506328,2024-07-02,1020.0,1,1580.0,Санкт-Петербург,Ozon,Доставлен
505768,2024-06-15,1015.0,1,2380.0,Санкт-Петербург,Wildberries,Доставлен
500779,2024-01-28,1005.0,2,2560.0,Санкт-Петербург,Ozon,Доставлен
513649,2024-12-24,1008.0,1,4800.0,Новосибирск,Wildberries,Доставлен
513429,2024-12-20,1015.0,1,2350.0,Санкт-Петербург,Ozon,Доставлен
513665,2024-12-24,1015.0,1,2120.0,Москва,Wildberries,Возврат
508769,2024-09-07,1022.0,1,1620.0,Санкт-Петербург,Wildberries,Доставлен
503894,2024-04-17,1015.0,1,2580.0,Регионы,Ozon,Доставлен
503323,2024-03-31,1012.0,1,3260.0,Москва,Wildberries,Доставлен
508787,2024-09-08,1003.0,1,3570.0,Москва,Ozon,Доставлен
510539,2024-10-27,1002.0,2,3840.0,Москва,Wildberries,Доставлен
514058,2024-12-30,1021.0,2,1550.0,Москва,Wildberries,Возврат
500361,2024-01-13,1009.0,1,1950.0,Екатеринбург,Wildberries,Доставлен
507071,2024-07-26,1011.0,1,4000.0,Новосибирск,Ozon,Доставлен
508738,2024-09-07,1004.0,1,2770.0,Санкт-Петербург,Wildberries,Доставлен
510660,2024-10-30,1017.0,1,1510.0,Новосибирск,Wildberries,Доставлен
513684,2024-12-24,1023.0,2,960.0,Москва,Ozon,Отменён
501924,2024-03-02,1015.0,2,2500.0,Санкт-Петербург,Wildberries,Возврат
503507,2024-04-06,1006.0,1,4010.0,Новосибирск,Ozon,Доставлен
506707,2024-07-14,1020.0,1,1450.0,Регионы,Ozon,Доставлен
506817,2024-07-18,1001.0,1,1170.0,Регионы,Ozon,Доставлен
508400,2024-08-29,1026.0,1,2520.0,Москва,Ozon,Доставлен
506670,2024-07-13,1015.0,1,2540.0,Регионы,Ozon,Возврат
506175,2024-06-27,1023.0,1,840.0,Екатеринбург,Ozon,Доставлен
505748,2024-06-15,1003.0,1,3030.0,Регионы,Wildberries,Доставлен
507827,2024-08-15,1016.0,1,2630.0,Санкт-Петербург,Wildberries,Доставлен
510231,2024-10-18,1009.0,1,1900.0,Регионы,Wildberries,Доставлен
512616,2024-12-07,1019.0,1,2500.0,Регионы,Wildberries,Доставлен
506155,2024-06-26,1026.0,1,2530.0,Регионы,Wildberries,Доставлен
512053,2024-11-27,1026.0,1,2450.0,Москва,Wildberries,Доставлен
508910,2024-09-11,1014.0,1,2650.0,Регионы,Wildberries,Доставлен
508517,2024-09-01,1025.0,1,3070.0,Екатеринбург,Wildberries,Доставлен
504971,2024-05-20,1007.0,3,1130.0,Регионы,Wildberries,Доставлен
512888,2024-12-11,1017.0,1,1660.0,Регионы,Ozon,Доставлен
512505,2024-12-05,1018.0,1,830.0,Санкт-Петербург,Wildberries,Доставлен
512497,2024-12-05,1014.0,1,2500.0,Регионы,Wildberries,Доставлен
500375,2024-01-13,1023.0,1,1040.0,Москва,Wildberries,Отменён
502457,2024-03-13,1010.0,1,1120.0,Екатеринбург,Wildberries,Отменён
508471,2024-08-31,1018.0,1,710.0,Новосибирск,Ozon,Возврат
506220,2024-06-29,1008.0,1,4440.0,Регионы,Wildberries,Доставлен
513047,2024-12-14,1008.0,1,4310.0,Москва,Ozon,Доставлен
506568,2024-07-10,1011.0,1,3340.0,Регионы,Wildberries,Доставлен
512034,2024-11-27,1014.0,1,2330.0,Москва,Ozon,Доставлен
502558,2024-03-15,1010.0,1,1140.0,Регионы,Wildberries,Доставлен
511217,2024-11-11,1023.0,1,840.0,Регионы,Wildberries,Доставлен
507268,2024-08-01,1009.0,2,1730.0,Москва,Wildberries,Доставлен
506552,2024-07-09,1021.0,1,1670.0,Регионы,Wildberries,Доставлен
508151,2024-08-23,1023.0,1,1010.0,Регионы,Ozon,Доставлен
513746,2024-12-25,1025.0,2,2550.0,Москва,Ozon,Доставлен
501292,2024-02-12,1014.0,1,2380.0,Санкт-Петербург,Ozon,Доставлен
512309,2024-12-02,1014.0,1,2460.0,Москва,Ozon,Возврат
510226,2024-10-18,1007.0,1,1260.0,Екатеринбург,Wildberries,Доставлен
505813,2024-06-16,1022.0,1,1420.0,Регионы,Ozon,Доставлен
508620,2024-09-04,1014.0,1,2140.0,Регионы,Wildberries,Доставлен
513091,2024-12-14,1026.0,1,2280.0,Екатеринбург,Ozon,Возврат
513389,2024-12-19,1022.0,1,1480.0,Екатеринбург,Ozon,Доставлен
504759,2024-05-12,1023.0,1,1060.0,Регионы,Ozon,Доставлен
504310,2024-04-29,1002.0,1,4140.0,Москва,Ozon,Возврат
509639,2024-09-30,1005.0,1,2580.0,Санкт-Петербург,Ozon,Доставлен
501004,2024-02-04,1013.0,1,2410.0,Новосибирск,Ozon,Доставлен
503198,2024-03-28,1026.0,1,2570.0,Екатеринбург,Wildberries,Возврат
506857,2024-07-19,1011.0,1,3680.0,Москва,Wildberries,Отменён
503680,2024-04-11,1014.0,1,2360.0,Регионы,Ozon,Доставлен
506108,2024-06-25,1017.0,1,1720.0,Москва,Wildberries,Отменён
500150,2024-01-05,1017.0,1,1650.0,Екатеринбург,Ozon,Доставлен
508721,2024-09-06,1022.0,1,1550.0,Москва,Ozon,Доставлен
505446,2024-06-05,1001.0,1,1300.0,Санкт-Петербург,Wildberries,Доставлен
506135,2024-06-26,1015.0,1,2520.0,Регионы,Wildberries,Возврат
506350,2024-07-03,1014.0,1,2730.0,Москва,Wildberries,Возврат
500563,2024-01-20,1013.0,2,2440.0,Санкт-Петербург,Wildberries,Доставлен
512555,2024-12-06,1019.0,1,2270.0,Санкт-Петербург,Ozon,Доставлен
503449,2024-04-03,1021.0,1,1520.0,Санкт-Петербург,Ozon,Доставлен
502805,2024-03-21,1010.0,2,1250.0,Екатеринбург,Ozon,Доставлен
506896,2024-07-20,1017.0,1,1590.0,Регионы,Ozon,Доставлен
502706,2024-03-18,1025.0,1,2800.0,Москва,Wildberries,Доставлен
512002,2024-11-26,1024.0,1,3600.0,Екатеринбург,Wildberries,Доставлен
504561,2024-05-06,1015.0,1,2160.0,Москва,Wildberries,Доставлен
509732,2024-10-02,1014.0,1,2640.0,Санкт-Петербург,Wildberries,Доставлен
503385,2024-04-01,1023.0,1,850.0,Москва,Wildberries,Отменён
511792,2024-11-22,1014.0,1,2420.0,Санкт-Петербург,Wildberries,Доставлен
513176,2024-12-16,1007.0,2,1090.0,Москва,Wildberries,Доставлен
501819,2024-02-29,1004.0,1,2450.0,Москва,Wildberries,Возврат
506752,2024-07-16,1006.0,1,4030.0,Регионы,Wildberries,Доставлен
504438,2024-05-02,1021.0,1,1370.0,Регионы,Wildberries,Доставлен
505451,2024-06-05,1004.0,1,2290.0,Регионы,Ozon,Доставлен
505642,2024-06-11,1013.0,1,2280.0,Регионы,Ozon,Доставлен
511469,2024-11-16,1011.0,2,3530.0,Санкт-Петербург,Wildberries,Доставлен
501833,2024-02-29,1020.0,1,1380.0,Регионы,Ozon,Доставлен
505174,2024-05-27,1008.0,1,4860.0,Москва,Ozon,Отменён
500421,2024-01-15,1021.0,1,1720.0,Москва,Wildberries,Доставлен
504336,2024-04-29,1022.0,2,1690.0,Новосибирск,Wildberries,Доставлен
504440,2024-05-02,1022.0,1,1720.0,Санкт-Петербург,Ozon,Доставлен
504282,2024-04-28,1006.0,1,3860.0,Санкт-Петербург,Wildberries,Доставлен
500739,2024-01-27,1001.0,1,1290.0,Санкт-Петербург,Wildberries,Доставлен
504362,2024-04-30,1020.0,2,1590.0,Москва,Wildberries,Отменён
508124,2024-08-23,1004.0,1,2370.0,Новосибирск,Wildberries,Доставлен
507984,2024-08-19,1018.0,2,720.0,Москва,Wildberries,Доставлен
501350,2024-02-14,1012.0,1,2990.0,Регионы,Ozon,Возврат
510572,2024-10-27,1026.0,1,2440.0,Регионы,Ozon,Доставлен
512108,2024-11-29,1001.0,1,1210.0,Санкт-Петербург,Wildberries,Доставлен
500082,2024-01-03,1021.0,2,1540.0,Регионы,Wildberries,Возврат
507521,2024-08-07,1025.0,1,2850.0,Екатеринбург,Ozon,Доставлен
506274,2024-07-01,1007.0,1,1150.0,Регионы,Wildberries,Доставлен
510897,2024-11-04,1018.0,1,690.0,Регионы,Ozon,Доставлен
506655,2024-07-12,1026.0,1,2620.0,Новосибирск,Wildberries,Доставлен
506034,2024-06-23,1005.0,1,2360.0,Москва,Wildberries,Доставлен
503134,2024-03-27,1020.0,1,1480.0,Регионы,Wildberries,Возврат
504475,2024-05-03,1026.0,1,2570.0,Санкт-Петербург,Wildberries,Доставлен
512524,2024-12-06,1004.0,1,2350.0,Москва,Wildberries,Доставлен
507088,2024-07-27,1001.0,1,1210.0,Санкт-Петербург,Ozon,Доставлен
509450,2024-09-25,1007.0,1,1290.0,Санкт-Петербург,Ozon,Доставлен
504702,2024-05-11,1002.0,2,3990.0,Москва,Wildberries,Доставлен
510588,2024-10-28,1009.0,1,1630.0,Екатеринбург,Wildberries,Доставлен
502942,2024-03-23,1026.0,2,2690.0,Москва,Wildberries,Возврат
511599,2024-11-19,1003.0,1,3260.0,Москва,Wildberries,Доставлен
507609,2024-08-09,1022.0,1,1530.0,Москва,Wildberries,Отменён
512436,2024-12-04,1017.0,1,1480.0,Москва,Wildberries,Возврат
511315,2024-11-13,1012.0,1,2650.0,Регионы,Wildberries,Доставлен
511871,2024-11-23,1026.0,1,2260.0,Регионы,Wildberries,Доставлен
503539,2024-04-07,1010.0,1,1080.0,Москва,Ozon,Доставлен
504409,2024-05-02,1003.0,1,3210.0,Москва,Wildberries,Доставлен
506650,2024-07-12,1018.0,1,720.0,Санкт-Петербург,Wildberries,Доставлен
501594,2024-02-22,1002.0,1,4160.0,Регионы,Wildberries,Доставлен
512709,2024-12-08,1023.0,1,950.0,Москва,Ozon,Доставлен
500414,2024-01-15,1012.0,2,2670.0,Новосибирск,Wildberries,Доставлен
502411,2024-03-12,1012.0,2,3210.0,Регионы,Wildberries,Доставлен
509841,2024-10-06,1004.0,1,2770.0,Москва,Wildberries,Возврат
509929,2024-10-08,1024.0,1,3090.0,Регионы,Wildberries,Доставлен
511488,2024-11-16,1025.0,1,3220.0,Регионы,Ozon,Доставлен
506248,2024-06-30,1008.0,1,4990.0,Санкт-Петербург,Wildberries,Доставлен
506906,2024-07-20,1021.0,1,1630.0,Регионы,Ozon,Доставлен
502614,2024-03-16,1020.0,1,1520.0,Москва,Wildberries,Доставлен
511382,2024-11-14,1019.0,2,2150.0,Москва,Wildberries,Возврат
500221,2024-01-07,1025.0,1,3200.0,Москва,Wildberries,Доставлен
501897,2024-03-02,1001.0,1,1340.0,Москва,Wildberries,Доставлен
508244,2024-08-25,1024.0,2,3590.0,Санкт-Петербург,Wildberries,Доставлен
509868,2024-10-07,1001.0,1,1290.0,Москва,Ozon,Доставлен
504450,2024-05-03,1002.0,1,3930.0,Москва,Wildberries,Доставлен
501376,2024-02-15,1008.0,1,4270.0,Екатеринбург,Wildberries,Доставлен
504864,2024-05-17,1001.0,1,1230.0,Новосибирск,Ozon,Доставлен
512236,2024-12-01,1009.0,1,1890.0,Регионы,Wildberries,Доставлен
506461,2024-07-06,1023.0,1,910.0,Москва,Wildberries,Доставлен
511003,2024-11-07,1008.0,1,4590.0,Санкт-Петербург,Ozon,Отменён
505210,2024-05-28,1012.0,1,2900.0,Регионы,Wildberries,Доставлен
513262,2024-12-17,1019.0,2,2500.0,Москва,Ozon,Доставлен
505292,2024-05-31,1001.0,1,1120.0,Регионы,Wildberries,Доставлен
503867,2024-04-16,1018.0,2,750.0,Санкт-Петербург,Ozon,Доставлен
513348,2024-12-19,1002.0,1,3800.0,Санкт-Петербург,Ozon,Доставлен
502533,2024-03-14,1025.0,2,2650.0,Регионы,Wildberries,Доставлен
513868,2024-12-28,1001.0,1,1400.0,Регионы,Wildberries,Возврат
504778,2024-05-13,1009.0,1,1920.0,Москва,Ozon,Доставлен
511584,2024-11-18,1020.0,1,1480.0,Санкт-Петербург,Wildberries,Доставлен
509869,2024-10-07,1001.0,1,1310.0,Регионы,Ozon,Доставлен
506581,2024-07-10,1025.0,1,2780.0,Москва,Wildberries,Доставлен
507035,2024-07-25,1013.0,1,2440.0,Екатеринбург,Ozon,Доставлен
512047,2024-11-27,1021.0,1,1610.0,Санкт-Петербург,Ozon,Доставлен
506891,2024-07-20,1012.0,1,2690.0,Регионы,Wildberries,Доставлен
510072,2024-10-13,1013.0,2,2500.0,Регионы,Wildberries,Доставлен
508616,2024-09-04,1013.0,1,2120.0,Регионы,Wildberries,Доставлен
512511,2024-12-05,1023.0,1,920.0,Санкт-Петербург,Ozon,Отменён
504478,2024-05-04,1002.0,1,4120.0,Регионы,Wildberries,Доставлен
512923,2024-12-12,1004.0,1,2600.0,Москва,Wildberries,Доставлен
513651,2024-12-24,1009.0,1,1760.0,Новосибирск,Wildberries,Доставлен
513968,2024-12-29,1011.0,1,3740.0,Новосибирск,Ozon,Возврат
501141,2024-02-08,1016.0,1,2650.0,Новосибирск,Wildberries,Доставлен
503394,2024-04-02,1003.0,1,3470.0,Москва,Wildberries,Доставлен
512278,2024-12-02,1003.0,1,3180.0,Москва,Wildberries,Доставлен
511727,2024-11-21,1009.0,1,1960.0,Регионы,Ozon,Доставлен
506590,2024-07-11,1007.0,1,1270.0,Москва,Wildberries,Доставлен
500442,2024-01-16,1020.0,1,1600.0,Регионы,Ozon,Возврат
511441,2024-11-15,1026.0,1,2420.0,Регионы,Wildberries,Доставлен
504876,2024-05-17,1010.0,1,1230.0,Регионы,Ozon,Доставлен
511394,2024-11-14,1024.0,2,3030.0,Регионы,Wildberries,Доставлен
512824,2024-12-10,1021.0,2,1400.0,Екатеринбург,Ozon,Доставлен
502715,2024-03-19,1004.0,1,2450.0,Регионы,Wildberries,Доставлен
507423,2024-08-05,1008.0,1,4270.0,Екатеринбург,Ozon,Доставлен
513268,2024-12-17,1021.0,1,1630.0,Регионы,Wildberries,Доставлен
502787,2024-03-20,1023.0,1,1030.0,Екатеринбург,Ozon,Доставлен
507513,2024-08-07,1020.0,2,1310.0,Новосибирск,Wildberries,Доставлен
504010,2024-04-20,1012.0,1,2820.0,Санкт-Петербург,Ozon,Возврат
505427,2024-06-04,1016.0,1,2660.0,Регионы,Ozon,Доставлен
505719,2024-06-13,1025.0,1,3080.0,Санкт-Петербург,Ozon,Доставлен
501864,2024-03-01,1014.0,1,2330.0,Новосибирск,Wildberries,Доставлен
511204,2024-11-11,1014.0,1,2670.0,Москва,Wildberries,Доставлен
509315,2024-09-22,1003.0,1,3040.0,Санкт-Петербург,Wildberries,Доставлен
502800,2024-03-21,1005.0,2,2470.0,Регионы,Ozon,Отменён
513383,2024-12-19,1020.0,1,1580.0,Регионы,Wildberries,Доставлен
507260,2024-08-01,1001.0,1,1200.0,Москва,Wildberries,Доставлен
504415,2024-05-02,1006.0,1,4290.0,Екатеринбург,Wildberries,Доставлен
508015,2024-08-20,1007.0,1,1160.0,Москва,Ozon,Доставлен
501966,2024-03-03,1007.0,1,1320.0,Екатеринбург,Wildberries,Отменён
501152,2024-02-08,1021.0,1,1460.0,Екатеринбург,Wildberries,Доставлен
501803,2024-02-28,1012.0,1,3320.0,Москва,Ozon,Доставлен
500843,2024-01-30,1013.0,1,2400.0,Москва,Ozon,Доставлен
510365,2024-10-22,1009.0,2,1870.0,Москва,Ozon,Доставлен
510818,2024-11-02,1025.0,1,2970.0,Регионы,Wildberries,Доставлен
505488,2024-06-06,1010.0,3,1200.0,Санкт-Петербург,Wildberries,Доставлен
513634,2024-12-24,1001.0,1,1160.0,Новосибирск,Wildberries,Возврат
512925,2024-12-12,1005.0,1,2600.0,Регионы,Ozon,Доставлен
502912,2024-03-23,1009.0,1,1590.0,Москва,Ozon,Возврат
509570,2024-09-28,1018.0,2,710.0,Регионы,Wildberries,Доставлен
508548,2024-09-02,1022.0,1,1620.0,Екатеринбург,Wildberries,Отменён
513352,2024-12-19,1006.0,1,3680.0,Екатеринбург,Wildberries,Доставлен
502994,2024-03-25,1003.0,1,3550.0,Екатеринбург,Ozon,Доставлен
510700,2024-10-31,1018.0,1,740.0,Санкт-Петербург,Ozon,Доставлен
509334,2024-09-22,1018.0,1,720.0,Санкт-Петербург,Ozon,Доставлен
502536,2024-03-15,1001.0,1,1370.0,Москва,Ozon,Доставлен
512257,2024-12-01,1019.0,1,2310.0,Москва,Ozon,Доставлен
500731,2024-01-26,1022.0,1,1470.0,Екатеринбург,Wildberries,Доставлен
507526,2024-08-08,1001.0,1,1330.0,Новосибирск,Wildberries,Доставлен
504703,2024-05-11,1002.0,1,3870.0,Москва,Ozon,Доставлен
509583,2024-09-28,1023.0,1,850.0,Екатеринбург,Wildberries,Возврат
507095,2024-07-27,1006.0,1,4440.0,Регионы,Wildberries,Доставлен
511868,2024-11-23,1025.0,1,2780.0,Санкт-Петербург,Wildberries,Доставлен
506061,2024-06-23,1023.0,1,1010.0,Новосибирск,Wildberries,Доставлен
505797,2024-06-16,1014.0,1,2280.0,Москва,Ozon,Доставлен
504457,2024-05-03,1009.0,1,1600.0,Регионы,Wildberries,Доставлен
507631,2024-08-10,1012.0,1,2760.0,Москва,Wildberries,Доставлен
501025,2024-02-05,1004.0,1,2560.0,Регионы,Wildberries,Доставлен
502038,2024-03-04,1025.0,1,3010.0,Новосибирск,Wildberries,Доставлен
503415,2024-04-02,1021.0,1,1400.0,Регионы,Ozon,Доставлен
503465,2024-04-04,1008.0,1,4640.0,Москва,Ozon,Доставлен
511392,2024-11-14,1024.0,1,3330.0,Москва,Ozon,Отменён
510366,2024-10-22,1009.0,1,1900.0,Регионы,Wildberries,Доставлен
505690,2024-06-13,1003.0,1,2980.0,Новосибирск,Wildberries,Доставлен
502278,2024-03-09,1015.0,1,2420.0,Екатеринбург,Ozon,Доставлен
503030,2024-03-25,1024.0,1,3380.0,Москва,Wildberries,Доставлен
501784,2024-02-27,1021.0,1,1510.0,Санкт-Петербург,Ozon,Доставлен
501906,2024-03-02,1004.0,1,2660.0,Регионы,Ozon,Доставлен
506746,2024-07-16,1004.0,1,2370.0,Екатеринбург,Ozon,Доставлен
510323,2024-10-20,1019.0,1,2220.0,Москва,Wildberries,Доставлен
512619,2024-12-07,1021.0,1,1530.0,Регионы,Wildberries,Доставлен
509380,2024-09-23,1019.0,1,1970.0,Санкт-Петербург,Wildberries,Доставлен
513575,2024-12-23,1003.0,1,3560.0,Регионы,Wildberries,Возврат
508013,2024-08-20,1007.0,1,1090.0,Москва,Wildberries,Доставлен
502951,2024-03-24,1003.0,1,3450.0,Москва,Wildberries,Доставлен
505094,2024-05-24,1022.0,1,1420.0,Москва,Wildberries,Доставлен
508176,2024-08-24,1017.0,1,1750.0,Новосибирск,Wildberries,Доставлен
513508,2024-12-21,1025.0,1,2590.0,Новосибирск,Wildberries,Доставлен
502144,2024-03-06,1022.0,1,1480.0,Регионы,Wildberries,Доставлен
503039,2024-03-25,1026.0,1,2360.0,Москва,Ozon,Возврат
502022,2024-03-04,1020.0,1,1470.0,Санкт-Петербург,Ozon,Доставлен
508180,2024-08-24,1018.0,1,720.0,Екатеринбург,Wildberries,Доставлен
504054,2024-04-21,1022.0,1,1430.0,Екатеринбург,Wildberries,Доставлен
505699,2024-06-13,1014.0,1,2200.0,Москва,Ozon,Доставлен
509375,2024-09-23,1017.0,1,1710.0,Москва,Wildberries,Возврат
508355,2024-08-28,1016.0,1,2720.0,Екатеринбург,Ozon,Доставлен
505921,2024-06-19,1013.0,1,2650.0,Санкт-Петербург,Ozon,Отменён
513141,2024-12-15,1016.0,1,2540.0,Регионы,Ozon,Доставлен
506325,2024-07-02,1019.0,1,2260.0,Москва,Wildberries,Доставлен
501166,2024-02-09,1002.0,1,3560.0,Регионы,Wildberries,Доставлен
509599,2024-09-29,1006.0,1,3640.0,Санкт-Петербург,Ozon,Возврат
512343,2024-12-03,1001.0,2,1320.0,Регионы,Ozon,Доставлен
503437,2024-04-03,1010.0,1,1330.0,Санкт-Петербург,Wildberries,Возврат
501296,2024-02-12,1017.0,1,1520.0,Москва,Wildberries,Доставлен
510996,2024-11-07,1004.0,1,2270.0,Екатеринбург,Wildberries,Доставлен
511970,2024-11-25,1026.0,1,2660.0,Екатеринбург,Ozon,Доставлен
506238,2024-06-29,1024.0,1,3680.0,Москва,Wildberries,Отменён
500379,2024-01-14,1002.0,2,3840.0,Санкт-Петербург,Wildberries,Доставлен
512528,2024-12-06,1005.0,2,2670.0,Санкт-Петербург,Wildberries,Доставлен
508734,2024-09-07,1002.0,1,4220.0,Москва,Wildberries,Доставлен
511166,2024-11-10,1020.0,1,1340.0,Санкт-Петербург,Wildberries,Доставлен
514106,2024-12-31,1017.0,1,1440.0,Санкт-Петербург,Ozon,Возврат
506514,2024-07-08,1016.0,1,2560.0,Регионы,Wildberries,Доставлен
508860,2024-09-10,1011.0,2,3500.0,Регионы,Wildberries,Доставлен
503581,2024-04-08,1018.0,1,730.0,Москва,Ozon,Доставлен
513745,2024-12-25,1025.0,1,2700.0,Москва,Wildberries,Доставлен
509462,2024-09-25,1020.0,1,1370.0,Москва,Ozon,Доставлен
501151,2024-02-08,1019.0,1,2400.0,Екатеринбург,Ozon,Доставлен
502199,2024-03-07,1023.0,2,980.0,Москва,Ozon,Доставлен
500859,2024-01-31,1007.0,1,1140.0,Санкт-Петербург,Wildberries,Доставлен
510462,2024-10-25,1005.0,1,2450.0,Регионы,Ozon,Доставлен
510785,2024-11-02,1008.0,1,4480.0,Екатеринбург,Wildberries,Возврат
501729,2024-02-26,1010.0,1,1120.0,Москва,Wildberries,Возврат
511657,2024-11-20,1001.0,1,1350.0,Регионы,Ozon,Доставлен
513006,2024-12-13,1014.0,1,2460.0,Москва,Ozon,Доставлен
502837,2024-03-22,1001.0,1,1310.0,Регионы,Wildberries,Доставлен
511259,2024-11-12,1014.0,1,2150.0,Москва,Ozon,Доставлен
501170,2024-02-09,1006.0,1,4340.0,Регионы,Ozon,Возврат
509807,2024-10-05,1003.0,1,3720.0,Москва,Wildberries,Возврат
500562,2024-01-20,1012.0,3,3270.0,Регионы,Wildberries,Доставлен
511828,2024-11-23,1007.0,1,1330.0,Новосибирск,Ozon,Доставлен
507981,2024-08-19,1017.0,1,1610.0,Санкт-Петербург,Wildberries,Доставлен
506969,2024-07-22,1022.0,3,1400.0,Новосибирск,Ozon,Доставлен
511278,2024-11-12,1026.0,1,2580.0,Регионы,Wildberries,Возврат
504001,2024-04-20,1006.0,1,3850.0,Регионы,Ozon,Доставлен
513095,2024-12-15,1001.0,1,1220.0,Регионы,Wildberries,Доставлен
502807,2024-03-21,1010.0,1,1120.0,Санкт-Петербург,Wildberries,Доставлен
506739,2024-07-15,1021.0,1,1630.0,Екатеринбург,Wildberries,Доставлен
514109,2024-12-31,1019.0,1,2270.0,Санкт-Петербург,Wildberries,Доставлен
511821,2024-11-23,1002.0,1,3830.0,Новосибирск,Wildberries,Доставлен
512515,2024-12-05,1025.0,1,2960.0,Москва,Ozon,Доставлен
513907,2024-12-28,1016.0,1,2810.0,Регионы,Wildberries,Доставлен
513929,2024-12-28,1022.0,1,1580.0,Санкт-Петербург,Ozon,Доставлен
503176,2024-03-28,1016.0,1,2710.0,Екатеринбург,Wildberries,Возврат
506938,2024-07-21,1024.0,1,3120.0,Регионы,Ozon,Доставлен
508193,2024-08-24,1023.0,1,920.0,Регионы,Ozon,Доставлен
510330,2024-10-20,1025.0,1,3180.0,Москва,Wildberries,Доставлен
509981,2024-10-10,1024.0,2,3320.0,Москва,Ozon,Доставлен
507118,2024-07-27,1021.0,1,1470.0,Москва,Wildberries,Доставлен
510496,2024-10-26,1010.0,1,1330.0,Екатеринбург,Ozon,Доставлен
500016,2024-01-01,1009.0,1,1670.0,Регионы,Ozon,Доставлен
505479,2024-06-06,1002.0,1,3760.0,Екатеринбург,Wildberries,Доставлен
504615,2024-05-08,1001.0,1,1360.0,Регионы,Ozon,Отменён
507431,2024-08-05,1012.0,1,3360.0,Новосибирск,Wildberries,Доставлен
500856,2024-01-30,1026.0,1,2240.0,Регионы,Ozon,Возврат
500610,2024-01-22,1004.0,2,2660.0,Москва,Wildberries,Доставлен
503264,2024-03-30,1007.0,1,1050.0,Екатеринбург,Wildberries,Доставлен
510957,2024-11-06,1008.0,1,4470.0,Москва,Ozon,Доставлен
503373,2024-04-01,1015.0,1,2290.0,Москва,Wildberries,Доставлен
504084,2024-04-22,1016.0,1,2550.0,Москва,Ozon,Доставлен
512838,2024-12-10,1026.0,1,2210.0,Новосибирск,Ozon,Доставлен
502029,2024-03-04,1022.0,1,1650.0,Москва,Ozon,Доставлен
504973,2024-05-20,1013.0,1,2220.0,Екатеринбург,Ozon,Доставлен
503369,2024-04-01,1013.0,1,2230.0,Екатеринбург,Wildberries,Возврат
507698,2024-08-12,1007.0,1,1330.0,Москва,Wildberries,Доставлен
506645,2024-07-12,1014.0,1,2650.0,Регионы,Wildberries,Доставлен
508012,2024-08-20,1006.0,1,4260.0,Новосибирск,Ozon,Доставлен
510719,2024-11-01,1002.0,1,3620.0,Регионы,Wildberries,Доставлен
505929,2024-06-19,1019.0,2,2210.0,Москва,Wildberries,Доставлен
504614,2024-05-07,1025.0,1,2930.0,Новосибирск,Ozon,Доставлен
502092,2024-03-06,1001.0,1,1100.0,Регионы,Ozon,Доставлен
507481,2024-08-06,1021.0,3,1540.0,Москва,Ozon,Доставлен
503226,2024-03-29,1017.0,1,1510.0,Санкт-Петербург,Wildberries,Доставлен
502182,2024-03-07,1013.0,2,2330.0,Екатеринбург,Ozon,Доставлен
507109,2024-07-27,1017.0,1,1730.0,Екатеринбург,Wildberries,Доставлен
504032,2024-04-20,1026.0,2,2160.0,Москва,Wildberries,Доставлен
507068,2024-07-26,1011.0,1,3730.0,Екатеринбург,Wildberries,Доставлен
510250,2024-10-18,1018.0,1,840.0,Регионы,Wildberries,Доставлен
512962,2024-12-12,1020.0,1,1590.0,Регионы,Wildberries,Отменён
503022,2024-03-25,1017.0,1,1710.0,Москва,Ozon,Возврат
511622,2024-11-19,1013.0,1,2610.0,Екатеринбург,Ozon,Доставлен
505138,2024-05-26,1008.0,1,4770.0,Регионы,Ozon,Доставлен
501543,2024-02-20,1017.0,1,1540.0,Новосибирск,Wildberries,Отменён
507352,2024-08-03,1010.0,2,1240.0,Екатеринбург,Ozon,Доставлен
503668,2024-04-11,1007.0,1,1170.0,Регионы,Ozon,Возврат
502432,2024-03-12,1023.0,1,880.0,Регионы,Wildberries,Доставлен
504341,2024-04-29,1024.0,2,3170.0,Москва,Wildberries,Доставлен
512446,2024-12-04,1023.0,1,850.0,Регионы,Ozon,Доставлен
501593,2024-02-22,1001.0,1,1260.0,Новосибирск,Ozon,Доставлен
500757,2024-01-27,1013.0,1,2160.0,Москва,Wildberries,Доставлен
501370,2024-02-15,1003.0,1,3510.0,Новосибирск,Wildberries,Доставлен
508608,2024-09-04,1007.0,2,1250.0,Санкт-Петербург,Ozon,Доставлен
508282,2024-08-26,1018.0,1,790.0,Москва,Wildberries,Доставлен
508955,2024-09-12,1020.0,1,1510.0,Регионы,Ozon,Доставлен
505217,2024-05-28,1018.0,1,700.0,Москва,Wildberries,Возврат
513733,2024-12-25,1019.0,1,2140.0,Регионы,Ozon,Доставлен
503652,2024-04-10,1023.0,1,990.0,Москва,Wildberries,Доставлен
505993,2024-06-21,1022.0,1,1590.0,Новосибирск,Wildberries,Доставлен
502865,2024-03-22,1015.0,1,2370.0,Санкт-Петербург,Ozon,Доставлен
513627,2024-12-23,1024.0,1,3530.0,Санкт-Петербург,Ozon,Доставлен
501938,2024-03-02,1026.0,1,2150.0,Санкт-Петербург,Wildberries,Доставлен
511269,2024-11-12,1019.0,1,2260.0,Регионы,Wildberries,Доставлен
509064,2024-09-15,1019.0,1,2220.0,Екатеринбург,Wildberries,Возврат
511685,2024-11-20,1012.0,1,3240.0,Санкт-Петербург,Wildberries,Доставлен
502954,2024-03-24,1003.0,1,3510.0,Регионы,Ozon,Доставлен
501210,2024-02-10,1014.0,1,2700.0,Регионы,Wildberries,Доставлен
513041,2024-12-14,1006.0,1,3920.0,Регионы,Wildberries,Возврат
508211,2024-08-25,1009.0,1,1700.0,Новосибирск,Wildberries,Доставлен
508182,2024-08-24,1019.0,1,2130.0,Новосибирск,Wildberries,Доставлен
512442,2024-12-04,1022.0,1,1660.0,Москва,Wildberries,Доставлен
506425,2024-07-05,1018.0,1,860.0,Санкт-Петербург,Wildberries,Доставлен
500554,2024-01-20,1004.0,1,2490.0,Санкт-Петербург,Wildberries,Доставлен
502515,2024-03-14,1018.0,1,770.0,Новосибирск,Wildberries,Доставлен
513918,2024-12-28,1018.0,1,860.0,Санкт-Петербург,Ozon,Возврат
512070,2024-11-28,1009.0,1,1810.0,Москва,Wildberries,Доставлен
509958,2024-10-10,1004.0,1,2340.0,Москва,Ozon,Доставлен
506138,2024-06-26,1017.0,1,1510.0,Санкт-Петербург,Ozon,Отменён
505417,2024-06-04,1006.0,1,4040.0,Регионы,Wildberries,Доставлен
509117,2024-09-17,1001.0,1,1270.0,Регионы,Ozon,Доставлен
508714,2024-09-06,1020.0,1,1270.0,Москва,Wildberries,Доставлен
513357,2024-12-19,1008.0,1,4010.0,Москва,Wildberries,Доставлен
507147,2024-07-28,1021.0,1,1600.0,Новосибирск,Wildberries,Доставлен
510684,2024-10-31,1004.0,1,2460.0,Санкт-Петербург,Wildberries,Отменён
507259,2024-07-31,1026.0,1,2170.0,Санкт-Петербург,Ozon,Доставлен
508587,2024-09-03,1022.0,1,1620.0,Екатеринбург,Ozon,Доставлен
508750,2024-09-07,1012.0,1,2910.0,Регионы,Ozon,Доставлен
508850,2024-09-10,1001.0,1,1190.0,Санкт-Петербург,Ozon,Доставлен
510549,2024-10-27,1008.0,1,4040.0,Москва,Wildberries,Доставлен
513399,2024-12-19,1026.0,2,2250.0,Регионы,Wildberries,Доставлен
505465,2024-06-05,1016.0,1,2590.0,Санкт-Петербург,Wildberries,Доставлен
500719,2024-01-26,1005.0,1,2710.0,Регионы,Ozon,Доставлен
506725,2024-07-15,1011.0,2,4000.0,Екатеринбург,Wildberries,Возврат
505656,2024-06-11,1021.0,1,1640.0,Москва,Wildberries,Возврат
513237,2024-12-17,1009.0,1,1700.0,Регионы,Wildberries,Доставлен
500807,2024-01-29,1009.0,1,1860.0,Санкт-Петербург,Ozon,Доставлен
511689,2024-11-20,1013.0,1,2270.0,Москва,Wildberries,Возврат
510486,2024-10-26,1004.0,2,2270.0,Новосибирск,Wildberries,Доставлен
509795,2024-10-04,1020.0,1,1470.0,Санкт-Петербург,Wildberries,Доставлен
501754,2024-02-27,1001.0,2,1280.0,Москва,Wildberries,Доставлен
504909,2024-05-18,1013.0,1,2110.0,Новосибирск,Wildberries,Доставлен
502496,2024-03-14,1004.0,1,2790.0,Москва,Ozon,Доставлен
508606,2024-09-04,1006.0,1,4550.0,Москва,Wildberries,Доставлен
508268,2024-08-26,1013.0,1,2550.0,Регионы,Wildberries,Доставлен
504345,2024-04-29,1026.0,1,2610.0,Санкт-Петербург,Ozon,Доставлен
506618,2024-07-11,1023.0,1,1060.0,Новосибирск,Ozon,Отменён
510394,2024-10-23,1010.0,1,1270.0,Санкт-Петербург,Ozon,Доставлен
502480,2024-03-13,1024.0,1,3400.0,Санкт-Петербург,Wildberries,Доставлен
501247,2024-02-11,1012.0,1,3340.0,Регионы,Wildberries,Отменён
506118,2024-06-25,1024.0,1,3180.0,Регионы,Wildberries,Доставлен
509044,2024-09-15,1004.0,2,2350.0,Регионы,Wildberries,Доставлен
512280,2024-12-02,1004.0,1,2580.0,Регионы,Wildberries,Доставлен
509982,2024-10-10,1024.0,1,3510.0,Новосибирск,Ozon,Возврат
512977,2024-12-13,1002.0,1,3720.0,Регионы,Wildberries,Доставлен
504495,2024-05-04,1013.0,1,2370.0,Москва,Wildberries,Доставлен
506147,2024-06-26,1022.0,1,1480.0,Санкт-Петербург,Wildberries,Доставлен
503577,2024-04-08,1010.0,1,1210.0,Екатеринбург,Wildberries,Доставлен
510145,2024-10-15,1020.0,1,1360.0,Регионы,Ozon,Доставлен
500686,2024-01-25,1002.0,1,3810.0,Санкт-Петербург,Wildberries,Возврат
503919,2024-04-18,1012.0,1,3100.0,Регионы,Wildberries,Доставлен
503980,2024-04-19,1019.0,1,2260.0,Новосибирск,Wildberries,Доставлен
506559,2024-07-10,1002.0,1,4180.0,Новосибирск,Wildberries,Возврат
502847,2024-03-22,1004.0,1,2620.0,Санкт-Петербург,Ozon,Доставлен
501518,2024-02-19,1024.0,2,3330.0,Москва,Wildberries,Доставлен
512983,2024-12-13,1005.0,1,2220.0,Москва,Wildberries,Доставлен
510992,2024-11-07,1003.0,1,3480.0,Санкт-Петербург,Ozon,Доставлен
504333,2024-04-29,1021.0,2,1680.0,Москва,Wildberries,Доставлен
504547,2024-05-06,1002.0,2,4070.0,Москва,Wildberries,Доставлен
504195,2024-04-25,1025.0,2,2630.0,Москва,Ozon,Отменён
506597,2024-07-11,1011.0,1,3550.0,Регионы,Wildberries,Доставлен
511037,2024-11-08,1002.0,1,3540.0,Екатеринбург,Wildberries,Доставлен
507614,2024-08-09,1024.0,3,3190.0,Санкт-Петербург,Ozon,Отменён
510499,2024-10-26,1011.0,1,3170.0,Москва,Wildberries,Доставлен
513317,2024-12-18,1011.0,2,3250.0,Регионы,Ozon,Доставлен
512860,2024-12-11,1007.0,1,1290.0,Москва,Wildberries,Доставлен
502962,2024-03-24,1009.0,1,1740.0,Регионы,Ozon,Доставлен
504157,2024-04-24,1016.0,1,2300.0,Москва,Wildberries,Доставлен
505184,2024-05-27,1016.0,1,2300.0,Москва,Wildberries,Доставлен
502220,2024-03-08,1008.0,1,4360.0,Екатеринбург,Wildberries,Доставлен
511618,2024-11-19,1010.0,1,1110.0,Регионы,Ozon,Возврат
507646,2024-08-10,1024.0,1,3450.0,Москва,Wildberries,Возврат
502601,2024-03-16,1007.0,1,1270.0,Екатеринбург,Wildberries,Возврат
502843,2024-03-22,1002.0,2,3530.0,Новосибирск,Wildberries,Доставлен
508842,2024-09-09,1018.0,1,830.0,Санкт-Петербург,Ozon,Возврат
506589,2024-07-11,1006.0,2,4350.0,Москва,Wildberries,Доставлен
509382,2024-09-23,1020.0,1,1510.0,Санкт-Петербург,Ozon,Возврат
502472,2024-03-13,1020.0,1,1400.0,Регионы,Ozon,Отменён
512329,2024-12-02,1022.0,1,1530.0,Санкт-Петербург,Wildberries,Возврат
502116,2024-03-06,1010.0,1,1190.0,Новосибирск,Wildberries,Доставлен
503763,2024-04-13,1024.0,1,3600.0,Новосибирск,Ozon,Доставлен
500068,2024-01-03,1011.0,1,3330.0,Екатеринбург,Wildberries,Доставлен
506192,2024-06-28,1012.0,1,2940.0,Москва,Ozon,Доставлен
513543,2024-12-22,1012.0,1,3280.0,Регионы,Wildberries,Возврат
507216,2024-07-30,1020.0,2,1280.0,Москва,Wildberries,Доставлен
508346,2024-08-28,1008.0,1,4810.0,Санкт-Петербург,Wildberries,Доставлен
510473,2024-10-25,1022.0,1,1630.0,Регионы,Ozon,Доставлен
503400,2024-04-02,1011.0,1,3720.0,Регионы,Wildberries,Доставлен
502743,2024-03-19,1023.0,1,1050.0,Москва,Wildberries,Доставлен
512873,2024-12-11,1011.0,1,3930.0,Москва,Wildberries,Возврат
506962,2024-07-22,1016.0,1,2350.0,Екатеринбург,Wildberries,Доставлен
509962,2024-10-10,1006.0,1,3720.0,Санкт-Петербург,Wildberries,Отменён
512377,2024-12-03,1018.0,1,780.0,Екатеринбург,Wildberries,Доставлен
507202,2024-07-30,1009.0,1,1990.0,Новосибирск,Wildberries,Доставлен
502972,2024-03-24,1014.0,1,2150.0,Москва,Wildberries,Доставлен
500152,2024-01-05,1019.0,1,2140.0,Москва,Ozon,Возврат
503553,2024-04-07,1022.0,1,1530.0,Регионы,Ozon,Доставлен
512782,2024-12-10,1006.0,1,4530.0,Москва,Wildberries,Доставлен
507785,2024-08-14,1006.0,1,3610.0,Новосибирск,Wildberries,Доставлен
501739,2024-02-26,1015.0,3,2500.0,Регионы,Ozon,Отменён
503792,2024-04-14,1014.0,1,2450.0,Санкт-Петербург,Wildberries,Доставлен
501299,2024-02-12,1020.0,1,1350.0,Екатеринбург,Wildberries,Возврат
506656,2024-07-13,1001.0,2,1350.0,Москва,Wildberries,Доставлен
509373,2024-09-23,1015.0,1,2190.0,Санкт-Петербург,Ozon,Доставлен
507582,2024-08-09,1012.0,1,3360.0,Регионы,Wildberries,Доставлен
505767,2024-06-15,1015.0,1,2400.0,Москва,Wildberries,Доставлен
505619,2024-06-11,1002.0,1,3400.0,Регионы,Wildberries,Доставлен
502991,2024-03-25,1002.0,1,3840.0,Регионы,Wildberries,Доставлен
501742,2024-02-26,1019.0,-1,2260.0,Санкт-Петербург,Wildberries,Доставлен
513766,2024-12-26,1009.0,1,1950.0,Москва,Ozon,Доставлен
505118,2024-05-25,1011.0,1,3190.0,Москва,Ozon,Отменён
508370,2024-08-29,1004.0,1,2290.0,Москва,Wildberries,Доставлен
511808,2024-11-22,1022.0,1,1580.0,Санкт-Петербург,Ozon,Доставлен
506037,2024-06-23,1006.0,2,4270.0,Москва,Wildberries,Доставлен
505938,2024-06-20,1006.0,1,3760.0,Москва,Ozon,Доставлен
512188,2024-11-30,1017.0,1,1440.0,Екатеринбург,Wildberries,Отменён
510738,2024-11-01,1008.0,1,4140.0,Санкт-Петербург,Wildberries,Доставлен
508324,2024-08-27,1021.0,1,1530.0,Екатеринбург,Ozon,Доставлен
500923,2024-02-02,1009.0,1,2020.0,Москва,Wildberries,Доставлен
501783,2024-02-27,1021.0,1,1370.0,Новосибирск,Ozon,Доставлен
502173,2024-03-07,1009.0,1,1790.0,Москва,Ozon,Доставлен
508486,2024-08-31,1026.0,1,2420.0,Санкт-Петербург,Wildberries,Доставлен
512220,2024-12-01,1004.0,1,2420.0,Екатеринбург,Ozon,Доставлен
501198,2024-02-10,1005.0,2,2820.0,Санкт-Петербург,Ozon,Доставлен
508887,2024-09-11,1001.0,1,1140.0,Санкт-Петербург,Ozon,Доставлен
510363,2024-10-22,1008.0,1,4900.0,Регионы,Ozon,Доставлен
505725,2024-06-14,1008.0,3,4080.0,Регионы,Ozon,Доставлен
510857,2024-11-03,1018.0,1,770.0,Санкт-Петербург,Ozon,Доставлен
500895,2024-02-01,1012.0,1,2980.0,Регионы,Wildberries,Доставлен
504756,2024-05-12,1019.0,1,2480.0,Регионы,Wildberries,Доставлен
506319,2024-07-02,1014.0,1,2320.0,Регионы,Ozon,Доставлен
501978,2024-03-03,1019.0,1,2110.0,Регионы,Wildberries,Доставлен
505502,2024-06-06,1020.0,1,1510.0,Регионы,Wildberries,Возврат
513654,2024-12-24,1010.0,1,1100.0,Санкт-Петербург,Wildberries,Доставлен
503529,2024-04-06,1026.0,1,2260.0,Москва,Ozon,Доставлен
505515,2024-06-07,1011.0,1,3480.0,Санкт-Петербург,Ozon,Доставлен
510340,2024-10-21,1011.0,1,3800.0,Регионы,Ozon,Доставлен
504761,2024-05-12,1024.0,1,3230.0,Москва,Wildberries,Доставлен
506981,2024-07-23,1013.0,1,2340.0,Новосибирск,Ozon,Доставлен
513479,2024-12-21,1009.0,1,1950.0,Санкт-Петербург,Wildberries,Доставлен
507291,2024-08-01,1022.0,1,1720.0,Москва,Wildberries,Возврат
506498,2024-07-07,1025.0,1,2900.0,Санкт-Петербург,Wildberries,Доставлен
512223,2024-12-01,1004.0,1,2800.0,Регионы,Wildberries,Доставлен
513891,2024-12-28,1010.0,1,1200.0,Санкт-Петербург,Wildberries,Доставлен
502255,2024-03-08,1026.0,1,2640.0,Новосибирск,Wildberries,Доставлен
503747,2024-04-13,1015.0,1,2510.0,Регионы,Wildberries,Доставлен
507127,2024-07-28,1004.0,1,2580.0,Москва,Wildberries,Доставлен
508936,2024-09-12,1010.0,1,1130.0,Санкт-Петербург,Ozon,Отменён
507711,2024-08-12,1015.0,1,2440.0,Санкт-Петербург,Ozon,Доставлен
513959,2024-12-29,1008.0,1,4840.0,Регионы,Wildberries,Возврат
509657,2024-09-30,1018.0,1,840.0,Екатеринбург,Wildberries,Доставлен
503731,2024-04-12,1026.0,1,2460.0,Санкт-Петербург,Wildberries,Доставлен
506546,2024-07-09,1020.0,1,1340.0,Москва,Wildberries,Доставлен
502978,2024-03-24,1019.0,1,1980.0,Регионы,Ozon,Доставлен
507107,2024-07-27,1016.0,1,2210.0,Санкт-Петербург,Wildberries,Доставлен
512615,2024-12-07,1017.0,1,1380.0,Регионы,Wildberries,Доставлен
511467,2024-11-16,1010.0,1,1220.0,Новосибирск,Wildberries,Доставлен
502269,2024-03-09,1010.0,1,1190.0,Москва,Ozon,Доставлен
503649,2024-04-10,1019.0,1,2420.0,Регионы,Ozon,Доставлен
504566,2024-05-06,1018.0,1,780.0,Екатеринбург,Wildberries,Доставлен
509449,2024-09-25,1006.0,1,4230.0,Новосибирск,Wildberries,Доставлен
507751,2024-08-13,1010.0,1,1130.0,Москва,Ozon,Доставлен
502672,2024-03-17,1026.0,1,2670.0,Москва,Wildberries,Доставлен
505112,2024-05-25,1008.0,1,4690.0,Новосибирск,Ozon,Возврат
510844,2024-11-03,1009.0,1,1620.0,Москва,Wildberries,Доставлен
501449,2024-02-17,1020.0,1,1550.0,Москва,Ozon,Доставлен
511701,2024-11-20,1021.0,2,1520.0,Санкт-Петербург,Wildberries,Доставлен
504574,2024-05-07,1005.0,2,2350.0,Регионы,Wildberries,Доставлен
502802,2024-03-21,1006.0,1,3760.0,Екатеринбург,Wildberries,Доставлен
506101,2024-06-25,1009.0,1,1720.0,Санкт-Петербург,Wildberries,Доставлен
506932,2024-07-21,1020.0,1,1420.0,Регионы,Wildberries,Доставлен
506805,2024-07-17,1018.0,1,790.0,Санкт-Петербург,Wildberries,Доставлен
512062,2024-11-28,1006.0,1,3800.0,Москва,Ozon,Доставлен
503193,2024-03-28,1024.0,1,3700.0,Регионы,Ozon,Отменён
501421,2024-02-16,1014.0,1,2670.0,Регионы,Wildberries,Отменён
511339,2024-11-13,1024.0,1,3170.0,Москва,Ozon,Доставлен
500109,2024-01-04,1011.0,1,3350.0,Санкт-Петербург,Ozon,Доставлен
507279,2024-08-01,1015.0,1,2350.0,Москва,Wildberries,Доставлен
500192,2024-01-06,1022.0,1,1380.0,Новосибирск,Wildberries,Доставлен
511331,2024-11-13,1020.0,1,1590.0,Москва,Ozon,Доставлен
508285,2024-08-26,1020.0,1,1350.0,Регионы,Wildberries,Доставлен
502036,2024-03-04,1025.0,2,3160.0,Регионы,Wildberries,Доставлен
505463,2024-06-05,1013.0,1,2480.0,Регионы,Wildberries,Доставлен
513483,2024-12-21,1011.0,1,3220.0,Москва,Wildberries,Доставлен
504355,2024-04-30,1009.0,3,1960.0,Регионы,Ozon,Возврат
510900,2024-11-04,1024.0,2,3150.0,Регионы,Wildberries,Доставлен
507456,2024-08-05,1026.0,1,2320.0,Екатеринбург,Ozon,Доставлен
509969,2024-10-10,1009.0,1,1810.0,Санкт-Петербург,Wildberries,Доставлен
507248,2024-07-31,1019.0,1,2160.0,Регионы,Wildberries,Доставлен
505770,2024-06-15,1016.0,1,2550.0,Регионы,Wildberries,Доставлен
500009,2024-01-01,1005.0,1,2230.0,Санкт-Петербург,Wildberries,Доставлен
507235,2024-07-31,1012.0,1,3040.0,Екатеринбург,Wildberries,Доставлен
511784,2024-11-22,1011.0,1,3940.0,Москва,Ozon,Доставлен
500528,2024-01-19,1012.0,1,2950.0,Регионы,Wildberries,Доставлен
508019,2024-08-20,1016.0,1,2310.0,Регионы,Wildberries,Доставлен
501724,2024-02-26,1001.0,1,1390.0,Санкт-Петербург,Ozon,Отменён
500871,2024-01-31,1017.0,1,1750.0,Регионы,Ozon,Доставлен
503286,2024-03-30,1023.0,1,870.0,Регионы,Wildberries,Возврат
504791,2024-05-13,1022.0,1,1600.0,Регионы,Ozon,Доставлен
503686,2024-04-11,1022.0,1,1380.0,Регионы,Wildberries,Доставлен
506290,2024-07-01,1017.0,1,1460.0,Москва,Wildberries,Доставлен
509245,2024-09-20,1016.0,1,2200.0,Регионы,Wildberries,Доставлен
503723,2024-04-12,1021.0,1,1700.0,Санкт-Петербург,Ozon,Доставлен
500857,2024-01-31,1002.0,1,3550.0,Москва,Wildberries,Доставлен
511472,2024-11-16,1013.0,1,2450.0,Москва,Ozon,Доставлен
503546,2024-04-07,1015.0,1,2060.0,Регионы,Wildberries,Доставлен
511035,2024-11-08,1002.0,1,4150.0,Санкт-Петербург,Wildberries,Доставлен
502318,2024-03-10,1016.0,1,2760.0,Регионы,Wildberries,Доставлен
507306,2024-08-02,1005.0,1,2700.0,Санкт-Петербург,Wildberries,Доставлен
500707,2024-01-25,1025.0,1,2660.0,Регионы,Ozon,Доставлен
503186,2024-03-28,1023.0,2,970.0,Новосибирск,Ozon,Доставлен
506692,2024-07-14,1006.0,1,3700.0,Новосибирск,Wildberries,Доставлен
506070,2024-06-24,1004.0,2,2700.0,Москва,Ozon,Возврат
508612,2024-09-04,1008.0,1,4360.0,Москва,Ozon,Доставлен
513495,2024-12-21,1019.0,1,2500.0,Регионы,Wildberries,Возврат
513327,2024-12-18,1015.0,1,2400.0,Москва,Ozon,Доставлен
505353,2024-06-02,1006.0,2,4120.0,Регионы,Wildberries,Возврат
506000,2024-06-22,1005.0,1,2230.0,Новосибирск,Wildberries,Доставлен
504571,2024-05-06,1025.0,1,2830.0,Новосибирск,Wildberries,Доставлен
511368,2024-11-14,1010.0,2,1320.0,Новосибирск,Ozon,Доставлен
509410,2024-09-24,1012.0,1,2820.0,Регионы,Ozon,Доставлен
500435,2024-01-16,1010.0,1,1150.0,Санкт-Петербург,Ozon,Доставлен
505233,2024-05-29,1004.0,1,2300.0,Регионы,Wildberries,Доставлен
512379,2024-12-03,1020.0,1,1300.0,Регионы,Wildberries,Отменён
507098,2024-07-27,1008.0,3,4250.0,Регионы,Ozon,Доставлен
507589,2024-08-09,1014.0,1,2620.0,Екатеринбург,Ozon,Доставлен
509415,2024-09-24,1015.0,1,2560.0,Москва,Ozon,Доставлен
509394,2024-09-23,1025.0,1,3150.0,Москва,Wildberries,Доставлен
511895,2024-11-24,1008.0,2,4710.0,Регионы,Wildberries,Доставлен
504990,2024-05-20,1025.0,2,2990.0,Регионы,Wildberries,Доставлен
509940,2024-10-09,1003.0,1,2950.0,Санкт-Петербург,Wildberries,Доставлен
503208,2024-03-29,1004.0,1,2560.0,Москва,Ozon,Отменён
502048,2024-03-05,1003.0,1,3610.0,Регионы,Wildberries,Доставлен
501048,2024-02-05,1023.0,3,900.0,Москва,Wildberries,Доставлен
504635,2024-05-08,1014.0,1,2370.0,Регионы,Wildberries,Доставлен
501193,2024-02-10,1001.0,1,1290.0,Регионы,Wildberries,Отменён
510775,2024-11-02,1002.0,1,3440.0,Регионы,Wildberries,Доставлен
506671,2024-07-13,1015.0,1,2200.0,Москва,Ozon,Доставлен
508610,2024-09-04,1008.0,1,4250.0,Регионы,Wildberries,Доставлен
508496,2024-09-01,1006.0,1,4320.0,Москва,Wildberries,Доставлен
511291,2024-11-13,1006.0,2,4560.0,Москва,Ozon,Возврат
507054,2024-07-26,1002.0,1,4000.0,Новосибирск,Ozon,Доставлен
512861,2024-12-11,1007.0,1,1250.0,Санкт-Петербург,Wildberries,Доставлен
500723,2024-01-26,1012.0,1,3030.0,Москва,Ozon,Доставлен
502793,2024-03-20,1025.0,1,3140.0,Регионы,Ozon,Доставлен
507191,2024-07-29,1022.0,1,1440.0,Санкт-Петербург,Wildberries,Доставлен
503314,2024-03-31,1008.0,1,4130.0,Москва,Ozon,Доставлен
504432,2024-05-02,1017.0,1,1520.0,Москва,Wildberries,Доставлен
501435,2024-02-17,1005.0,1,2730.0,Санкт-Петербург,Wildberries,Доставлен
500836,2024-01-30,1010.0,1,1290.0,Москва,Wildberries,Доставлен
504845,2024-05-16,1005.0,1,2480.0,Москва,Wildberries,Доставлен
505390,2024-06-03,1008.0,1,5020.0,Регионы,Ozon,Возврат
501792,2024-02-28,1004.0,1,2320.0,Регионы,Wildberries,Отменён
503761,2024-04-13,1023.0,1,1020.0,Регионы,Ozon,Доставлен
510232,2024-10-18,1009.0,1,1990.0,Регионы,Ozon,Доставлен
510625,2024-10-29,1010.0,1,1170.0,Москва,Ozon,Доставлен
512135,2024-11-29,1013.0,1,2160.0,Регионы,Ozon,Доставлен
509422,2024-09-24,1018.0,1,770.0,Регионы,Wildberries,Доставлен
507427,2024-08-05,1010.0,1,1140.0,Москва,Wildberries,Доставлен
511658,2024-11-20,1002.0,1,3360.0,Москва,Wildberries,Доставлен
503077,2024-03-26,1020.0,1,1550.0,Новосибирск,Wildberries,Отменён
507524,2024-08-08,1001.0,2,1250.0,Москва,Wildberries,Возврат
511715,2024-11-21,1001.0,1,1160.0,Москва,Wildberries,Доставлен
513206,2024-12-16,1020.0,1,1430.0,Екатеринбург,Ozon,Доставлен
505189,2024-05-27,1018.0,2,730.0,Регионы,Ozon,Доставлен
507919,2024-08-18,1004.0,1,2240.0,Регионы,Ozon,Возврат
514084,2024-12-31,1006.0,1,4080.0,Регионы,Ozon,Доставлен
500176,2024-01-06,1006.0,1,4420.0,Регионы,Wildberries,Доставлен
504461,2024-05-03,1014.0,1,2360.0,Регионы,Ozon,Доставлен
502469,2024-03-13,1018.0,1,780.0,Москва,Wildberries,Доставлен
505859,2024-06-18,1004.0,1,2290.0,Екатеринбург,Wildberries,Доставлен
507677,2024-08-11,1021.0,2,1590.0,Регионы,Wildberries,Доставлен
507247,2024-07-31,1019.0,1,2240.0,Екатеринбург,Ozon,Доставлен
505151,2024-05-26,1018.0,1,720.0,Москва,Wildberries,Доставлен
503611,2024-04-09,1017.0,1,1600.0,Санкт-Петербург,Wildberries,Отменён
501728,2024-02-26,1010.0,1,1220.0,Регионы,Wildberries,Доставлен
507779,2024-08-13,1024.0,1,3380.0,Регионы,Ozon,Доставлен
503489,2024-04-05,1014.0,1,2150.0,Санкт-Петербург,Wildberries,Доставлен
508585,2024-09-03,1021.0,1,1470.0,Регионы,Wildberries,Доставлен
513467,2024-12-21,1005.0,1,2230.0,Москва,Wildberries,Возврат
503503,2024-04-06,1003.0,2,3240.0,Новосибирск,Wildberries,Доставлен
506369,2024-07-04,1001.0,3,1310.0,Москва,Ozon,Доставлен
503760,2024-04-13,1023.0,2,900.0,Регионы,Wildberries,Доставлен
503899,2024-04-17,1020.0,1,1340.0,Санкт-Петербург,Ozon,Доставлен
512001,2024-11-26,1023.0,3,980.0,Санкт-Петербург,Wildberries,Доставлен
506178,2024-06-27,1026.0,2,2430.0,Новосибирск,Wildberries,Доставлен
511387,2024-11-14,1020.0,1,1500.0,Новосибирск,Wildberries,Доставлен
505771,2024-06-15,1017.0,1,1610.0,Регионы,Ozon,Доставлен
504899,2024-05-18,1004.0,1,2510.0,Москва,Wildberries,Отменён
511080,2024-11-09,1001.0,1,1300.0,Москва,Wildberries,Доставлен
505278,2024-05-30,1016.0,1,2280.0,Санкт-Петербург,Wildberries,Доставлен
503436,2024-04-03,1009.0,3,1930.0,Регионы,Wildberries,Доставлен
510461,2024-10-25,1004.0,1,2500.0,Москва,Wildberries,Доставлен
513297,2024-12-18,1004.0,1,2600.0,Санкт-Петербург,Wildberries,Доставлен
505310,2024-05-31,1020.0,1,1370.0,Санкт-Петербург,Ozon,Доставлен
504057,2024-04-21,1024.0,1,3210.0,Екатеринбург,Wildberries,Доставлен
507093,2024-07-27,1003.0,1,3130.0,Санкт-Петербург,Ozon,Возврат
510999,2024-11-07,1005.0,1,2650.0,Регионы,Wildberries,Доставлен
509643,2024-09-30,1007.0,1,1190.0,Регионы,Ozon,Доставлен
506571,2024-07-10,1014.0,1,2520.0,Регионы,Ozon,Доставлен
503605,2024-04-09,1014.0,1,2190.0,Регионы,Wildberries,Доставлен
503211,2024-03-29,1006.0,1,4460.0,Екатеринбург,Wildberries,Доставлен
509635,2024-09-30,1003.0,1,3010.0,Регионы,Wildberries,Доставлен
506922,2024-07-21,1012.0,2,3360.0,Регионы,Wildberries,Доставлен
512477,2024-12-05,1007.0,1,1290.0,Москва,Ozon,Доставлен
507408,2024-08-04,1020.0,1,1430.0,Екатеринбург,Wildberries,Доставлен
513951,2024-12-29,1006.0,1,4390.0,Санкт-Петербург,Wildberries,Доставлен
514040,2024-12-30,1015.0,2,2520.0,Новосибирск,Wildberries,Доставлен
509251,2024-09-20,1018.0,1,740.0,Москва,Ozon,Доставлен
513558,2024-12-22,1020.0,1,1340.0,Регионы,Wildberries,Доставлен
505072,2024-05-23,1024.0,3,3670.0,Екатеринбург,Ozon,Доставлен
506750,2024-07-16,1006.0,1,4330.0,Регионы,Ozon,Доставлен
512882,2024-12-11,1015.0,1,2420.0,Санкт-Петербург,Wildberries,Доставлен
503967,2024-04-19,1013.0,1,2270.0,Новосибирск,Wildberries,Доставлен
507078,2024-07-26,1020.0,1,1510.0,Регионы,Wildberries,Доставлен
504583,2024-05-07,1012.0,1,3190.0,Санкт-Петербург,Ozon,Доставлен
511941,2024-11-25,1009.0,1,1660.0,Новосибирск,Wildberries,Доставлен
508644,2024-09-04,1026.0,1,2520.0,Регионы,Ozon,Доставлен
508786,2024-09-08,1003.0,1,3110.0,Екатеринбург,Wildberries,Доставлен
503433,2024-04-03,1006.0,2,4400.0,Москва,Wildberries,Доставлен
502374,2024-03-11,1020.0,1,1270.0,Регионы,Wildberries,Доставлен
512337,2024-12-02,1024.0,1,3290.0,Санкт-Петербург,Ozon,Отменён
513555,2024-12-22,1017.0,1,1390.0,Санкт-Петербург,Ozon,Доставлен
504040,2024-04-21,1006.0,1,4020.0,Регионы,Wildberries,Отменён
505840,2024-06-17,1014.0,1,2140.0,Екатеринбург,Wildberries,Доставлен
510176,2024-10-16,1016.0,1,2290.0,Москва,Wildberries,Доставлен
507648,2024-08-10,1024.0,1,2990.0,Регионы,Wildberries,Возврат
508613,2024-09-04,1010.0,1,1160.0,Санкт-Петербург,Wildberries,Доставлен
501459,2024-02-17,1024.0,1,3200.0,Регионы,Wildberries,Доставлен
513403,2024-12-20,1002.0,1,4110.0,Москва,Ozon,Доставлен
513485,2024-12-21,1014.0,2,2290.0,Регионы,Ozon,Отменён
506842,2024-07-18,1020.0,2,1600.0,Санкт-Петербург,Wildberries,Возврат
511929,2024-11-25,1004.0,2,2800.0,Регионы,Wildberries,Доставлен
513224,2024-12-17,1005.0,2,2260.0,Москва,Wildberries,Доставлен
500067,2024-01-03,1010.0,1,1120.0,Москва,Wildberries,Доставлен
511814,2024-11-22,1025.0,1,2950.0,Екатеринбург,Ozon,Доставлен
512427,2024-12-04,1011.0,1,3700.0,Регионы,Wildberries,Доставлен
501153,2024-02-08,1022.0,1,1450.0,Москва,Ozon,Доставлен
503522,2024-04-06,1022.0,1,1740.0,Регионы,Ozon,Доставлен
508181,2024-08-24,1019.0,1,2430.0,Регионы,Wildberries,Возврат
508663,2024-09-05,1010.0,1,1270.0,Регионы,Wildberries,Доставлен
510993,2024-11-07,1003.0,1,3290.0,Регионы,Wildberries,Доставлен
508526,2024-09-02,1007.0,2,1050.0,Регионы,Wildberries,Доставлен
506306,2024-07-02,1005.0,1,2430.0,Москва,Ozon,Доставлен
510659,2024-10-30,1015.0,1,2140.0,Москва,Wildberries,Доставлен
500638,2024-01-23,1002.0,1,3370.0,Регионы,Wildberries,Доставлен
511669,2024-11-20,1006.0,1,4020.0,Москва,Ozon,Доставлен
501090,2024-02-07,1002.0,1,3790.0,Регионы,Ozon,Доставлен
501794,2024-02-28,1005.0,1,2550.0,Регионы,Ozon,Доставлен
510855,2024-11-03,1016.0,1,2570.0,Санкт-Петербург,Ozon,Доставлен
513077,2024-12-14,1021.0,1,1500.0,Москва,Wildberries,Доставлен
512475,2024-12-05,1007.0,1,1150.0,Регионы,Wildberries,Доставлен
505352,2024-06-02,1005.0,1,2370.0,Санкт-Петербург,Wildberries,Доставлен
513305,2024-12-18,1007.0,1,1240.0,Москва,Wildberries,Доставлен
504398,2024-05-01,1016.0,1,2780.0,Санкт-Петербург,Wildberries,Возврат
505676,2024-06-12,1019.0,1,2180.0,Москва,Wildberries,Доставлен
500673,2024-01-24,1013.0,1,2170.0,Новосибирск,Ozon,Доставлен
502330,2024-03-10,1024.0,1,3480.0,Новосибирск,Wildberries,Отменён
509178,2024-09-18,1020.0,1,1490.0,Санкт-Петербург,Wildberries,Возврат
512563,2024-12-06,1024.0,1,3010.0,Регионы,Wildberries,Возврат
508543,2024-09-02,1020.0,1,1270.0,Регионы,Wildberries,Доставлен
502461,2024-03-13,1013.0,1,2650.0,Москва,Wildberries,Доставлен
510318,2024-10-20,1014.0,1,2430.0,Москва,Ozon,Доставлен
513062,2024-12-14,1012.0,1,2970.0,Москва,Wildberries,Доставлен
501407,2024-02-16,1001.0,1,1160.0,Санкт-Петербург,Ozon,Доставлен
507980,2024-08-19,1016.0,2,2570.0,Екатеринбург,Ozon,Доставлен
500439,2024-01-16,1016.0,1,2740.0,Москва,Ozon,Доставлен
513244,2024-12-17,1011.0,1,3290.0,Регионы,Wildberries,Доставлен
514049,2024-12-30,1019.0,1,2330.0,Санкт-Петербург,Ozon,Отменён
503527,2024-04-06,1025.0,1,2920.0,Москва,Ozon,Доставлен
507377,2024-08-03,1021.0,1,1400.0,Екатеринбург,Wildberries,Доставлен
505872,2024-06-18,1013.0,1,2540.0,Москва,Wildberries,Доставлен
506719,2024-07-15,1005.0,1,2600.0,Москва,Wildberries,Доставлен
513599,2024-12-23,1011.0,1,3250.0,Регионы,Wildberries,Доставлен
511194,2024-11-11,1008.0,1,4740.0,Новосибирск,Wildberries,Доставлен
510585,2024-10-28,1006.0,1,4140.0,Регионы,Ozon,Возврат
509743,2024-10-02,1026.0,1,2470.0,Новосибирск,Wildberries,Доставлен
509477,2024-09-26,1003.0,2,3590.0,Регионы,Wildberries,Доставлен
503229,2024-03-29,1019.0,1,2410.0,Регионы,Wildberries,Доставлен
501756,2024-02-27,1001.0,1,1200.0,Екатеринбург,Wildberries,Доставлен
505587,2024-06-09,1025.0,1,2710.0,Регионы,Ozon,Доставлен
513713,2024-12-25,1010.0,1,1120.0,Екатеринбург,Wildberries,Доставлен
513365,2024-12-19,1011.0,1,3300.0,Санкт-Петербург,Ozon,Доставлен
500776,2024-01-28,1003.0,1,3740.0,Москва,Wildberries,Доставлен
503271,2024-03-30,1011.0,1,3350.0,Регионы,Wildberries,Доставлен
506288,2024-07-01,1016.0,1,2280.0,Регионы,Wildberries,Доставлен
501676,2024-02-24,1011.0,1,3750.0,Москва,Wildberries,Отменён
501412,2024-02-16,1004.0,1,2250.0,Регионы,Wildberries,Доставлен
513824,2024-12-27,1007.0,1,1150.0,Санкт-Петербург,Ozon,Доставлен
511845,2024-11-23,1013.0,2,2540.0,Регионы,Ozon,Доставлен
502408,2024-03-12,1010.0,2,1100.0,Регионы,Ozon,Доставлен
512267,2024-12-01,1023.0,1,860.0,Екатеринбург,Wildberries,Доставлен
511258,2024-11-12,1013.0,1,2150.0,Москва,Ozon,Отменён
504299,2024-04-28,1018.0,1,750.0,Новосибирск,Wildberries,Доставлен
503966,2024-04-19,1012.0,1,2870.0,Регионы,Wildberries,Возврат
513134,2024-12-15,1013.0,1,2610.0,Регионы,Wildberries,Доставлен
508185,2024-08-24,1020.0,1,1310.0,,Wildberries,Доставлен
512609,2024-12-07,1014.0,1,2710.0,Регионы,Wildberries,Возврат
504935,2024-05-19,1007.0,1,1250.0,Екатеринбург,Wildberries,Доставлен
508651,2024-09-05,1002.0,1,3430.0,Регионы,Wildberries,Доставлен
512218,2024-12-01,1003.0,1,3650.0,Екатеринбург,Wildberries,Доставлен
502600,2024-03-16,1006.0,1,3960.0,Москва,Wildberries,Доставлен
508711,2024-09-06,1016.0,1,2700.0,Новосибирск,Ozon,Доставлен
501971,2024-03-03,1011.0,1,3650.0,Екатеринбург,Wildberries,Доставлен
506272,2024-07-01,1005.0,1,2250.0,Санкт-Петербург,Wildberries,Доставлен
502241,2024-03-08,1023.0,1,950.0,Екатеринбург,Wildberries,Доставлен
506500,2024-07-07,1026.0,1,2140.0,Регионы,Wildberries,Доставлен
510295,2024-10-19,1024.0,1,3700.0,Регионы,Wildberries,Доставлен
506404,2024-07-05,1006.0,1,3900.0,Екатеринбург,Ozon,Доставлен
503222,2024-03-29,1014.0,1,2400.0,Москва,Wildberries,Возврат
509893,2024-10-07,1021.0,1,1640.0,Регионы,Wildberries,Доставлен
503740,2024-04-13,1010.0,1,1320.0,Санкт-Петербург,Wildberries,Доставлен
502626,2024-03-16,1026.0,1,2240.0,Регионы,Wildberries,Доставлен
500596,2024-01-21,1016.0,2,2690.0,Регионы,Wildberries,Отменён
512578,2024-12-07,1002.0,1,3470.0,Санкт-Петербург,Ozon,Доставлен
505535,2024-06-08,1006.0,1,4190.0,Москва,Ozon,Доставлен
509654,2024-09-30,1016.0,1,2630.0,Москва,Wildberries,Доставлен
503414,2024-04-02,1021.0,1,1500.0,Москва,Wildberries,Доставлен
504522,2024-05-05,1009.0,1,1720.0,Регионы,Wildberries,Доставлен
506240,2024-06-29,1026.0,1,2190.0,Новосибирск,Ozon,Доставлен
500714,2024-01-26,1003.0,1,3460.0,Новосибирск,Wildberries,Доставлен
502923,2024-03-23,1017.0,1,1380.0,Москва,Ozon,Доставлен
505172,2024-05-27,1007.0,2,1240.0,Екатеринбург,Wildberries,Доставлен
500784,2024-01-28,1012.0,1,2970.0,Новосибирск,Wildberries,Доставлен
513767,2024-12-26,1009.0,1,1870.0,Регионы,Wildberries,Отменён
510807,2024-11-02,1018.0,1,760.0,Москва,Wildberries,Доставлен
500608,2024-01-22,1003.0,1,2980.0,Санкт-Петербург,Wildberries,Доставлен
507436,2024-08-05,1015.0,1,2200.0,Москва,Ozon,Доставлен
513752,2024-12-26,1003.0,1,3730.0,Москва,Wildberries,Доставлен
500297,2024-01-10,1022.0,1,1570.0,Москва,Wildberries,Отменён
503655,2024-04-10,1024.0,1,3630.0,Новосибирск,Wildberries,Доставлен
504984,2024-05-20,1021.0,2,1380.0,Санкт-Петербург,Wildberries,Доставлен
502035,2024-03-04,1024.0,1,3100.0,Санкт-Петербург,Wildberries,Доставлен
501782,2024-02-27,1021.0,1,1500.0,Санкт-Петербург,Wildberries,Доставлен
510780,2024-11-02,1006.0,2,3750.0,Регионы,Ozon,Доставлен
505750,2024-06-15,1004.0,2,2720.0,Регионы,Wildberries,Доставлен
510500,2024-10-26,1011.0,1,4000.0,Москва,Ozon,Возврат
512773,2024-12-10,1003.0,1,3620.0,Москва,Ozon,Доставлен
501674,2024-02-24,1010.0,1,1320.0,Регионы,Wildberries,Доставлен
503908,2024-04-18,1001.0,2,1360.0,Екатеринбург,Ozon,Доставлен
503440,2024-04-03,1012.0,1,2800.0,Екатеринбург,Wildberries,Доставлен
511237,2024-11-12,1006.0,1,4210.0,Москва,Ozon,Доставлен
513914,2024-12-28,,1,1500.0,Москва,Wildberries,Доставлен
506173,2024-06-27,1020.0,1,1610.0,Регионы,Ozon,Возврат
512151,2024-11-29,1018.0,1,800.0,Регионы,Wildberries,Доставлен
505709,2024-06-13,1018.0,1,790.0,Регионы,Wildberries,Доставлен
503362,2024-04-01,1007.0,1,1130.0,Новосибирск,Ozon,Доставлен
511371,2024-11-14,1011.0,1,3750.0,Екатеринбург,Wildberries,Возврат
508961,2024-09-12,1024.0,1,3710.0,Москва,Ozon,Доставлен
510018,2024-10-11,1019.0,1,2380.0,Регионы,Wildberries,Доставлен
510057,2024-10-13,1002.0,1,3980.0,Регионы,Wildberries,Доставлен
508443,2024-08-30,1025.0,1,2730.0,Регионы,Wildberries,Доставлен
513638,2024-12-24,1003.0,2,3580.0,Регионы,Wildberries,Доставлен
500450,2024-01-16,1024.0,1,3310.0,Москва,Wildberries,Доставлен
503683,2024-04-11,1017.0,1,1470.0,Москва,Ozon,Доставлен
506444,2024-07-06,1016.0,1,2620.0,Санкт-Петербург,Wildberries,Доставлен
500721,2024-01-26,1010.0,1,1150.0,Москва,Wildberries,Доставлен
512054,2024-11-27,1026.0,1,2550.0,Регионы,Ozon,Доставлен
511498,2024-11-17,1003.0,1,2960.0,Новосибирск,Ozon,Доставлен
501786,2024-02-27,1022.0,2,1600.0,Екатеринбург,Ozon,Доставлен
511029,2024-11-07,1023.0,1,860.0,Новосибирск,Wildberries,Доставлен
506270,2024-07-01,1003.0,1,3340.0,Регионы,Ozon,Доставлен
505589,2024-06-10,1001.0,1,1370.0,Регионы,Wildberries,Доставлен
506663,2024-07-13,1008.0,1,4040.0,Москва,Ozon,Доставлен
512195,2024-11-30,1019.0,1,2420.0,Екатеринбург,Wildberries,Отменён
504955,2024-05-19,1021.0,1,1620.0,Екатеринбург,Wildberries,Доставлен
507753,2024-08-13,1013.0,1,2240.0,Регионы,Ozon,Доставлен
502093,2024-03-06,1001.0,1,1230.0,Регионы,Wildberries,Доставлен
500036,2024-01-02,1007.0,1,1210.0,Москва,Ozon,Доставлен
501787,2024-02-27,1024.0,2,3570.0,Новосибирск,Wildberries,Доставлен
507514,2024-08-07,1022.0,1,1450.0,Екатеринбург,Wildberries,Отменён
512481,2024-12-05,1009.0,1,1670.0,Екатеринбург,Ozon,Доставлен
509014,2024-09-14,1010.0,1,1120.0,Москва,Wildberries,Доставлен
501399,2024-02-15,1023.0,1,870.0,Санкт-Петербург,Ozon,Доставлен
503002,2024-03-25,1006.0,1,4510.0,Регионы,Wildberries,Отменён
500632,2024-01-22,1022.0,1,1530.0,Москва,Wildberries,Доставлен
506456,2024-07-06,1021.0,1,1590.0,Екатеринбург,Ozon,Доставлен
512145,2024-11-29,1016.0,1,2460.0,Екатеринбург,Wildberries,Доставлен
507502,2024-08-07,1013.0,1,2290.0,Новосибирск,Wildberries,Доставлен
513591,2024-12-23,1009.0,1,1770.0,Екатеринбург,Wildberries,Доставлен
511359,2024-11-14,1006.0,1,3740.0,Санкт-Петербург,Ozon,Доставлен
505790,2024-06-16,1009.0,1,1990.0,Регионы,Wildberries,Доставлен
509158,2024-09-18,1006.0,1,4510.0,Санкт-Петербург,Wildberries,Доставлен
508420,2024-08-30,1011.0,1,3920.0,Регионы,Wildberries,Доставлен
512084,2024-11-28,1014.0,1,2520.0,Регионы,Ozon,Доставлен
501235,2024-02-11,1006.0,2,4190.0,Екатеринбург,Wildberries,Возврат
509715,2024-10-02,1005.0,1,2240.0,Москва,Ozon,Возврат
501243,2024-02-11,1008.0,1,3960.0,Санкт-Петербург,Ozon,Доставлен
501251,2024-02-11,1014.0,1,2530.0,Новосибирск,Wildberries,Доставлен
512128,2024-11-29,1009.0,1,1930.0,Москва,Ozon,Возврат
502778,2024-03-20,1016.0,1,2260.0,Санкт-Петербург,Wildberries,Возврат
505944,2024-06-20,1009.0,1,1690.0,Регионы,Ozon,Возврат
506683,2024-07-13,1022.0,1,1480.0,Москва,Wildberries,Доставлен
507339,2024-08-03,1001.0,1,1280.0,Москва,Wildberries,Доставлен
510845,2024-11-03,1009.0,1,2020.0,Москва,Wildberries,Доставлен
505496,2024-06-06,1013.0,1,2620.0,Регионы,Wildberries,Доставлен
509704,2024-10-01,1022.0,1,1670.0,Екатеринбург,Wildberries,Доставлен
513107,2024-12-15,1004.0,1,2740.0,Москва,Ozon,Доставлен
508689,2024-09-05,1025.0,1,2660.0,Новосибирск,Wildberries,Доставлен
505977,2024-06-21,1006.0,2,4560.0,Регионы,Wildberries,Доставлен
505085,2024-05-24,1015.0,1,2270.0,Новосибирск,Ozon,Доставлен
505803,2024-06-16,1017.0,1,1510.0,Санкт-Петербург,Wildberries,Доставлен
512521,2024-12-06,1001.0,2,1180.0,Санкт-Петербург,Wildberries,Доставлен
504594,2024-05-07,1016.0,1,2210.0,Регионы,Wildberries,Доставлен
508078,2024-08-21,1025.0,1,2980.0,Санкт-Петербург,Wildberries,Возврат
512498,2024-12-05,1015.0,2,2250.0,Регионы,Ozon,Доставлен
508823,2024-09-09,1004.0,-2,2770.0,Регионы,Ozon,Доставлен
502934,2024-03-23,1022.0,1,1490.0,Регионы,Wildberries,Доставлен
501419,2024-02-16,1013.0,3,2180.0,Москва,Wildberries,Доставлен
507280,2024-08-01,1015.0,1,2200.0,Москва,Wildberries,Доставлен
505988,2024-06-21,1017.0,1,1750.0,Регионы,Wildberries,Доставлен
500063,2024-01-03,1007.0,1,1320.0,Новосибирск,Wildberries,Доставлен
511547,2024-11-18,1001.0,1,1280.0,Санкт-Петербург,Wildberries,Возврат
513158,2024-12-15,1025.0,1,3190.0,Новосибирск,Wildberries,Доставлен
508609,2024-09-04,1007.0,2,1250.0,Регионы,Wildberries,Доставлен
506555,2024-07-09,1024.0,2,3650.0,Екатеринбург,Ozon,Доставлен
501823,2024-02-29,1009.0,1,1700.0,Екатеринбург,Ozon,Доставлен
501774,2024-02-27,1017.0,2,1690.0,Екатеринбург,Ozon,Доставлен
500572,2024-01-20,1024.0,1,3200.0,Москва,Ozon,Доставлен
509067,2024-09-15,1021.0,1,1690.0,Регионы,Wildberries,Возврат
512359,2024-12-03,1009.0,1,1920.0,Санкт-Петербург,Wildberries,Доставлен
506912,2024-07-21,1002.0,1,3970.0,Новосибирск,Wildberries,Доставлен
506882,2024-07-20,1006.0,1,3640.0,Новосибирск,Ozon,Доставлен
504966,2024-05-20,1003.0,1,3300.0,Регионы,Wildberries,Доставлен
507862,2024-08-16,1012.0,1,3240.0,Регионы,Ozon,Доставлен
500537,2024-01-19,1018.0,1,780.0,Регионы,Wildberries,Доставлен
504819,2024-05-15,1005.0,2,2250.0,Регионы,Ozon,Доставлен
511654,2024-11-20,1001.0,1,1380.0,Санкт-Петербург,Ozon,Отменён
502124,2024-03-06,1014.0,1,2360.0,Новосибирск,Wildberries,Доставлен
500543,2024-01-19,1020.0,1,1380.0,Москва,Wildberries,Возврат
500163,2024-01-05,1024.0,3,3000.0,Москва,Ozon,Доставлен
508160,2024-08-24,1006.0,1,3670.0,Санкт-Петербург,Wildberries,Доставлен
510237,2024-10-18,1012.0,1,3290.0,Москва,Wildberries,Доставлен
508618,2024-09-04,1013.0,1,2180.0,Москва,Ozon,Доставлен
504716,2024-05-11,1015.0,1,2190.0,Регионы,Wildberries,Доставлен
509505,2024-09-26,1022.0,1,1710.0,Санкт-Петербург,Ozon,Доставлен
500305,2024-01-11,1001.0,1,1330.0,Москва,Ozon,Возврат
514094,2024-12-31,1010.0,1,1120.0,Регионы,Ozon,Доставлен
501546,2024-02-20,1022.0,1,1720.0,Регионы,Ozon,Доставлен
510027,2024-10-12,1001.0,1,1250.0,Москва,Ozon,Доставлен
507387,2024-08-04,1002.0,1,3910.0,Москва,Wildberries,Доставлен
507640,2024-08-10,1019.0,1,2160.0,Москва,Ozon,Доставлен
500844,2024-01-30,1014.0,1,2340.0,Москва,Wildberries,Доставлен
506154,2024-06-26,1025.0,1,3000.0,Москва,Ozon,Доставлен
514016,2024-12-30,1007.0,1,1240.0,Москва,Wildberries,Доставлен
500296,2024-01-10,1022.0,1,1610.0,Регионы,Ozon,Доставлен
508531,2024-09-02,1010.0,1,1110.0,Регионы,Ozon,Возврат
506799,2024-07-17,1012.0,1,3200.0,Новосибирск,Wildberries,Возврат
513639,2024-12-24,1004.0,1,2740.0,Регионы,Ozon,Доставлен
506307,2024-07-02,1005.0,1,2230.0,Регионы,Wildberries,Доставлен
512945,2024-12-12,1013.0,1,2620.0,Санкт-Петербург,Ozon,Доставлен
503818,2024-04-15,1010.0,1,1170.0,Регионы,Wildberries,Доставлен
513058,2024-12-14,1010.0,1,1150.0,Москва,Ozon,Возврат
514020,2024-12-30,1008.0,1,5020.0,Санкт-Петербург,Wildberries,Доставлен
503004,2024-03-25,1006.0,1,4460.0,Регионы,Ozon,Доставлен
509545,2024-09-27,1024.0,1,3110.0,Москва,Ozon,Доставлен
504027,2024-04-20,1022.0,1,1680.0,Санкт-Петербург,Wildberries,Доставлен
504687,2024-05-10,1013.0,1,2400.0,Санкт-Петербург,Ozon,Доставлен
502882,2024-03-22,1021.0,1,1690.0,Екатеринбург,Wildberries,Возврат
503322,2024-03-31,1011.0,1,3320.0,Санкт-Петербург,Wildberries,Доставлен
508709,2024-09-06,1014.0,1,2420.0,Санкт-Петербург,Wildberries,Доставлен
513020,2024-12-13,1019.0,1,2130.0,Регионы,Wildberries,Доставлен
511582,2024-11-18,1020.0,1,1470.0,Санкт-Петербург,Ozon,Доставлен
512037,2024-11-27,1015.0,1,2280.0,Санкт-Петербург,Wildberries,Доставлен
513783,2024-12-26,1017.0,1,1470.0,Регионы,Ozon,Доставлен
509094,2024-09-16,1009.0,1,1790.0,Санкт-Петербург,Ozon,Доставлен
507292,2024-08-01,1022.0,1,1670.0,Санкт-Петербург,Ozon,Возврат
502540,2024-03-15,1002.0,1,4000.0,Регионы,Wildberries,Доставлен
508865,2024-09-10,1014.0,1,2260.0,Москва,Ozon,Доставлен
507544,2024-08-08,1010.0,1,1280.0,Санкт-Петербург,Wildberries,Доставлен
513744,2024-12-25,1024.0,1,3050.0,Регионы,Ozon,Отменён
510613,2024-10-29,1002.0,1,3610.0,Регионы,Wildberries,Возврат
502974,2024-03-24,1016.0,1,2620.0,Москва,Wildberries,Доставлен
502322,2024-03-10,1020.0,1,1350.0,Москва,Wildberries,Доставлен
507344,2024-08-03,1004.0,1,2300.0,Регионы,Wildberries,Отменён
508349,2024-08-28,1010.0,1,1100.0,Регионы,Wildberries,Доставлен
506406,2024-07-05,1006.0,1,3920.0,Москва,Wildberries,Доставлен
507246,2024-07-31,1018.0,2,740.0,Регионы,Ozon,Доставлен
502555,2024-03-15,1007.0,1,1040.0,Санкт-Петербург,Wildberries,Доставлен
502273,2024-03-09,1013.0,1,2540.0,Новосибирск,Ozon,Доставлен
510292,2024-10-19,1022.0,1,1400.0,Регионы,Wildberries,Доставлен
504854,2024-05-16,1017.0,1,1430.0,Регионы,Ozon,Доставлен
508094,2024-08-22,1008.0,1,4860.0,Новосибирск,Ozon,Доставлен
505710,2024-06-13,1018.0,1,760.0,Санкт-Петербург,Wildberries,Отменён
503845,2024-04-15,1026.0,1,2540.0,Екатеринбург,Wildberries,Доставлен
504656,2024-05-09,1013.0,1,2290.0,Екатеринбург,Wildberries,Доставлен
504722,2024-05-11,1018.0,2,800.0,Екатеринбург,Wildberries,Доставлен
513046,2024-12-14,1008.0,2,4180.0,Новосибирск,Wildberries,Доставлен
512184,2024-11-30,1011.0,2,3620.0,Москва,Ozon,Доставлен
505868,2024-06-18,1009.0,1,1910.0,Регионы,Wildberries,Отменён
509398,2024-09-24,1002.0,1,3740.0,Санкт-Петербург,Wildberries,Доставлен
512355,2024-12-03,1005.0,1,2800.0,Москва,Wildberries,Доставлен
503334,2024-03-31,1018.0,1,770.0,Москва,Wildberries,Доставлен
502368,2024-03-11,1017.0,1,1740.0,Регионы,Ozon,Доставлен
512543,2024-12-06,1010.0,1,1170.0,Москва,Wildberries,Доставлен
511759,2024-11-21,1026.0,1,2700.0,Москва,Wildberries,Доставлен
506913,2024-07-21,1002.0,1,3920.0,Москва,Wildberries,Доставлен
506942,2024-07-22,1004.0,1,2250.0,Екатеринбург,Ozon,Доставлен
506827,2024-07-18,1011.0,1,3580.0,Москва,Ozon,Возврат
513945,2024-12-29,1002.0,1,4170.0,Регионы,Ozon,Доставлен
502539,2024-03-15,1002.0,1,3640.0,Москва,Wildberries,Доставлен
510674,2024-10-30,1022.0,1,1630.0,Санкт-Петербург,Wildberries,Доставлен
510004,2024-10-11,1009.0,1,1950.0,Регионы,Wildberries,Доставлен
505520,2024-06-07,1019.0,1,2090.0,Регионы,Wildberries,Доставлен
501842,2024-03-01,1002.0,1,3580.0,Регионы,Wildberries,Доставлен
508518,2024-09-01,1026.0,1,2460.0,Регионы,Wildberries,Доставлен
514086,2024-12-31,1007.0,1,1250.0,Новосибирск,Wildberries,Доставлен
504533,2024-05-05,1017.0,1,1600.0,Санкт-Петербург,Wildberries,Доставлен
503504,2024-04-06,1003.0,2,3290.0,Регионы,Ozon,Доставлен
512661,2024-12-08,1007.0,1,1330.0,Регионы,Ozon,Доставлен
508128,2024-08-23,1008.0,1,4140.0,Санкт-Петербург,Ozon,Доставлен
508925,2024-09-12,1001.0,1,1130.0,Регионы,Wildberries,Доставлен
512875,2024-12-11,1013.0,1,2190.0,Санкт-Петербург,Ozon,Возврат
508979,2024-09-13,1014.0,1,2540.0,Москва,Wildberries,Доставлен
507449,2024-08-05,1022.0,1,1540.0,Екатеринбург,Wildberries,Доставлен
505327,2024-06-01,1008.0,1,4620.0,Регионы,Wildberries,Доставлен
505731,2024-06-14,1012.0,1,2660.0,Москва,Wildberries,Доставлен
501972,2024-03-03,1012.0,1,2700.0,Москва,Ozon,Доставлен
513251,2024-12-17,1013.0,1,2290.0,Москва,Wildberries,Возврат
512270,2024-12-01,1025.0,1,3170.0,Москва,Wildberries,Возврат
500336,2024-01-12,1003.0,1,3220.0,Москва,Wildberries,Доставлен
507086,2024-07-26,1026.0,1,2680.0,Москва,Ozon,Доставлен
501761,2024-02-27,1005.0,1,2640.0,Регионы,Wildberries,Доставлен
507649,2024-08-11,1002.0,1,3340.0,Москва,Wildberries,Отменён
511679,2024-11-20,1010.0,1,1150.0,Москва,Ozon,Доставлен
504167,2024-04-25,1001.0,1,1220.0,Регионы,Ozon,Доставлен
502669,2024-03-17,1026.0,1,2540.0,Москва,Ozon,Доставлен
510571,2024-10-27,1026.0,1,2190.0,Санкт-Петербург,Wildberries,Доставлен
508404,2024-08-30,1001.0,1,1380.0,Регионы,Wildberries,Доставлен
505313,2024-05-31,1022.0,2,1510.0,Регионы,Wildberries,Отменён
505314,2024-05-31,1024.0,1,3010.0,Регионы,Wildberries,Доставлен
508490,2024-09-01,1003.0,1,3330.0,Новосибирск,Wildberries,Доставлен
509269,2024-09-21,1005.0,1,2600.0,Москва,Wildberries,Доставлен
502576,2024-03-15,1020.0,1,1520.0,Регионы,Wildberries,Доставлен
503706,2024-04-12,1009.0,1,1710.0,Екатеринбург,Wildberries,Доставлен
505213,2024-05-28,1015.0,1,2290.0,Москва,Ozon,Доставлен
504159,2024-04-24,1021.0,1,1450.0,Санкт-Петербург,Wildberries,Возврат
510840,2024-11-03,1008.0,1,5000.0,Новосибирск,Wildberries,Доставлен
504516,2024-05-05,1007.0,1,1160.0,Новосибирск,Ozon,Доставлен
502884,2024-03-22,1021.0,1,1410.0,Санкт-Петербург,Wildberries,Доставлен
507270,2024-08-01,1009.0,1,1750.0,Регионы,Ozon,Доставлен
513037,2024-12-14,1004.0,1,2450.0,Санкт-Петербург,Ozon,Доставлен
511596,2024-11-18,1025.0,1,3070.0,Регионы,Wildberries,Возврат
511455,2024-11-16,1007.0,1,1260.0,Регионы,Wildberries,Возврат
500118,2024-01-04,1018.0,3,790.0,Москва,Ozon,Возврат
511465,2024-11-16,1010.0,1,1150.0,Москва,Wildberries,Доставлен
503231,2024-03-29,1019.0,1,2250.0,Екатеринбург,Wildberries,Доставлен
503578,2024-04-08,1011.0,1,3170.0,Регионы,Ozon,Доставлен
513667,2024-12-24,1016.0,1,2640.0,Москва,Ozon,Доставлен
512204,2024-11-30,1023.0,2,960.0,Санкт-Петербург,Wildberries,Доставлен
500630,2024-01-22,1020.0,2,1500.0,Регионы,Wildberries,Доставлен
503406,2024-04-02,1014.0,1,2400.0,Санкт-Петербург,Wildberries,Доставлен
501498,2024-02-19,1008.0,3,4690.0,Регионы,Wildberries,Отменён
503666,2024-04-11,1005.0,1,2490.0,Регионы,Wildberries,Доставлен
507367,2024-08-03,1017.0,1,1650.0,Новосибирск,Wildberries,Доставлен
506876,2024-07-19,1023.0,1,1020.0,Москва,Wildberries,Возврат
508024,2024-08-20,1019.0,1,2470.0,Регионы,Wildberries,Доставлен
512087,2024-11-28,1016.0,1,2360.0,Москва,Wildberries,Возврат
513347,2024-12-19,1002.0,1,3700.0,Регионы,Wildberries,Возврат
505374,2024-06-02,1015.0,1,2570.0,Москва,Ozon,Доставлен
500110,2024-01-04,1012.0,1,3160.0,Москва,Wildberries,Доставлен
504921,2024-05-18,1018.0,1,820.0,Екатеринбург,Wildberries,Возврат
502024,2024-03-04,1021.0,1,1610.0,Новосибирск,Wildberries,Отменён
512056,2024-11-28,1001.0,1,1400.0,Регионы,Ozon,Доставлен
500587,2024-01-21,1011.0,1,3240.0,Регионы,Wildberries,Доставлен
500510,2024-01-18,1022.0,1,1630.0,Регионы,Wildberries,Доставлен
505553,2024-06-08,1021.0,1,1510.0,Екатеринбург,Wildberries,Доставлен
513298,2024-12-18,1004.0,1,2330.0,Москва,Ozon,Возврат
506897,2024-07-20,1018.0,1,830.0,Москва,Ozon,Доставлен
504251,2024-04-27,1012.0,1,3090.0,Москва,Wildberries,Возврат
505998,2024-06-21,1026.0,1,2140.0,Новосибирск,Wildberries,Доставлен
513550,2024-12-22,1015.0,1,2450.0,Регионы,Ozon,Доставлен
509884,2024-10-07,1012.0,2,3140.0,Екатеринбург,Ozon,Отменён
504151,2024-04-24,1009.0,1,1660.0,Санкт-Петербург,Wildberries,Доставлен
511890,2024-11-24,1008.0,1,4400.0,Новосибирск,Wildberries,Доставлен
508301,2024-08-27,1007.0,1,1040.0,Регионы,Ozon,Доставлен
512339,2024-12-02,1025.0,1,2950.0,Регионы,Wildberries,Доставлен
503717,2024-04-12,1018.0,1,780.0,Новосибирск,Wildberries,Отменён
504050,2024-04-21,1014.0,1,2410.0,Москва,Wildberries,Доставлен
508551,2024-09-02,1025.0,1,3040.0,Санкт-Петербург,Wildberries,Доставлен
512733,2024-12-09,1010.0,1,1290.0,Регионы,Wildberries,Доставлен
501945,2024-03-03,1002.0,1,3920.0,Новосибирск,Ozon,Отменён
506877,2024-07-19,1024.0,1,3280.0,Екатеринбург,Ozon,Доставлен
501830,2024-02-29,1015.0,2,2410.0,Санкт-Петербург,Wildberries,Доставлен
507253,2024-07-31,1021.0,1,1560.0,Регионы,Wildberries,Доставлен
502890,2024-03-22,1024.0,1,3010.0,Регионы,Ozon,Доставлен
508796,2024-09-08,1007.0,1,1320.0,Екатеринбург,Wildberries,Доставлен
510406,2024-10-23,1016.0,1,2720.0,Москва,Ozon,Доставлен
507620,2024-08-10,1003.0,2,3610.0,Новосибирск,Ozon,Доставлен
511383,2024-11-14,1019.0,2,2400.0,Санкт-Петербург,Ozon,Возврат
506547,2024-07-09,1020.0,1,1320.0,Новосибирск,Wildberries,Доставлен
506730,2024-07-15,1014.0,1,2440.0,Регионы,Ozon,Доставлен
511177,2024-11-10,1026.0,1,2470.0,Екатеринбург,Wildberries,Доставлен
513534,2024-12-22,1008.0,1,4430.0,Регионы,Ozon,Возврат
514037,2024-12-30,1014.0,1,2370.0,Москва,Wildberries,Доставлен
505636,2024-06-11,1010.0,1,1120.0,Екатеринбург,Wildberries,Доставлен
500390,2024-01-14,1012.0,1,2930.0,Регионы,Ozon,Доставлен
501060,2024-02-06,1007.0,1,1160.0,Новосибирск,Wildberries,Доставлен
511963,2024-11-25,1023.0,1,930.0,Регионы,Ozon,Доставлен
507483,2024-08-06,1022.0,1,1430.0,Регионы,Wildberries,Возврат
502716,2024-03-19,1004.0,1,2660.0,Регионы,Wildberries,Доставлен
512666,2024-12-08,1009.0,1,1930.0,Екатеринбург,Wildberries,Доставлен
505787,2024-06-16,1008.0,1,4090.0,Москва,Wildberries,Доставлен
502999,2024-03-25,1004.0,1,2650.0,Новосибирск,Wildberries,Доставлен
511136,2024-11-10,1008.0,2,4330.0,Москва,Wildberries,Отменён
511772,2024-11-22,1006.0,1,3680.0,Екатеринбург,Ozon,Доставлен
506231,2024-06-29,1018.0,1,730.0,Регионы,Ozon,Доставлен
504513,2024-05-05,1005.0,1,2330.0,Регионы,Wildberries,Доставлен
509548,2024-09-28,1001.0,1,1230.0,Регионы,Ozon,Возврат
502021,2024-03-04,1020.0,1,1350.0,Новосибирск,Wildberries,Доставлен
507299,2024-08-02,1002.0,1,3670.0,Санкт-Петербург,Ozon,Возврат
501075,2024-02-06,1021.0,2,1520.0,Москва,Wildberries,Доставлен
513171,2024-12-16,1005.0,2,2770.0,Москва,Wildberries,Доставлен
504611,2024-05-07,1025.0,1,3070.0,Регионы,Ozon,Возврат
511077,2024-11-08,1025.0,2,2980.0,Новосибирск,Ozon,Доставлен
510646,2024-10-30,1006.0,1,3850.0,Регионы,Wildberries,Доставлен
503254,2024-03-30,1003.0,1,3280.0,Москва,Ozon,Возврат
505309,2024-05-31,1019.0,1,2210.0,Москва,Wildberries,Возврат
510799,2024-11-02,1014.0,1,2350.0,Екатеринбург,Ozon,Доставлен
503298,2024-03-30,1025.0,1,3220.0,Москва,Ozon,Доставлен
506494,2024-07-07,1022.0,1,1570.0,Москва,Wildberries,Доставлен
508729,2024-09-07,1001.0,1,1220.0,Новосибирск,Ozon,Возврат
505288,2024-05-30,1024.0,2,3550.0,Регионы,Wildberries,Доставлен
508295,2024-08-27,1002.0,1,3730.0,Регионы,Wildberries,Доставлен
504871,2024-05-17,1005.0,1,2420.0,Новосибирск,Wildberries,Доставлен
504610,2024-05-07,1024.0,1,3330.0,Москва,Wildberries,Доставлен
500047,2024-01-02,1018.0,1,700.0,Регионы,Wildberries,Возврат
504123,2024-04-23,1022.0,1,1450.0,Регионы,Ozon,Доставлен
502140,2024-03-06,1022.0,1,1570.0,Новосибирск,Wildberries,Доставлен
509870,2024-10-07,1002.0,1,3900.0,Регионы,Wildberries,Доставлен
507656,2024-08-11,1006.0,1,3950.0,Москва,Wildberries,Доставлен
509544,2024-09-27,1023.0,1,930.0,Москва,Ozon,Доставлен
502259,2024-03-09,1002.0,1,3530.0,Москва,Wildberries,Доставлен
510074,2024-10-13,1014.0,1,2180.0,Москва,Wildberries,Доставлен
513589,2024-12-23,1008.0,3,4440.0,Регионы,Wildberries,Отменён
513065,2024-12-14,1014.0,1,2390.0,Москва,Wildberries,Отменён
500916,2024-02-02,1005.0,1,2600.0,Регионы,Ozon,Доставлен
502428,2024-03-12,1022.0,1,1540.0,Москва,Wildberries,Доставлен
505444,2024-06-04,1026.0,1,2300.0,Регионы,Wildberries,Доставлен
513866,2024-12-28,1001.0,1,1320.0,Москва,Wildberries,Доставлен
500839,2024-01-30,1011.0,1,3590.0,Москва,Ozon,Доставлен
513561,2024-12-22,1023.0,1,880.0,Регионы,Ozon,Доставлен
509097,2024-09-16,1011.0,1,3350.0,Новосибирск,Wildberries,Доставлен
503813,2024-04-15,1007.0,1,1050.0,Санкт-Петербург,Ozon,Доставлен
505524,2024-06-07,1022.0,2,1620.0,Регионы,Wildberries,Возврат
508590,2024-09-03,1023.0,1,910.0,Москва,Wildberries,Доставлен
507001,2024-07-24,1004.0,1,2570.0,Москва,Wildberries,Доставлен
510536,2024-10-27,1001.0,1,1360.0,Санкт-Петербург,Wildberries,Доставлен
504958,2024-05-19,1022.0,1,1520.0,Москва,Wildberries,Возврат
507568,2024-08-08,1025.0,1,3200.0,Регионы,Ozon,Возврат
503997,2024-04-20,1005.0,1,2350.0,Москва,Ozon,Доставлен
502739,2024-03-19,1020.0,1,1570.0,Москва,Ozon,Доставлен
509524,2024-09-27,1006.0,1,4170.0,Москва,Wildberries,Доставлен
511992,2024-11-26,1019.0,1,2270.0,Регионы,Ozon,Доставлен
512718,2024-12-09,1005.0,1,2690.0,Регионы,Wildberries,Доставлен
510092,2024-10-14,1006.0,1,3790.0,Москва,Ozon,Доставлен
506052,2024-06-23,1016.0,2,2520.0,Регионы,Wildberries,Возврат
508958,2024-09-12,1022.0,1,1570.0,Санкт-Петербург,Wildberries,Доставлен
510399,2024-10-23,1013.0,1,2380.0,Регионы,Wildberries,Доставлен
511489,2024-11-16,1025.0,1,2720.0,Москва,Wildberries,Возврат
503775,2024-04-14,1005.0,2,2700.0,Москва,Wildberries,Доставлен
506602,2024-07-11,1013.0,1,2170.0,Регионы,Wildberries,Доставлен
511131,2024-11-10,1003.0,1,3270.0,Регионы,Ozon,Доставлен
511419,2024-11-15,1011.0,1,3620.0,Санкт-Петербург,Ozon,Отменён
507948,2024-08-18,1018.0,1,760.0,Санкт-Петербург,Wildberries,Доставлен
510594,2024-10-28,1012.0,1,3000.0,Екатеринбург,Ozon,Возврат
513315,2024-12-18,1011.0,1,3700.0,Регионы,Wildberries,Отменён
505221,2024-05-28,1022.0,1,1410.0,Москва,Ozon,Доставлен
511082,2024-11-09,1002.0,3,3420.0,Москва,Wildberries,Доставлен
509885,2024-10-07,1014.0,1,2680.0,Москва,Ozon,Доставлен
501967,2024-03-03,1007.0,2,1170.0,Санкт-Петербург,Ozon,Возврат
501683,2024-02-24,1013.0,1,2600.0,Регионы,Wildberries,Доставлен
501741,2024-02-26,1017.0,1,1650.0,Регионы,Ozon,Доставлен
503880,2024-04-17,1001.0,1,1350.0,Санкт-Петербург,Wildberries,Доставлен
509850,2024-10-06,1009.0,1,1730.0,Регионы,Wildberries,Доставлен
507531,2024-08-08,1004.0,1,2430.0,Новосибирск,Wildberries,Возврат
505030,2024-05-22,1004.0,1,2830.0,Регионы,Wildberries,Доставлен
503438,2024-04-03,1011.0,1,3570.0,Москва,Wildberries,Доставлен
503724,2024-04-12,1022.0,1,1670.0,Москва,Ozon,Доставлен
503788,2024-04-14,1011.0,1,3540.0,Москва,Wildberries,Доставлен
510730,2024-11-01,1006.0,1,4380.0,Санкт-Петербург,Ozon,Доставлен
505630,2024-06-11,1008.0,1,4920.0,Москва,Wildberries,Доставлен
509055,2024-09-15,1013.0,1,2410.0,Регионы,Wildberries,Возврат
500508,2024-01-18,1022.0,1,1560.0,Санкт-Петербург,Wildberries,Доставлен
504470,2024-05-03,1021.0,2,1390.0,Регионы,Wildberries,Возврат
513607,2024-12-23,1017.0,1,1530.0,Санкт-Петербург,Wildberries,Доставлен
509877,2024-10-07,1005.0,1,2330.0,Регионы,Ozon,Доставлен
505869,2024-06-18,1010.0,1,1300.0,Новосибирск,Wildberries,Доставлен
501303,2024-02-12,1022.0,1,1410.0,Москва,Ozon,Доставлен
513840,2024-12-27,1012.0,1,3310.0,Москва,Wildberries,Возврат
504501,2024-05-04,1017.0,2,1730.0,Москва,Wildberries,Доставлен
510833,2024-11-03,1006.0,1,4520.0,Регионы,Wildberries,Доставлен
501932,2024-03-02,1023.0,2,1000.0,Санкт-Петербург,Wildberries,Доставлен
509330,2024-09-22,1015.0,1,2210.0,Новосибирск,Wildberries,Доставлен
511802,2024-11-22,1019.0,3,2180.0,Москва,Ozon,Доставлен
506196,2024-06-28,1017.0,1,1600.0,Екатеринбург,Ozon,Доставлен
504906,2024-05-18,1009.0,1,1620.0,Регионы,Wildberries,Доставлен
513664,2024-12-24,1014.0,2,2280.0,Санкт-Петербург,Ozon,Доставлен
504143,2024-04-24,1005.0,2,2640.0,Санкт-Петербург,Wildberries,Доставлен
501649,2024-02-23,1019.0,3,2480.0,Регионы,Ozon,Доставлен
511150,2024-11-10,1012.0,1,2650.0,Санкт-Петербург,Ozon,Доставлен
501650,2024-02-23,1019.0,1,2440.0,Москва,Wildberries,Доставлен
512858,2024-12-11,1006.0,1,3910.0,Москва,Wildberries,Доставлен
509725,2024-10-02,1010.0,1,1130.0,Екатеринбург,Wildberries,Доставлен
507825,2024-08-15,1015.0,1,2340.0,Москва,Wildberries,Возврат
504917,2024-05-18,1016.0,1,2340.0,Новосибирск,Wildberries,Доставлен
513788,2024-12-26,1020.0,1,1450.0,Москва,Wildberries,Доставлен
504025,2024-04-20,1022.0,1,1540.0,Новосибирск,Wildberries,Доставлен
509787,2024-10-04,1011.0,1,3790.0,Регионы,Ozon,Доставлен
512482,2024-12-05,1009.0,1,1990.0,Санкт-Петербург,Wildberries,Доставлен
501042,2024-02-05,1017.0,1,1440.0,Новосибирск,Wildberries,Доставлен
513478,2024-12-21,1009.0,1,1960.0,Новосибирск,Wildberries,Отменён
510668,2024-10-30,1020.0,1,1340.0,Санкт-Петербург,Ozon,Возврат
506958,2024-07-22,1014.0,1,2340.0,Москва,Wildberries,Доставлен
502889,2024-03-22,1023.0,1,930.0,Москва,Wildberries,Возврат
508321,2024-08-27,1021.0,1,1680.0,Москва,Wildberries,Доставлен
503733,2024-04-13,1002.0,1,4210.0,Москва,Wildberries,Доставлен
512900,2024-12-11,1021.0,1,1490.0,Регионы,Ozon,Доставлен
512963,2024-12-12,1020.0,1,1340.0,Екатеринбург,Wildberries,Доставлен
508450,2024-08-31,1006.0,1,4150.0,Екатеринбург,Wildberries,Доставлен
510510,2024-10-26,1016.0,1,2260.0,Новосибирск,Ozon,Доставлен
506433,2024-07-06,1003.0,1,3090.0,Екатеринбург,Ozon,Доставлен
505495,2024-06-06,1013.0,3,2610.0,Москва,Ozon,Доставлен
503294,2024-03-30,1024.0,1,2970.0,Санкт-Петербург,Ozon,Доставлен
509947,2024-10-09,1012.0,1,3130.0,Регионы,Wildberries,Доставлен
510258,2024-10-18,1022.0,1,1450.0,Новосибирск,Wildberries,Доставлен
506771,2024-07-16,1021.0,1,1430.0,Санкт-Петербург,Ozon,Возврат
503781,2024-04-14,1008.0,1,4980.0,Регионы,Ozon,Доставлен
506836,2024-07-18,1017.0,1,1580.0,Регионы,Wildberries,Доставлен
504468,2024-05-03,1020.0,3,1270.0,Екатеринбург,Wildberries,Доставлен
514055,2024-12-30,1021.0,1,1590.0,Москва,Wildberries,Возврат
508294,2024-08-27,1001.0,1,1250.0,Москва,Ozon,Доставлен
500718,2024-01-26,1005.0,1,2750.0,Екатеринбург,Wildberries,Доставлен
505493,2024-06-06,1012.0,2,3370.0,Регионы,Wildberries,Доставлен
505565,2024-06-09,1006.0,1,4420.0,Регионы,Wildberries,Доставлен
507370,2024-08-03,1019.0,1,2080.0,Санкт-Петербург,Wildberries,Доставлен
513595,2024-12-23,1011.0,1,3850.0,Регионы,Ozon,Доставлен
502412,2024-03-12,1013.0,1,2470.0,Санкт-Петербург,Wildberries,Доставлен
506927,2024-07-21,1015.0,1,2410.0,Новосибирск,Ozon,Доставлен
507944,2024-08-18,1015.0,1,2510.0,Москва,Ozon,Доставлен
511097,2024-11-09,1011.0,1,3940.0,Москва,Wildberries,Доставлен
511935,2024-11-25,1007.0,2,1070.0,Санкт-Петербург,Wildberries,Доставлен
507995,2024-08-19,1022.0,1,1480.0,Москва,Wildberries,Доставлен
509278,2024-09-21,1008.0,1,4080.0,Екатеринбург,Ozon,Доставлен
514063,2024-12-30,1024.0,1,3650.0,Санкт-Петербург,Wildberries,Доставлен
511009,2024-11-07,1013.0,1,2220.0,Москва,Wildberries,Доставлен
500664,2024-01-24,1007.0,1,1140.0,Санкт-Петербург,Ozon,Возврат
504934,2024-05-19,1007.0,1,1220.0,Москва,Wildberries,Отменён
503332,2024-03-31,1016.0,1,2410.0,Новосибирск,Wildberries,Доставлен
513333,2024-12-18,1017.0,1,1440.0,Регионы,Wildberries,Доставлен
500616,2024-01-22,1011.0,2,3390.0,Регионы,Ozon,Доставлен
506046,2024-06-23,1012.0,1,3010.0,Москва,Wildberries,Доставлен
501858,2024-03-01,1009.0,1,1980.0,Новосибирск,Wildberries,Доставлен
512540,2024-12-06,1009.0,1,2010.0,Москва,Wildberries,Доставлен
507834,2024-08-15,1019.0,1,2200.0,Москва,Ozon,Возврат
509621,2024-09-29,1022.0,1,1560.0,Регионы,Ozon,Доставлен
508730,2024-09-07,1001.0,2,1220.0,Регионы,Wildberries,Доставлен
502927,2024-03-23,1019.0,1,2130.0,Санкт-Петербург,Wildberries,Доставлен
502200,2024-03-07,1025.0,1,3040.0,Санкт-Петербург,Wildberries,Доставлен
510824,2024-11-03,1003.0,1,3550.0,Регионы,Wildberries,Доставлен
510511,2024-10-26,1016.0,1,2670.0,Регионы,Wildberries,Доставлен
510118,2024-10-15,1001.0,1,1350.0,Новосибирск,Ozon,Доставлен
512152,2024-11-29,1019.0,1,2320.0,Санкт-Петербург,Wildberries,Возврат
503560,2024-04-07,1024.0,3,3170.0,Санкт-Петербург,Wildberries,Доставлен
502009,2024-03-04,1014.0,1,2290.0,Новосибирск,Wildberries,Доставлен
501429,2024-02-16,1023.0,1,990.0,Регионы,Wildberries,Возврат
503868,2024-04-16,1018.0,1,850.0,Екатеринбург,Wildberries,Доставлен
511665,2024-11-20,1005.0,2,2500.0,Регионы,Wildberries,Доставлен
512437,2024-12-04,1017.0,1,1720.0,Новосибирск,Ozon,Доставлен
512656,2024-12-08,1005.0,2,2430.0,Москва,Ozon,Доставлен
504473,2024-05-03,1022.0,1,1680.0,Москва,Wildberries,Доставлен
503589,2024-04-08,1024.0,1,3580.0,Москва,Ozon,Доставлен
512839,2024-12-11,1001.0,1,1290.0,Екатеринбург,Ozon,Доставлен
509289,2024-09-21,1015.0,1,2320.0,Новосибирск,Ozon,Доставлен
509681,2024-10-01,1005.0,1,2720.0,Москва,Ozon,Доставлен
503692,2024-04-11,1024.0,2,3160.0,Регионы,Wildberries,Доставлен
502245,2024-03-08,1024.0,1,3420.0,Москва,Ozon,Доставлен
500705,2024-01-25,1022.0,2,1690.0,Москва,Ozon,Доставлен
512176,2024-11-30,1006.0,1,4220.0,Екатеринбург,Wildberries,Возврат
501137,2024-02-08,1014.0,1,2500.0,Санкт-Петербург,Wildberries,Доставлен
512525,2024-12-06,1004.0,1,2690.0,Екатеринбург,Wildberries,Возврат
510958,2024-11-06,1008.0,1,4820.0,Регионы,Wildberries,Доставлен
508793,2024-09-08,1006.0,1,3660.0,Регионы,Ozon,Доставлен
506608,2024-07-11,1016.0,1,2430.0,Регионы,Ozon,Отменён
500907,2024-02-01,1026.0,1,2190.0,Регионы,Wildberries,Доставлен
510746,2024-11-01,1011.0,1,3680.0,Санкт-Петербург,Wildberries,Доставлен
512897,2024-12-11,1021.0,1,1530.0,Москва,Wildberries,Доставлен
502025,2024-03-04,1022.0,1,1400.0,Новосибирск,Wildberries,Доставлен
510795,2024-11-02,1010.0,1,1360.0,Санкт-Петербург,Wildberries,Доставлен
501281,2024-02-12,1012.0,1,2770.0,Москва,Wildberries,Доставлен
505383,2024-06-02,1024.0,1,3480.0,Регионы,Ozon,Доставлен
508697,2024-09-06,1002.0,1,3640.0,Регионы,Wildberries,Возврат
505870,2024-06-18,1010.0,1,1220.0,Екатеринбург,Wildberries,Доставлен
502407,2024-03-12,1010.0,2,1370.0,Регионы,Ozon,Возврат
510270,2024-10-19,1007.0,1,1150.0,Екатеринбург,Ozon,Возврат
503384,2024-04-01,1023.0,1,980.0,Регионы,Ozon,Доставлен
511769,2024-11-22,1005.0,1,2400.0,Санкт-Петербург,Ozon,Доставлен
505096,2024-05-24,1024.0,1,3730.0,Санкт-Петербург,Wildberries,Отменён
502394,2024-03-12,1002.0,1,3790.0,Регионы,Wildberries,Доставлен
507304,2024-08-02,1004.0,2,2800.0,Регионы,Ozon,Доставлен
502248,2024-03-08,1024.0,1,3160.0,Москва,Wildberries,Доставлен
505945,2024-06-20,1009.0,1,1690.0,Санкт-Петербург,Wildberries,Доставлен
508271,2024-08-26,1015.0,1,2480.0,Екатеринбург,Wildberries,Доставлен
505019,2024-05-21,1021.0,1,1470.0,Регионы,Ozon,Доставлен
505259,2024-05-30,1003.0,1,3540.0,Санкт-Петербург,Wildberries,Доставлен
500781,2024-01-28,1008.0,1,4760.0,Санкт-Петербург,Wildberries,Доставлен
511771,2024-11-22,1006.0,1,3950.0,Екатеринбург,Ozon,Доставлен
507317,2024-08-02,1017.0,1,1380.0,Новосибирск,Ozon,Доставлен
500922,2024-02-02,1007.0,1,1240.0,Регионы,Ozon,Доставлен
508237,2024-08-25,1021.0,1,1720.0,Москва,Wildberries,Доставлен
511678,2024-11-20,1010.0,1,1230.0,Санкт-Петербург,Wildberries,Возврат
500740,2024-01-27,1002.0,1,3510.0,Регионы,Ozon,Доставлен
511996,2024-11-26,1021.0,1,1590.0,Москва,Ozon,Доставлен
513266,2024-12-17,1020.0,1,1390.0,Москва,Wildberries,Доставлен
511614,2024-11-19,1010.0,1,1360.0,Регионы,Ozon,Доставлен
506379,2024-07-04,1013.0,1,2140.0,Москва,Wildberries,Доставлен
509202,2024-09-19,1012.0,1,3060.0,Санкт-Петербург,Wildberries,Доставлен
512467,2024-12-05,1003.0,1,3740.0,Екатеринбург,Wildberries,Отменён
507406,2024-08-04,1019.0,1,2320.0,Москва,Wildberries,Доставлен
511943,2024-11-25,1010.0,1,1120.0,Москва,Wildberries,Отменён
513503,2024-12-21,1023.0,1,1060.0,Регионы,Ozon,Доставлен
500437,2024-01-16,1012.0,1,2810.0,Регионы,Ozon,Доставлен
513971,2024-12-29,1012.0,2,3060.0,Москва,Ozon,Доставлен
509255,2024-09-20,1019.0,1,2180.0,Регионы,Ozon,Доставлен
503895,2024-04-17,1015.0,1,2260.0,Новосибирск,Ozon,Доставлен
508063,2024-08-21,1019.0,1,2240.0,Екатеринбург,Wildberries,Доставлен
507099,2024-07-27,1010.0,1,1180.0,Екатеринбург,Ozon,Отменён
507439,2024-08-05,1016.0,1,2490.0,Санкт-Петербург,Wildberries,Доставлен
503279,2024-03-30,1021.0,1,1650.0,Санкт-Петербург,Wildberries,Доставлен
501346,2024-02-14,1007.0,1,1140.0,Новосибирск,Ozon,Отменён
512147,2024-11-29,1016.0,1,2320.0,Регионы,Wildberries,Доставлен
510718,2024-11-01,1001.0,1,1120.0,Екатеринбург,Wildberries,Доставлен
510470,2024-10-25,1019.0,1,2070.0,Москва,Wildberries,Отменён
511221,2024-11-11,1025.0,1,3120.0,Регионы,Wildberries,Доставлен
503937,2024-04-18,1022.0,1,1430.0,Регионы,Ozon,Возврат
508402,2024-08-30,1001.0,1,1190.0,Екатеринбург,Wildberries,Доставлен
505298,2024-05-31,1009.0,2,1750.0,Москва,Ozon,Доставлен
512866,2024-12-11,1009.0,1,1990.0,Санкт-Петербург,Wildberries,Доставлен
502864,2024-03-22,1015.0,1,2130.0,Новосибирск,Wildberries,Доставлен
509128,2024-09-17,1006.0,1,3790.0,Екатеринбург,Wildberries,Доставлен
503162,2024-03-28,1007.0,1,1100.0,Екатеринбург,Ozon,Доставлен
509258,2024-09-20,1025.0,1,2920.0,Регионы,Wildberries,Доставлен
505027,2024-05-22,1001.0,2,1280.0,Москва,Wildberries,Доставлен
506162,2024-06-27,1009.0,1,1750.0,Регионы,Wildberries,Доставлен
503640,2024-04-10,1011.0,1,3720.0,Москва,Wildberries,Доставлен
501771,2024-02-27,1015.0,1,2490.0,Регионы,Wildberries,Доставлен
513586,2024-12-23,1006.0,2,4050.0,Москва,Ozon,Доставлен
512119,2024-11-29,1005.0,1,2460.0,Санкт-Петербург,Wildberries,Доставлен
506201,2024-06-28,1019.0,1,2120.0,Москва,Wildberries,Доставлен
511640,2024-11-19,,1,1350.0,Регионы,Wildberries,Доставлен
505136,2024-05-26,1005.0,1,2730.0,Регионы,Wildberries,Доставлен
509474,2024-09-26,1001.0,2,1200.0,Москва,Wildberries,Доставлен
506216,2024-06-29,1005.0,1,2230.0,Новосибирск,Ozon,Доставлен
505321,2024-06-01,1001.0,1,1210.0,Москва,Ozon,Доставлен
507385,2024-08-03,1024.0,1,3180.0,Санкт-Петербург,Ozon,Возврат
500622,2024-01-22,1015.0,1,2600.0,Санкт-Петербург,Wildberries,Доставлен
507381,2024-08-03,1022.0,2,1450.0,Регионы,Wildberries,Доставлен
503216,2024-03-29,1010.0,2,1190.0,Санкт-Петербург,Ozon,Доставлен
513174,2024-12-16,1006.0,1,4560.0,Санкт-Петербург,Ozon,Доставлен
513240,2024-12-17,1010.0,1,1150.0,Екатеринбург,Wildberries,Доставлен
512931,2024-12-12,1008.0,1,4100.0,Екатеринбург,Ozon,Доставлен
513469,2024-12-21,1006.0,1,3850.0,Санкт-Петербург,Ozon,Доставлен
500248,2024-01-08,1026.0,1,2730.0,Москва,Wildberries,Возврат
512453,2024-12-04,1025.0,1,2830.0,Санкт-Петербург,Ozon,Доставлен
501667,2024-02-24,1006.0,1,3710.0,Москва,Ozon,Возврат
512281,2024-12-02,1004.0,1,2440.0,Новосибирск,Wildberries,Отменён
505681,2024-06-12,1022.0,2,1390.0,Москва,Ozon,Доставлен
502456,2024-03-13,1010.0,1,1110.0,Москва,Wildberries,Доставлен
512893,2024-12-11,1019.0,1,2510.0,Москва,Ozon,Доставлен
501415,2024-02-16,1010.0,1,1120.0,Регионы,Ozon,Доставлен
509689,2024-10-01,1011.0,1,3720.0,Екатеринбург,Wildberries,Возврат
512981,2024-12-13,1004.0,1,2680.0,Регионы,Ozon,Возврат
506030,2024-06-22,1025.0,1,2670.0,Санкт-Петербург,Ozon,Доставлен
510442,2024-10-24,1015.0,1,2400.0,Москва,Wildberries,Доставлен
512461,2024-12-05,1002.0,1,3550.0,Санкт-Петербург,Wildberries,Доставлен
508152,2024-08-23,1024.0,1,3190.0,Новосибирск,Wildberries,Доставлен
512642,2024-12-08,1001.0,1,1230.0,Регионы,Wildberries,Доставлен
504737,2024-05-12,1007.0,1,1140.0,Москва,Wildberries,Доставлен
509797,2024-10-04,1024.0,1,2980.0,Регионы,Wildberries,Доставлен
509937,2024-10-09,1001.0,1,1150.0,Москва,Ozon,Возврат
513295,2024-12-18,1004.0,1,2710.0,Регионы,Ozon,Доставлен
507537,2024-08-08,1007.0,1,1330.0,Санкт-Петербург,Ozon,Доставлен
511135,2024-11-10,1007.0,2,1140.0,Новосибирск,Ozon,Доставлен
513119,2024-12-15,1009.0,1,1670.0,Регионы,Wildberries,Возврат
509179,2024-09-18,1020.0,1,1510.0,Санкт-Петербург,Wildberries,Доставлен
509970,2024-10-10,1010.0,2,1240.0,Санкт-Петербург,Wildberries,Доставлен
510966,2024-11-06,1011.0,1,3200.0,Регионы,Wildberries,Доставлен
503261,2024-03-30,1005.0,1,2810.0,Регионы,Wildberries,Возврат
505179,2024-05-27,1010.0,1,1200.0,Москва,Wildberries,Доставлен
510052,2024-10-12,1025.0,2,2910.0,Регионы,Ozon,Доставлен
509558,2024-09-28,1006.0,1,3940.0,Новосибирск,Wildberries,Возврат
511549,2024-11-18,1002.0,1,4170.0,Екатеринбург,Wildberries,Отменён
514041,2024-12-30,1016.0,1,2210.0,Новосибирск,Ozon,Доставлен
507896,2024-08-17,1007.0,1,1040.0,Новосибирск,Wildberries,Доставлен
505248,2024-05-29,1020.0,1,1560.0,Регионы,Ozon,Доставлен
508405,2024-08-30,1001.0,2,1310.0,Москва,Ozon,Доставлен
510604,2024-10-28,1019.0,1,2400.0,Москва,Ozon,Отменён
504581,2024-05-07,1011.0,2,3620.0,Регионы,Wildberries,Доставлен
509431,2024-09-24,1025.0,1,3040.0,Новосибирск,Wildberries,Доставлен
505192,2024-05-27,1022.0,1,1690.0,Регионы,Wildberries,Доставлен
513669,2024-12-24,1017.0,1,1610.0,Новосибирск,Wildberries,Доставлен
513367,2024-12-19,1013.0,1,2460.0,Санкт-Петербург,Ozon,Доставлен
500928,2024-02-02,1013.0,1,2470.0,Регионы,Wildberries,Доставлен
504939,2024-05-19,1011.0,1,3860.0,Санкт-Петербург,Ozon,Доставлен
508708,2024-09-06,1012.0,1,2900.0,Москва,Ozon,Возврат
510728,2024-11-01,1006.0,1,3600.0,Москва,Wildberries,Доставлен
500092,2024-01-03,1026.0,1,2170.0,Москва,Ozon,Возврат
506798,2024-07-17,1012.0,1,2800.0,Регионы,Wildberries,Доставлен
500037,2024-01-02,1007.0,1,1310.0,Москва,Wildberries,Доставлен
500753,2024-01-27,1012.0,1,2670.0,Москва,Wildberries,Доставлен
508992,2024-09-13,1021.0,2,1520.0,Москва,Wildberries,Доставлен
504349,2024-04-30,1003.0,1,3610.0,Регионы,Wildberries,Доставлен
504540,2024-05-05,1024.0,1,3740.0,Москва,Wildberries,Доставлен
512376,2024-12-03,1018.0,1,720.0,Новосибирск,Wildberries,Доставлен
502975,2024-03-24,1016.0,1,2360.0,Регионы,Wildberries,Доставлен
508857,2024-09-10,1008.0,1,4610.0,Москва,Wildberries,Доставлен
509185,2024-09-18,1026.0,1,2220.0,Москва,Wildberries,Доставлен
504930,2024-05-19,1003.0,1,3230.0,Москва,Ozon,Доставлен
512203,2024-11-30,1022.0,3,1470.0,Регионы,Ozon,Доставлен
505399,2024-06-03,1017.0,2,1470.0,Москва,Wildberries,Доставлен
509033,2024-09-14,1023.0,1,930.0,Регионы,Ozon,Доставлен
509916,2024-10-08,1014.0,1,2550.0,Екатеринбург,Wildberries,Доставлен
514033,2024-12-30,1013.0,1,2160.0,Регионы,Ozon,Доставлен
510877,2024-11-04,1002.0,1,3470.0,Москва,Ozon,Возврат
513808,2024-12-26,1025.0,1,2790.0,Москва,Ozon,Доставлен
508272,2024-08-26,1016.0,1,2750.0,Москва,Ozon,Отменён
501366,2024-02-15,1001.0,1,1200.0,Москва,Wildberries,Доставлен
513862,2024-12-27,1026.0,1,2550.0,Новосибирск,Wildberries,Отменён
507037,2024-07-25,1014.0,1,2500.0,Санкт-Петербург,Ozon,Доставлен
508336,2024-08-28,1001.0,1,1340.0,Москва,Wildberries,Доставлен
504099,2024-04-23,1002.0,1,3880.0,Москва,Ozon,Доставлен
511737,2024-11-21,1012.0,1,2830.0,Регионы,Wildberries,Доставлен
509133,2024-09-17,1010.0,1,1140.0,Екатеринбург,Wildberries,Доставлен
504721,2024-05-11,1017.0,1,1630.0,Регионы,Ozon,Доставлен
506421,2024-07-05,1017.0,1,1380.0,Санкт-Петербург,Wildberries,Доставлен
509959,2024-10-10,1004.0,2,2810.0,Москва,Ozon,Доставлен
501854,2024-03-01,1006.0,1,4130.0,Регионы,Ozon,Доставлен
509116,2024-09-17,1001.0,1,1260.0,Москва,Wildberries,Доставлен
500901,2024-02-01,1017.0,1,1690.0,Екатеринбург,Ozon,Доставлен
502117,2024-03-06,1010.0,1,1310.0,Москва,Wildberries,Возврат
503664,2024-04-11,1004.0,1,2300.0,Москва,Wildberries,Доставлен
511395,2024-11-14,1025.0,1,3190.0,Санкт-Петербург,Wildberries,Доставлен
513735,2024-12-25,1020.0,1,1470.0,Регионы,Ozon,Доставлен
513381,2024-12-19,1018.0,1,690.0,Регионы,Wildberries,Доставлен
507330,2024-08-02,1021.0,2,1540.0,Санкт-Петербург,Wildberries,Доставлен
512466,2024-12-05,1003.0,2,3530.0,Екатеринбург,Wildberries,Доставлен
510283,2024-10-19,1016.0,1,2410.0,Москва,Wildberries,Доставлен
500276,2024-01-10,1001.0,1,1280.0,Москва,Ozon,Доставлен
500897,2024-02-01,1013.0,1,2100.0,Регионы,Wildberries,Доставлен
512625,2024-12-07,1022.0,1,1730.0,Екатеринбург,Wildberries,Доставлен
506825,2024-07-18,1010.0,1,1260.0,Москва,Ozon,Возврат
500095,2024-01-03,1026.0,2,2320.0,Екатеринбург,Wildberries,Доставлен
505070,2024-05-23,1023.0,1,940.0,Регионы,Wildberries,Доставлен
514003,2024-12-30,1004.0,1,2690.0,Регионы,Wildberries,Доставлен
509323,2024-09-22,1013.0,1,2490.0,Москва,Ozon,Доставлен
502906,2024-03-23,1005.0,1,2330.0,Москва,Wildberries,Доставлен
504637,2024-05-08,1018.0,1,860.0,Регионы,Wildberries,Доставлен
502767,2024-03-20,1006.0,1,3870.0,Новосибирск,Ozon,Доставлен
511126,2024-11-10,1001.0,1,1180.0,Екатеринбург,Wildberries,Доставлен
505232,2024-05-29,1003.0,1,3200.0,Екатеринбург,Wildberries,Доставлен
506941,2024-07-21,1026.0,1,2690.0,Санкт-Петербург,Ozon,Возврат
500578,2024-01-21,1005.0,2,2360.0,Екатеринбург,Wildberries,Доставлен
503058,2024-03-26,1008.0,1,4290.0,Новосибирск,Wildberries,Доставлен
505629,2024-06-11,1007.0,3,1090.0,Регионы,Wildberries,Доставлен
506551,2024-07-09,1021.0,1,1350.0,Екатеринбург,Wildberries,Доставлен
511898,2024-11-24,1009.0,1,2010.0,Москва,Wildberries,Доставлен
512405,2024-12-04,1005.0,1,2620.0,Москва,Wildberries,Доставлен
501460,2024-02-17,1026.0,1,2610.0,Москва,Ozon,Доставлен
503060,2024-03-26,1011.0,1,3520.0,Санкт-Петербург,Wildberries,Отменён
510847,2024-11-03,1011.0,2,3380.0,Екатеринбург,Ozon,Доставлен
508791,2024-09-08,1006.0,1,4000.0,Санкт-Петербург,Wildberries,Доставлен
510778,2024-11-02,1005.0,1,2360.0,Москва,Wildberries,Доставлен
501686,2024-02-24,1016.0,1,2560.0,Санкт-Петербург,Wildberries,Доставлен
512133,2024-11-29,1012.0,1,2650.0,Санкт-Петербург,Wildberries,Доставлен
508135,2024-08-23,1011.0,2,3760.0,Регионы,Wildberries,Доставлен
509738,2024-10-02,1024.0,1,3480.0,Регионы,Wildberries,Доставлен
505654,2024-06-11,1021.0,1,1430.0,Москва,Ozon,Доставлен
511923,2024-11-25,1002.0,1,4060.0,Новосибирск,Wildberries,Доставлен
504697,2024-05-10,1022.0,1,1700.0,Москва,Ozon,Доставлен
513668,2024-12-24,1016.0,1,2590.0,Москва,Ozon,Доставлен
509401,2024-09-24,1005.0,1,2520.0,Санкт-Петербург,Wildberries,Доставлен
506362,2024-07-03,1023.0,1,980.0,Москва,Wildberries,Доставлен
513311,2024-12-18,1009.0,1,1860.0,Санкт-Петербург,Wildberries,Доставлен
510801,2024-11-02,1015.0,1,2300.0,Новосибирск,Wildberries,Доставлен
509230,2024-09-20,1007.0,1,1160.0,Москва,Ozon,Возврат
503712,2024-04-12,1015.0,2,2100.0,Москва,Ozon,Доставлен
501585,2024-02-21,1021.0,1,1360.0,Москва,Ozon,Отменён
507397,2024-08-04,1011.0,1,3990.0,Санкт-Петербург,Wildberries,Доставлен
512302,2024-12-02,1012.0,1,3320.0,Москва,Wildberries,Доставлен
501488,2024-02-18,1024.0,1,3240.0,Москва,Wildberries,Доставлен
500642,2024-01-23,1007.0,1,1050.0,Санкт-Петербург,Ozon,Возврат
508899,2024-09-11,1008.0,1,4680.0,Новосибирск,Ozon,Доставлен
513395,2024-12-19,1024.0,1,3530.0,Санкт-Петербург,Wildberries,Возврат
505809,2024-06-16,1020.0,1,1510.0,Санкт-Петербург,Wildberries,Доставлен
513502,2024-12-21,1022.0,1,1560.0,Санкт-Петербург,Wildberries,Доставлен
509325,2024-09-22,1014.0,1,2690.0,Санкт-Петербург,Ozon,Доставлен
501646,2024-02-23,1015.0,1,2270.0,Санкт-Петербург,Wildberries,Доставлен
510262,2024-10-18,1024.0,1,3480.0,Москва,Ozon,Доставлен
512196,2024-11-30,1019.0,1,2130.0,Новосибирск,Wildberries,Доставлен
506983,2024-07-23,1017.0,1,1590.0,Москва,Wildberries,Доставлен
511870,2024-11-23,1026.0,1,2440.0,Санкт-Петербург,Wildberries,Доставлен
513925,2024-12-28,1019.0,2,2310.0,Регионы,Wildberries,Доставлен
505250,2024-05-29,1021.0,2,1380.0,Регионы,Ozon,Доставлен
506003,2024-06-22,1006.0,1,4470.0,Регионы,Ozon,Доставлен
501796,2024-02-28,1006.0,1,3740.0,Москва,Wildberries,Возврат
509239,2024-09-20,1012.0,1,3300.0,Санкт-Петербург,Wildberries,Доставлен
501197,2024-02-10,1005.0,2,2530.0,Новосибирск,Wildberries,Доставлен
509165,2024-09-18,1009.0,1,1660.0,Москва,Wildberries,Доставлен
502258,2024-03-09,1001.0,1,1180.0,Москва,Wildberries,Доставлен
508775,2024-09-07,1025.0,2,2680.0,Екатеринбург,Wildberries,Возврат
505435,2024-06-04,1018.0,1,760.0,Регионы,Wildberries,Доставлен
513184,2024-12-16,1011.0,1,3920.0,Регионы,Wildberries,Доставлен
501531,2024-02-20,1012.0,1,3220.0,Екатеринбург,Ozon,Доставлен
505845,2024-06-17,1019.0,3,2260.0,Москва,Wildberries,Доставлен
510166,2024-10-16,1009.0,1,1740.0,Москва,Ozon,Доставлен
502187,2024-03-07,1016.0,1,2290.0,Москва,Wildberries,Доставлен
506113,2024-06-25,1023.0,1,870.0,Регионы,Wildberries,Доставлен
510206,2024-10-17,1016.0,1,2560.0,Екатеринбург,Ozon,Доставлен
507927,2024-08-18,1007.0,2,1280.0,Москва,Ozon,Доставлен
513675,2024-12-24,1019.0,1,2450.0,Санкт-Петербург,Ozon,Доставлен
512031,2024-11-27,1012.0,2,2930.0,Регионы,Ozon,Доставлен
509865,2024-10-06,1025.0,2,2750.0,Регионы,Wildberries,Возврат
504302,2024-04-28,1021.0,1,1380.0,Москва,Wildberries,Доставлен
510667,2024-10-30,1020.0,1,1390.0,Санкт-Петербург,Wildberries,Доставлен
510998,2024-11-07,1005.0,2,2690.0,Санкт-Петербург,Wildberries,Доставлен
503839,2024-04-15,1024.0,1,3740.0,Новосибирск,Ozon,Возврат
510939,2024-11-05,1024.0,1,3020.0,Регионы,Ozon,Отменён
510944,2024-11-05,1025.0,1,2880.0,Регионы,Ozon,Возврат
507160,2024-07-29,1001.0,1,1250.0,Регионы,Wildberries,Доставлен
509456,2024-09-25,1016.0,1,2580.0,Москва,Ozon,Доставлен
501024,2024-02-05,1004.0,2,2500.0,Регионы,Ozon,Доставлен
503258,2024-03-30,1004.0,2,2660.0,Москва,Ozon,Доставлен
500972,2024-02-03,1022.0,1,1520.0,Москва,Wildberries,Доставлен
505377,2024-06-02,1018.0,1,750.0,Санкт-Петербург,Ozon,Возврат
505979,2024-06-21,1010.0,1,1100.0,Екатеринбург,Wildberries,Возврат
503902,2024-04-17,1022.0,1,1430.0,Регионы,Wildberries,Доставлен
502099,2024-03-06,1003.0,1,3230.0,Москва,Wildberries,Отменён
509728,2024-10-02,1012.0,1,2900.0,Регионы,Wildberries,Доставлен
506533,2024-07-09,1007.0,2,1100.0,Регионы,Ozon,Отменён
500359,2024-01-13,1006.0,1,3830.0,Москва,Wildberries,Доставлен
502675,2024-03-18,1004.0,1,2810.0,Москва,Ozon,Отменён
506015,2024-06-22,1013.0,1,2580.0,Регионы,Ozon,Доставлен
512672,2024-12-08,1011.0,1,3400.0,Санкт-Петербург,Wildberries,Доставлен
508545,2024-09-02,1021.0,2,1400.0,Новосибирск,Wildberries,Возврат
507446,2024-08-05,1020.0,1,1330.0,Москва,Wildberries,Доставлен
507230,2024-07-31,1007.0,1,1300.0,Москва,Wildberries,Доставлен
503275,2024-03-30,1018.0,1,700.0,Новосибирск,Wildberries,Отменён
503085,2024-03-26,1023.0,1,970.0,Санкт-Петербург,Ozon,Доставлен
507032,2024-07-25,1013.0,1,2340.0,Регионы,Ozon,Доставлен
501987,2024-03-03,1024.0,1,3060.0,Санкт-Петербург,Ozon,Доставлен
503086,2024-03-26,1023.0,1,850.0,Москва,Ozon,Доставлен
505569,2024-06-09,1007.0,1,1080.0,Санкт-Петербург,Ozon,Доставлен
503269,2024-03-30,1011.0,1,3310.0,Санкт-Петербург,Ozon,Доставлен
509724,2024-10-02,1010.0,1,1300.0,Москва,Wildberries,Доставлен
506470,2024-07-07,1003.0,2,3390.0,Санкт-Петербург,Ozon,Доставлен
505106,2024-05-25,1005.0,1,2510.0,Регионы,Wildberries,Доставлен
513676,2024-12-24,1020.0,1,1360.0,Новосибирск,Ozon,Доставлен
504371,2024-05-01,1002.0,1,4130.0,Санкт-Петербург,Wildberries,Доставлен
500602,2024-01-21,1024.0,1,2960.0,Санкт-Петербург,Wildberries,Доставлен
504380,2024-05-01,1010.0,1,1160.0,Екатеринбург,Ozon,Доставлен
513090,2024-12-14,1026.0,1,2710.0,Москва,Wildberries,Отменён
503650,2024-04-10,1021.0,2,1560.0,Санкт-Петербург,Wildberries,Возврат
500864,2024-01-31,1013.0,1,2110.0,Санкт-Петербург,Ozon,Доставлен
507261,2024-08-01,1002.0,3,3900.0,Москва,Ozon,Возврат
509952,2024-10-09,1023.0,1,950.0,Регионы,Ozon,Доставлен
512948,2024-12-12,1014.0,1,2670.0,Регионы,Ozon,Доставлен
502123,2024-03-06,1014.0,1,2590.0,Москва,Wildberries,Доставлен
512683,2024-12-08,1015.0,1,2430.0,Новосибирск,Wildberries,Доставлен
502238,2024-03-08,1022.0,1,1510.0,Новосибирск,Ozon,Доставлен
507416,2024-08-04,1023.0,2,1010.0,Регионы,Wildberries,Доставлен
506506,2024-07-08,1008.0,1,4080.0,Новосибирск,Ozon,Доставлен
500477,2024-01-17,1026.0,1,2180.0,Регионы,Wildberries,Доставлен
506377,2024-07-04,1011.0,1,3880.0,Екатеринбург,Wildberries,Доставлен
512429,2024-12-04,1012.0,1,3000.0,Новосибирск,Ozon,Доставлен
505780,2024-06-16,1001.0,1,1250.0,Регионы,Wildberries,Доставлен
502712,2024-03-19,1001.0,1,1180.0,Санкт-Петербург,Wildberries,Доставлен
500322,2024-01-11,1020.0,1,1420.0,Санкт-Петербург,Wildberries,Возврат
505008,2024-05-21,1012.0,1,3100.0,Санкт-Петербург,Ozon,Доставлен
513947,2024-12-29,1004.0,1,2480.0,Санкт-Петербург,Wildberries,Доставлен
502106,2024-03-06,1005.0,1,2580.0,Санкт-Петербург,Wildberries,Доставлен
501180,2024-02-09,1014.0,1,2340.0,Санкт-Петербург,Ozon,Доставлен
508488,2024-09-01,1001.0,1,1360.0,Регионы,Ozon,Доставлен
505522,2024-06-07,1021.0,1,1550.0,Москва,Ozon,Доставлен
511006,2024-11-07,1012.0,1,3110.0,Новосибирск,Wildberries,Доставлен
500228,2024-01-08,1005.0,2,2700.0,Санкт-Петербург,Wildberries,Доставлен
507009,2024-07-24,1016.0,1,2520.0,Москва,Ozon,Доставлен
506865,2024-07-19,1017.0,1,1620.0,Регионы,Wildberries,Доставлен
503379,2024-04-01,1019.0,1,2140.0,Санкт-Петербург,Wildberries,Доставлен
502450,2024-03-13,1005.0,1,2830.0,Регионы,Wildberries,Возврат
501114,2024-02-07,1019.0,1,2220.0,Екатеринбург,Wildberries,Отменён
500006,2024-01-01,1004.0,1,2320.0,Москва,Wildberries,Доставлен
508099,2024-08-22,1014.0,1,2720.0,Москва,Ozon,Отменён
510047,2024-10-12,1021.0,1,1460.0,Регионы,Wildberries,Доставлен
513449,2024-12-20,1025.0,1,2970.0,Регионы,Ozon,Доставлен
507050,2024-07-25,1023.0,1,880.0,Москва,Wildberries,Доставлен
500476,2024-01-17,1024.0,1,2980.0,Москва,Wildberries,Доставлен
500064,2024-01-03,1009.0,1,1670.0,Регионы,Wildberries,Доставлен
505326,2024-06-01,1008.0,1,4000.0,Новосибирск,Wildberries,Отменён
511442,2024-11-16,1001.0,1,1300.0,Москва,Ozon,Доставлен
506907,2024-07-20,1022.0,1,1550.0,Санкт-Петербург,Ozon,Доставлен
513437,2024-12-20,1020.0,1,1280.0,Екатеринбург,Wildberries,Доставлен
500494,2024-01-18,1013.0,2,2620.0,Регионы,Wildberries,Доставлен
500445,2024-01-16,1022.0,2,1690.0,Регионы,Wildberries,Доставлен
505047,2024-05-22,1021.0,1,1510.0,Новосибирск,Wildberries,Доставлен
503156,2024-03-28,1002.0,1,3380.0,Новосибирск,Wildberries,Доставлен
510712,2024-10-31,1025.0,1,2750.0,Москва,Wildberries,Доставлен
505200,2024-05-28,1004.0,1,2430.0,Москва,Ozon,Доставлен
507570,2024-08-09,1004.0,2,2750.0,Екатеринбург,Ozon,Доставлен
513652,2024-12-24,1009.0,1,2010.0,Екатеринбург,Ozon,Доставлен
509294,2024-09-21,1019.0,1,2090.0,Регионы,Wildberries,Доставлен
502790,2024-03-20,1025.0,2,3090.0,Регионы,Wildberries,Доставлен
513584,2024-12-23,1006.0,1,3670.0,Регионы,Ozon,Возврат
505815,2024-06-16,1022.0,1,1650.0,Санкт-Петербург,Wildberries,Доставлен
501885,2024-03-01,1024.0,2,3060.0,Регионы,Ozon,Доставлен
511908,2024-11-24,1013.0,1,2420.0,Новосибирск,Wildberries,Доставлен
506209,2024-06-28,1023.0,1,1060.0,Регионы,Ozon,Доставлен
508916,2024-09-11,1020.0,1,1550.0,Регионы,Wildberries,Доставлен
504196,2024-04-25,1025.0,1,2880.0,Москва,Ozon,Доставлен
507517,2024-08-07,1023.0,1,930.0,Москва,Wildberries,Доставлен
510513,2024-10-26,1017.0,1,1480.0,Москва,Wildberries,Возврат
511829,2024-11-23,1008.0,1,4350.0,Москва,Wildberries,Доставлен
512435,2024-12-04,1015.0,1,2460.0,Регионы,Ozon,Возврат
506665,2024-07-13,1008.0,1,4460.0,Санкт-Петербург,Ozon,Доставлен
505178,2024-05-27,1010.0,1,1170.0,Москва,Wildberries,Доставлен
500480,2024-01-18,1002.0,1,3540.0,Санкт-Петербург,Wildberries,Доставлен
509352,2024-09-23,1003.0,1,3380.0,Регионы,Wildberries,Доставлен
501232,2024-02-11,1004.0,1,2490.0,Москва,Wildberries,Доставлен
507346,2024-08-03,1006.0,1,4120.0,Регионы,Ozon,Доставлен
511874,2024-11-24,1001.0,1,1290.0,Москва,Ozon,Доставлен
512040,2024-11-27,1018.0,1,740.0,Москва,Ozon,Отменён
503679,2024-04-11,1014.0,1,2370.0,Москва,Wildberries,Возврат
513459,2024-12-21,1003.0,1,3740.0,Москва,Wildberries,Доставлен
507485,2024-08-06,1024.0,1,3110.0,Регионы,Wildberries,Доставлен
510293,2024-10-19,1022.0,1,1440.0,Регионы,Wildberries,Возврат
512706,2024-12-08,1022.0,1,1670.0,Регионы,Wildberries,Доставлен
508719,2024-09-06,1022.0,1,1660.0,Екатеринбург,Wildberries,Доставлен
512390,2024-12-03,1026.0,1,2270.0,Санкт-Петербург,Wildberries,Доставлен
507669,2024-08-11,1017.0,1,1500.0,Регионы,Ozon,Доставлен
506995,2024-07-23,1024.0,1,3640.0,Москва,Ozon,Возврат
507433,2024-08-05,1013.0,2,2090.0,Регионы,Wildberries,Отменён
501138,2024-02-08,1014.0,1,2330.0,Регионы,Wildberries,Доставлен
507103,2024-07-27,1012.0,1,3140.0,Санкт-Петербург,Wildberries,Доставлен
510543,2024-10-27,1006.0,1,3770.0,Екатеринбург,Ozon,Доставлен
505111,2024-05-25,1008.0,1,4120.0,Москва,Wildberries,Доставлен
505558,2024-06-08,1024.0,1,3510.0,Регионы,Wildberries,Доставлен
503710,2024-04-12,1015.0,1,2320.0,Регионы,Wildberries,Доставлен
502520,2024-03-14,1021.0,2,1490.0,Москва,Wildberries,Доставлен
502908,2024-03-23,1007.0,2,1170.0,Москва,Wildberries,Доставлен
513739,2024-12-25,1021.0,1,1570.0,Новосибирск,Wildberries,Доставлен
511161,2024-11-10,1017.0,2,1580.0,Москва,Wildberries,Доставлен
502308,2024-03-10,1010.0,1,1130.0,Регионы,Ozon,Отменён
505228,2024-05-28,1026.0,1,2450.0,Новосибирск,Wildberries,Доставлен
509939,2024-10-09,1003.0,1,3560.0,Москва,Wildberries,Доставлен
509260,2024-09-20,1026.0,1,2230.0,Регионы,Ozon,Доставлен
510245,2024-10-18,1016.0,1,2410.0,Санкт-Петербург,Ozon,Доставлен
504224,2024-04-26,1019.0,1,2340.0,Москва,Ozon,Доставлен
511703,2024-11-20,1022.0,1,1480.0,Санкт-Петербург,Wildberries,Доставлен
509078,2024-09-15,1025.0,1,2910.0,Регионы,Wildberries,Доставлен
506358,2024-07-03,1021.0,1,1700.0,Москва,Wildberries,Доставлен
500116,2024-01-04,1018.0,2,790.0,Москва,Wildberries,Доставлен
508134,2024-08-23,1011.0,1,3980.0,Санкт-Петербург,Wildberries,Доставлен
503325,2024-03-31,1013.0,1,2210.0,Регионы,Ozon,Доставлен
513889,2024-12-28,1010.0,2,1290.0,Москва,Wildberries,Доставлен
503397,2024-04-02,1006.0,1,4190.0,Екатеринбург,Ozon,Доставлен
508034,2024-08-20,1026.0,1,2150.0,Санкт-Петербург,Ozon,Доставлен
507184,2024-07-29,1020.0,2,1310.0,Новосибирск,Ozon,Доставлен
509742,2024-10-02,1025.0,1,3030.0,Регионы,Wildberries,Отменён
501519,2024-02-19,1024.0,1,3100.0,Санкт-Петербург,Wildberries,Доставлен
508440,2024-08-30,1021.0,1,1680.0,Москва,Wildberries,Доставлен
509484,2024-09-26,1007.0,2,1280.0,Регионы,Ozon,Отменён
510153,2024-10-15,1025.0,2,3230.0,Санкт-Петербург,Wildberries,Возврат
509268,2024-09-21,1005.0,2,2570.0,Регионы,Wildberries,Возврат
503214,2024-03-29,1009.0,1,1770.0,Москва,Wildberries,Доставлен
511747,2024-11-21,1019.0,1,2340.0,Санкт-Петербург,Wildberries,Доставлен
506104,2024-06-25,1014.0,1,2170.0,Екатеринбург,Wildberries,Возврат
512886,2024-12-11,1016.0,1,2350.0,Регионы,Ozon,Доставлен
510121,2024-10-15,1004.0,2,2300.0,Санкт-Петербург,Wildberries,Отменён
514012,2024-12-30,1007.0,1,1150.0,Регионы,Wildberries,Возврат
514064,2024-12-30,1024.0,2,3410.0,Екатеринбург,Wildberries,Доставлен
508234,2024-08-25,1019.0,3,2050.0,Санкт-Петербург,Wildberries,Отменён
504418,2024-05-02,1007.0,1,1270.0,Екатеринбург,Wildberries,Возврат
510419,2024-10-24,1002.0,2,4210.0,Екатеринбург,Wildberries,Возврат
512067,2024-11-28,1008.0,2,5040.0,Екатеринбург,Wildberries,Доставлен
512964,2024-12-12,1022.0,2,1700.0,Санкт-Петербург,Wildberries,Доставлен
501732,2024-02-26,1011.0,1,3670.0,Новосибирск,Wildberries,Доставлен
504914,2024-05-18,1014.0,1,2350.0,Новосибирск,Ozon,Доставлен
509577,2024-09-28,1021.0,1,1660.0,Регионы,Wildberries,Доставлен
505107,2024-05-25,1005.0,1,2550.0,Регионы,Wildberries,Доставлен
513263,2024-12-17,1019.0,1,2430.0,Москва,Wildberries,Доставлен
513421,2024-12-20,1012.0,1,3330.0,Екатеринбург,Wildberries,Доставлен
513846,2024-12-27,1014.0,1,2610.0,Екатеринбург,Ozon,Доставлен
503311,2024-03-31,1006.0,1,4220.0,Москва,Wildberries,Доставлен
507120,2024-07-27,1021.0,1,1420.0,Москва,Wildberries,Доставлен
507660,2024-08-11,1011.0,1,3730.0,Санкт-Петербург,Ozon,Доставлен
507750,2024-08-13,1010.0,1,1330.0,Москва,Ozon,Доставлен
506583,2024-07-10,1026.0,1,2480.0,Санкт-Петербург,Wildberries,Доставлен
506293,2024-07-01,1020.0,1,1260.0,Регионы,Wildberries,Возврат
506076,2024-06-24,1011.0,2,3440.0,Регионы,Wildberries,Доставлен
507499,2024-08-07,1012.0,1,3350.0,Новосибирск,Wildberries,Доставлен
506717,2024-07-15,1004.0,1,2310.0,Регионы,Ozon,Доставлен
505358,2024-06-02,1009.0,1,1910.0,Регионы,Ozon,Доставлен
503973,2024-04-19,1014.0,1,2700.0,Москва,Wildberries,Доставлен
500640,2024-01-23,1003.0,1,3410.0,Санкт-Петербург,Wildberries,Доставлен
510758,2024-11-01,1017.0,1,1700.0,Москва,Wildberries,Доставлен
501236,2024-02-11,1006.0,1,3600.0,Москва,Ozon,Доставлен
507627,2024-08-10,1008.0,1,4450.0,Санкт-Петербург,Wildberries,Доставлен
505360,2024-06-02,1009.0,1,1640.0,Регионы,Wildberries,Доставлен
503956,2024-04-19,1007.0,1,1080.0,Регионы,Wildberries,Доставлен
510694,2024-10-31,1014.0,1,2170.0,Москва,Wildberries,Доставлен
512452,2024-12-04,1025.0,2,3210.0,Регионы,Wildberries,Доставлен
509876,2024-10-07,1005.0,1,2560.0,Санкт-Петербург,Ozon,Доставлен
507435,2024-08-05,1014.0,1,2220.0,Екатеринбург,Wildberries,Доставлен
501396,2024-02-15,1020.0,1,1450.0,Москва,Ozon,Доставлен
512307,2024-12-02,1014.0,1,2260.0,Санкт-Петербург,Wildberries,Возврат
507683,2024-08-11,1026.0,1,2440.0,Новосибирск,Wildberries,Доставлен
501997,2024-03-04,1002.0,1,4100.0,Регионы,Wildberries,Доставлен
513942,2024-12-29,1001.0,1,1380.0,Регионы,Wildberries,Доставлен
504248,2024-04-27,1011.0,1,3800.0,Регионы,Wildberries,Доставлен
502497,2024-03-14,1005.0,1,2260.0,Регионы,Ozon,Отменён
503152,2024-03-28,1001.0,1,1260.0,Санкт-Петербург,Ozon,Возврат
507591,2024-08-09,1015.0,2,2590.0,Москва,Wildberries,Доставлен
501176,2024-02-09,1012.0,1,2690.0,Москва,Ozon,Доставлен
503798,2024-04-14,1023.0,1,840.0,Москва,Ozon,Доставлен
505336,2024-06-01,1014.0,1,2290.0,Екатеринбург,Wildberries,Доставлен
503916,2024-04-18,1010.0,1,1100.0,Регионы,Wildberries,Доставлен
506816,2024-07-18,1001.0,1,1290.0,Москва,Wildberries,Доставлен
503917,2024-04-18,1011.0,2,3900.0,Екатеринбург,Ozon,Доставлен
509490,2024-09-26,1012.0,2,3250.0,Москва,Wildberries,Доставлен
501304,2024-02-12,1023.0,1,940.0,Москва,Wildberries,Доставлен
504285,2024-04-28,1008.0,1,4530.0,Санкт-Петербург,Wildberries,Отменён
503303,2024-03-30,1026.0,1,2700.0,Регионы,Wildberries,Отменён
509690,2024-10-01,1011.0,2,3470.0,Новосибирск,Wildberries,Доставлен
504247,2024-04-27,1010.0,2,1360.0,Екатеринбург,Ozon,Возврат
506022,2024-06-22,1015.0,1,2330.0,Москва,Wildberries,Отменён
507258,2024-07-31,1026.0,2,2220.0,Москва,Wildberries,Доставлен
512476,2024-12-05,1007.0,1,1070.0,Москва,Wildberries,Доставлен
503506,2024-04-06,1006.0,1,4190.0,Санкт-Петербург,Wildberries,Возврат
504153,2024-04-24,1010.0,1,1210.0,Екатеринбург,Ozon,Доставлен
504748,2024-05-12,1015.0,1,2320.0,Санкт-Петербург,Ozon,Отменён
513858,2024-12-27,1025.0,1,2970.0,Екатеринбург,Wildberries,Доставлен
510446,2024-10-24,1022.0,1,1430.0,Новосибирск,Wildberries,Доставлен
506130,2024-06-26,1010.0,1,1100.0,Регионы,Wildberries,Возврат
510095,2024-10-14,1009.0,1,1840.0,Новосибирск,Wildberries,Доставлен
509683,2024-10-01,1006.0,1,3810.0,Регионы,Wildberries,Доставлен
512889,2024-12-11,1017.0,1,1740.0,Регионы,Wildberries,Доставлен
513798,2024-12-26,1022.0,1,1610.0,Регионы,Wildberries,Доставлен
501105,2024-02-07,1013.0,1,2310.0,Регионы,Wildberries,Доставлен
512929,2024-12-12,1007.0,1,1290.0,Регионы,Ozon,Доставлен
510274,2024-10-19,1010.0,3,1130.0,Регионы,Wildberries,Доставлен
503554,2024-04-07,1022.0,1,1740.0,Санкт-Петербург,Wildberries,Доставлен
501718,2024-02-25,1022.0,1,1510.0,Екатеринбург,Wildberries,Доставлен
505477,2024-06-06,1001.0,1,1290.0,Москва,Ozon,Доставлен
503645,2024-04-10,1016.0,1,2650.0,Москва,Wildberries,Доставлен
508891,2024-09-11,1003.0,2,2940.0,Регионы,Wildberries,Доставлен
504487,2024-05-04,1007.0,1,1170.0,Москва,Wildberries,Доставлен
501507,2024-02-19,1014.0,1,2570.0,Регионы,Ozon,Доставлен
511253,2024-11-12,1012.0,1,3260.0,Москва,Wildberries,Доставлен
512740,2024-12-09,1011.0,1,3210.0,Регионы,Ozon,Доставлен
506812,2024-07-17,1024.0,1,3460.0,Москва,Wildberries,Доставлен
502982,2024-03-24,1021.0,1,1620.0,Новосибирск,Ozon,Доставлен
505325,2024-06-01,1006.0,1,4370.0,Москва,Wildberries,Возврат
510402,2024-10-23,1013.0,1,2400.0,Регионы,Wildberries,Доставлен
501112,2024-02-07,1017.0,1,1530.0,Регионы,Ozon,Возврат
505668,2024-06-12,1012.0,1,2780.0,Санкт-Петербург,Wildberries,Доставлен
508688,2024-09-05,1025.0,1,3120.0,Регионы,Wildberries,Доставлен
502452,2024-03-13,1006.0,1,4290.0,Санкт-Петербург,Wildberries,Доставлен
512752,2024-12-09,1019.0,1,2130.0,Москва,Wildberries,Доставлен
503175,2024-03-28,1016.0,1,2370.0,Регионы,Wildberries,Возврат
506728,2024-07-15,1013.0,1,2470.0,Москва,Ozon,Возврат
513585,2024-12-23,1006.0,1,4180.0,Регионы,Ozon,Доставлен
502386,2024-03-11,1025.0,1,2820.0,Москва,Ozon,Доставлен
506232,2024-06-29,1018.0,1,820.0,Регионы,Ozon,Доставлен
502314,2024-03-10,1014.0,2,2320.0,Регионы,Ozon,Доставлен
513772,2024-12-26,1012.0,1,2990.0,Санкт-Петербург,Wildberries,Доставлен
513892,2024-12-28,1010.0,1,1250.0,Регионы,Wildberries,Доставлен
508373,2024-08-29,1009.0,1,1630.0,Екатеринбург,Ozon,Доставлен
501691,2024-02-24,1019.0,1,2260.0,Екатеринбург,Ozon,Доставлен
503223,2024-03-29,1016.0,1,2720.0,Москва,Wildberries,Доставлен
513109,2024-12-15,1004.0,1,2420.0,Екатеринбург,Wildberries,Доставлен
507359,2024-08-03,1013.0,1,2090.0,Регионы,Ozon,Доставлен
511099,2024-11-09,1011.0,1,3880.0,Новосибирск,Ozon,Отменён
510842,2024-11-03,1008.0,1,4650.0,Москва,Wildberries,Доставлен
505090,2024-05-24,1018.0,1,730.0,Екатеринбург,Wildberries,Доставлен
509311,2024-09-22,1002.0,1,3920.0,Москва,Wildberries,Отменён
500940,2024-02-02,1025.0,2,2560.0,Екатеринбург,Wildberries,Доставлен
514072,2024-12-31,1001.0,1,1240.0,Москва,Ozon,Доставлен
506960,2024-07-22,1016.0,1,2220.0,Екатеринбург,Wildberries,Доставлен
511660,2024-11-20,1004.0,2,2420.0,Санкт-Петербург,Wildberries,Доставлен
500787,2024-01-28,1012.0,1,3250.0,Санкт-Петербург,Wildberries,Доставлен
511435,2024-11-15,1021.0,3,1510.0,Регионы,Wildberries,Доставлен
507801,2024-08-14,1020.0,1,1440.0,Регионы,Wildberries,Доставлен
508933,2024-09-12,1007.0,2,1190.0,Москва,Ozon,Доставлен
504382,2024-05-01,1011.0,1,3860.0,Регионы,Ozon,Доставлен
505147,2024-05-26,1014.0,3,2710.0,Москва,Wildberries,Доставлен
512603,2024-12-07,1011.0,1,3960.0,Регионы,Ozon,Доставлен
507865,2024-08-16,1014.0,1,2640.0,Санкт-Петербург,Wildberries,Доставлен
504053,2024-04-21,1022.0,1,1540.0,Москва,Wildberries,Доставлен
503401,2024-04-02,1011.0,1,3780.0,Екатеринбург,Wildberries,Доставлен
508524,2024-09-02,1004.0,1,2260.0,Регионы,Wildberries,Доставлен
501196,2024-02-10,1004.0,2,2640.0,Москва,Wildberries,Возврат
503857,2024-04-16,1011.0,2,3350.0,Екатеринбург,Wildberries,Доставлен
504948,2024-05-19,1019.0,1,2330.0,Регионы,Wildberries,Отменён
509919,2024-10-08,1016.0,1,2630.0,Москва,Ozon,Возврат
508201,2024-08-25,1002.0,1,4080.0,Санкт-Петербург,Wildberries,Доставлен
506785,2024-07-17,1004.0,1,2490.0,Новосибирск,Wildberries,Доставлен
507060,2024-07-26,1008.0,1,4670.0,Регионы,Wildberries,Доставлен
507220,2024-07-30,1023.0,1,890.0,Москва,Ozon,Доставлен
502857,2024-03-22,1009.0,2,2010.0,Санкт-Петербург,Wildberries,Доставлен
504747,2024-05-12,1015.0,1,2450.0,Москва,Wildberries,Доставлен
504897,2024-05-17,1026.0,1,2220.0,Москва,Wildberries,Доставлен
510334,2024-10-21,1002.0,1,3820.0,Москва,Wildberries,Доставлен
508276,2024-08-26,1018.0,3,770.0,Регионы,Wildberries,Доставлен
509013,2024-09-14,1009.0,1,1780.0,Регионы,Wildberries,Доставлен
509417,2024-09-24,1017.0,1,1520.0,Москва,Ozon,Возврат
500029,2024-01-02,1001.0,1,1310.0,Екатеринбург,Wildberries,Доставлен
512353,2024-12-03,1004.0,1,2760.0,Регионы,Wildberries,Доставлен
510186,2024-10-17,1004.0,1,2590.0,Москва,Wildberries,Доставлен
504320,2024-04-29,1008.0,1,4400.0,Регионы,Wildberries,Доставлен
506659,2024-07-13,1004.0,1,2800.0,Москва,Ozon,Доставлен
501623,2024-02-22,1023.0,1,990.0,Москва,Ozon,Доставлен
509286,2024-09-21,1013.0,1,2200.0,Москва,Ozon,Доставлен
507916,2024-08-18,1002.0,1,4230.0,Новосибирск,Ozon,Доставлен
513703,2024-12-25,1006.0,1,3880.0,Екатеринбург,Wildberries,Доставлен
508498,2024-09-01,1006.0,2,4100.0,Москва,Ozon,Возврат
513198,2024-12-16,1016.0,2,2480.0,Екатеринбург,Ozon,Возврат
507875,2024-08-16,1017.0,3,1420.0,Регионы,Wildberries,Доставлен
509733,2024-10-02,1015.0,1,2210.0,Новосибирск,Wildberries,Доставлен
511480,2024-11-16,1018.0,1,780.0,Санкт-Петербург,Ozon,Доставлен
504446,2024-05-02,1026.0,1,2340.0,Регионы,Wildberries,Доставлен
513712,2024-12-25,1009.0,1,1790.0,Санкт-Петербург,Wildberries,Доставлен
513054,2024-12-14,1010.0,1,1270.0,Регионы,Wildberries,Доставлен
513759,2024-12-26,1005.0,1,2810.0,Регионы,Ozon,Доставлен
500805,2024-01-29,1008.0,1,5040.0,Новосибирск,Ozon,Доставлен
505785,2024-06-16,1004.0,1,2290.0,Москва,Ozon,Доставлен
511720,2024-11-21,1004.0,1,2640.0,Москва,Wildberries,Доставлен
513723,2024-12-25,1015.0,2,2240.0,Регионы,Wildberries,Доставлен
502574,2024-03-15,1019.0,2,1960.0,Регионы,Ozon,Доставлен
510480,2024-10-25,1026.0,1,2340.0,Новосибирск,Wildberries,Доставлен
503457,2024-04-03,1026.0,1,2180.0,Санкт-Петербург,Wildberries,Доставлен
509196,2024-09-19,1008.0,1,4100.0,Москва,Wildberries,Отменён
501809,2024-02-28,1022.0,1,1390.0,Москва,Wildberries,Доставлен
501597,2024-02-22,1003.0,2,3710.0,Регионы,Wildberries,Доставлен
508522,2024-09-02,1003.0,1,3620.0,Санкт-Петербург,Ozon,Возврат
504745,2024-05-12,1014.0,1,2480.0,Екатеринбург,Wildberries,Отменён
502786,2024-03-20,1023.0,1,910.0,Санкт-Петербург,Wildberries,Доставлен
500834,2024-01-30,1009.0,1,1900.0,Екатеринбург,Ozon,Доставлен
513147,2024-12-15,1021.0,3,1680.0,Екатеринбург,Ozon,Отменён
512487,2024-12-05,1011.0,1,3400.0,Санкт-Петербург,Wildberries,Доставлен
507413,2024-08-04,1021.0,2,1430.0,Регионы,Ozon,Доставлен
504374,2024-05-01,1006.0,1,4230.0,Москва,Ozon,Доставлен
508264,2024-08-26,1012.0,1,3140.0,Москва,Ozon,Доставлен
510105,2024-10-14,1016.0,2,2480.0,Регионы,Wildberries,Доставлен
513773,2024-12-26,1013.0,1,2520.0,Екатеринбург,Ozon,Доставлен
500883,2024-02-01,1001.0,2,1220.0,Регионы,Wildberries,Доставлен
505860,2024-06-18,1004.0,1,2730.0,Новосибирск,Wildberries,Доставлен
507263,2024-08-01,1004.0,1,2820.0,Новосибирск,Ozon,Доставлен
503549,2024-04-07,1019.0,2,2020.0,Екатеринбург,Wildberries,Доставлен
507110,2024-07-27,1017.0,1,1740.0,Новосибирск,Wildberries,Доставлен
505080,2024-05-24,1007.0,1,1310.0,Новосибирск,Wildberries,Доставлен
501509,2024-02-19,1015.0,1,2460.0,Санкт-Петербург,Ozon,Доставлен
512038,2024-11-27,1016.0,1,2680.0,Москва,Wildberries,Доставлен
502334,2024-03-10,1025.0,2,2950.0,Москва,Ozon,Доставлен
500012,2024-01-01,1007.0,1,1090.0,Екатеринбург,Wildberries,Доставлен
507040,2024-07-25,1015.0,1,2400.0,Екатеринбург,Wildberries,Доставлен
509264,2024-09-21,1002.0,1,3430.0,Новосибирск,Ozon,Доставлен
508088,2024-08-22,1004.0,1,2330.0,Санкт-Петербург,Ozon,Возврат
500887,2024-02-01,1005.0,1,2270.0,Новосибирск,Wildberries,Доставлен
508387,2024-08-29,1018.0,1,830.0,Санкт-Петербург,Wildberries,Доставлен
512428,2024-12-04,1012.0,1,3180.0,Москва,Wildberries,Возврат
502141,2024-03-06,1022.0,3,1740.0,Санкт-Петербург,Wildberries,Доставлен
507925,2024-08-18,1006.0,1,4190.0,Москва,Wildberries,Доставлен
508928,2024-09-12,1002.0,1,3940.0,Екатеринбург,Ozon,Возврат
507463,2024-08-06,1008.0,1,4740.0,Регионы,Wildberries,Возврат
514011,2024-12-30,1007.0,1,1170.0,Регионы,Wildberries,Возврат
509016,2024-09-14,1011.0,1,3690.0,Москва,Ozon,Доставлен
513579,2024-12-23,1004.0,1,2460.0,Москва,Ozon,Доставлен
504638,2024-05-08,1019.0,1,2260.0,Екатеринбург,Ozon,Доставлен
501876,2024-03-01,1022.0,1,1640.0,Регионы,Wildberries,Доставлен
512208,2024-11-30,1025.0,2,2750.0,Регионы,Wildberries,Доставлен
508004,2024-08-19,1026.0,1,2140.0,Санкт-Петербург,Wildberries,Доставлен
505487,2024-06-06,1009.0,1,1680.0,Москва,Wildberries,Доставлен
512955,2024-12-12,1015.0,1,2480.0,Москва,Ozon,Доставлен
510637,2024-10-29,1024.0,1,3750.0,Москва,Ozon,Доставлен
501734,2024-02-26,1011.0,1,3870.0,Екатеринбург,Ozon,Доставлен
512096,2024-11-28,1023.0,2,980.0,Москва,Ozon,Доставлен
506017,2024-06-22,1014.0,1,2440.0,Москва,Wildberries,Доставлен
508861,2024-09-10,1013.0,1,2310.0,Москва,Ozon,Доставлен
502209,2024-03-08,1002.0,1,4200.0,Санкт-Петербург,Wildberries,Доставлен
510509,2024-10-26,1016.0,1,2280.0,Москва,Ozon,Доставлен
511051,2024-11-08,1010.0,1,1240.0,Новосибирск,Ozon,Доставлен
507831,2024-08-15,1017.0,1,1470.0,Москва,Wildberries,Возврат
504665,2024-05-09,1025.0,1,3160.0,Москва,Ozon,Доставлен
509360,2024-09-23,1006.0,1,4110.0,Регионы,Ozon,Доставлен
504079,2024-04-22,1014.0,1,2680.0,Санкт-Петербург,Wildberries,Отменён
504618,2024-05-08,1002.0,1,3760.0,Регионы,Ozon,Доставлен
501325,2024-02-13,1015.0,1,2160.0,Москва,Wildberries,Доставлен
507564,2024-08-08,1022.0,2,1540.0,Екатеринбург,Wildberries,Доставлен
503023,2024-03-25,1018.0,1,840.0,Екатеринбург,Wildberries,Доставлен
513611,2024-12-23,1018.0,2,860.0,Новосибирск,Ozon,Возврат
504997,2024-05-21,1006.0,1,3800.0,Москва,Ozon,Доставлен
503272,2024-03-30,1012.0,1,2810.0,Санкт-Петербург,Wildberries,Доставлен
502689,2024-03-18,1015.0,1,2600.0,Регионы,Wildberries,Доставлен
510890,2024-11-04,1010.0,2,1240.0,Москва,Wildberries,Доставлен
502171,2024-03-07,1007.0,2,1050.0,Санкт-Петербург,Wildberries,Доставлен
500653,2024-01-23,1022.0,1,1520.0,Регионы,Ozon,Доставлен
510884,2024-11-04,1006.0,1,3720.0,Москва,Ozon,Доставлен
513180,2024-12-16,1010.0,1,1310.0,Регионы,Wildberries,Доставлен
501884,2024-03-01,1024.0,1,3230.0,Москва,Ozon,Доставлен
504463,2024-05-03,1015.0,1,2240.0,Санкт-Петербург,Ozon,Доставлен
503660,2024-04-11,1002.0,1,3770.0,Санкт-Петербург,Wildberries,Доставлен
513923,2024-12-28,1019.0,1,2250.0,Регионы,Wildberries,Доставлен
507051,2024-07-25,1024.0,1,3280.0,Москва,Ozon,Доставлен
512829,2024-12-10,1024.0,2,3250.0,Новосибирск,Ozon,Доставлен
504550,2024-05-06,1004.0,1,2770.0,Регионы,Wildberries,Доставлен
513202,2024-12-16,1018.0,1,730.0,Москва,Wildberries,Доставлен
500992,2024-02-04,1007.0,1,1080.0,Санкт-Петербург,Wildberries,Доставлен
500487,2024-01-18,1011.0,1,3620.0,Регионы,Wildberries,Доставлен
513081,2024-12-14,1022.0,1,1740.0,Екатеринбург,Wildberries,Доставлен
500715,2024-01-26,1003.0,1,3730.0,Москва,Wildberries,Возврат
510836,2024-11-03,1007.0,1,1040.0,Санкт-Петербург,Wildberries,Возврат
501707,2024-02-25,1013.0,1,2260.0,Регионы,Ozon,Доставлен
507952,2024-08-18,1021.0,1,1420.0,Москва,Wildberries,Доставлен
500164,2024-01-05,1025.0,1,2650.0,Санкт-Петербург,Wildberries,Доставлен
506620,2024-07-11,1025.0,1,2570.0,Екатеринбург,Wildberries,Возврат
501097,2024-02-07,1010.0,1,1210.0,Москва,Ozon,Доставлен
504938,2024-05-19,1010.0,2,1310.0,Москва,Wildberries,Доставлен
510141,2024-10-15,1017.0,1,1680.0,Новосибирск,Wildberries,Возврат
512674,2024-12-08,1011.0,1,3570.0,Москва,Wildberries,Доставлен
502560,2024-03-15,1011.0,1,3910.0,Регионы,Wildberries,Отменён
502370,2024-03-11,1018.0,1,730.0,Москва,Wildberries,Доставлен
507490,2024-08-07,1006.0,1,4540.0,Санкт-Петербург,Ozon,Доставлен
500514,2024-01-18,1026.0,1,2680.0,Москва,Ozon,Доставлен
507432,2024-08-05,1012.0,1,3160.0,Москва,Wildberries,Возврат
507351,2024-08-03,1009.0,2,1960.0,Москва,Wildberries,Доставлен
509421,2024-09-24,1017.0,1,1660.0,Регионы,Wildberries,Доставлен
506202,2024-06-28,1019.0,1,2450.0,Москва,Ozon,Доставлен
509646,2024-09-30,1008.0,1,3990.0,Санкт-Петербург,Wildberries,Доставлен
501584,2024-02-21,1021.0,1,1640.0,Санкт-Петербург,Wildberries,Доставлен
507174,2024-07-29,1015.0,1,2270.0,Регионы,Wildberries,Доставлен
503102,2024-03-27,1004.0,1,2300.0,Москва,Wildberries,Доставлен
503544,2024-04-07,1014.0,2,2220.0,Регионы,Wildberries,Доставлен
510000,2024-10-11,1008.0,1,4800.0,Новосибирск,Wildberries,Доставлен
512681,2024-12-08,1015.0,1,2220.0,Екатеринбург,Ozon,Доставлен
507899,2024-08-17,1008.0,1,5000.0,Санкт-Петербург,Wildberries,Доставлен
506993,2024-07-23,1022.0,1,1560.0,Регионы,Ozon,Доставлен
502751,2024-03-19,1025.0,1,3070.0,Новосибирск,Wildberries,Доставлен
513488,2024-12-21,1014.0,1,2580.0,Москва,Ozon,Доставлен
503180,2024-03-28,1019.0,1,2260.0,Регионы,Wildberries,Доставлен
504848,2024-05-16,1009.0,2,1930.0,Москва,Wildberries,Отменён
508095,2024-08-22,1011.0,1,3500.0,Регионы,Ozon,Доставлен
513278,2024-12-17,1023.0,1,870.0,Регионы,Ozon,Отменён
503244,2024-03-29,1025.0,1,3190.0,Екатеринбург,Wildberries,Доставлен
500991,2024-02-04,1007.0,1,1310.0,Регионы,Wildberries,Доставлен
502254,2024-03-08,1026.0,1,2620.0,Москва,Wildberries,Доставлен
512566,2024-12-06,1025.0,1,2660.0,Москва,Ozon,Отменён
501807,2024-02-28,1021.0,1,1510.0,Регионы,Wildberries,Доставлен
511067,2024-11-08,1020.0,1,1460.0,Регионы,Ozon,Доставлен
511822,2024-11-23,1003.0,1,2990.0,Екатеринбург,Wildberries,Доставлен
504593,2024-05-07,1015.0,1,2420.0,Екатеринбург,Ozon,Доставлен
507670,2024-08-11,1018.0,2,700.0,Москва,Wildberries,Доставлен
500086,2024-01-03,1023.0,1,1040.0,Регионы,Ozon,Доставлен
511804,2024-11-22,1020.0,1,1260.0,Москва,Ozon,Возврат
512557,2024-12-06,1022.0,1,1470.0,Регионы,Ozon,Возврат
509048,2024-09-15,1009.0,2,1630.0,Москва,Wildberries,Возврат
500561,2024-01-20,1011.0,1,3770.0,Регионы,Ozon,Доставлен
513346,2024-12-19,1002.0,1,3880.0,Регионы,Wildberries,Доставлен
506792,2024-07-17,1008.0,1,4870.0,Екатеринбург,Ozon,Доставлен
506850,2024-07-19,1002.0,2,4050.0,Москва,Wildberries,Доставлен
500345,2024-01-12,1012.0,2,3080.0,Москва,Ozon,Возврат
512841,2024-12-11,1002.0,1,3420.0,Регионы,Ozon,Доставлен
513926,2024-12-28,1020.0,2,1580.0,Регионы,Ozon,Доставлен
506766,2024-07-16,1017.0,1,1570.0,Новосибирск,Ozon,Отменён
511186,2024-11-11,1004.0,1,2270.0,Москва,Wildberries,Доставлен
501289,2024-02-12,1014.0,1,2220.0,Екатеринбург,Wildberries,Доставлен
506731,2024-07-15,1014.0,1,2340.0,Регионы,Wildberries,Отменён
509017,2024-09-14,1011.0,1,3640.0,Москва,Wildberries,Доставлен
513594,2024-12-23,1010.0,2,1310.0,Екатеринбург,Wildberries,Доставлен
511313,2024-11-13,1012.0,1,3070.0,Москва,Wildberries,Доставлен
500122,2024-01-04,1022.0,1,1670.0,Екатеринбург,Wildberries,Доставлен
505716,2024-06-13,1023.0,1,1050.0,Санкт-Петербург,Wildberries,Доставлен
506843,2024-07-18,1021.0,1,1470.0,Санкт-Петербург,Ozon,Доставлен
508164,2024-08-24,1009.0,1,1930.0,Москва,Ozon,Доставлен
504552,2024-05-06,1007.0,2,1220.0,Екатеринбург,Ozon,Доставлен
514059,2024-12-30,1022.0,1,1620.0,Регионы,Ozon,Доставлен
512016,2024-11-27,1006.0,1,4100.0,Екатеринбург,Wildberries,Доставлен
503548,2024-04-07,1018.0,1,830.0,Екатеринбург,Wildberries,Доставлен
509527,2024-09-27,1008.0,2,4360.0,Регионы,Wildberries,Возврат
506679,2024-07-13,1018.0,1,760.0,Новосибирск,Ozon,Доставлен
512092,2024-11-28,1021.0,1,1640.0,Санкт-Петербург,Ozon,Доставлен
512658,2024-12-08,1007.0,1,1230.0,Екатеринбург,Wildberries,Доставлен
504580,2024-05-07,1011.0,1,3570.0,Регионы,Wildberries,Доставлен
507119,2024-07-27,1021.0,2,1720.0,Москва,Ozon,Доставлен
510282,2024-10-19,1015.0,2,2080.0,Москва,Ozon,Доставлен
509532,2024-09-27,1011.0,1,4000.0,Санкт-Петербург,Wildberries,Доставлен
511605,2024-11-19,1006.0,1,4200.0,Регионы,Ozon,Доставлен
507353,2024-08-03,1010.0,1,1340.0,Регионы,Ozon,Доставлен
500117,2024-01-04,1018.0,1,780.0,Регионы,Wildberries,Доставлен
502896,2024-03-22,1026.0,1,2260.0,Регионы,Wildberries,Доставлен
511401,2024-11-15,1004.0,1,2770.0,Москва,Ozon,Возврат
506236,2024-06-29,1020.0,1,1510.0,Екатеринбург,Ozon,Доставлен
504267,2024-04-27,1024.0,1,3190.0,Регионы,Wildberries,Доставлен
502193,2024-03-07,1020.0,1,1390.0,Санкт-Петербург,Ozon,Доставлен
509614,2024-09-29,1017.0,1,1630.0,Санкт-Петербург,Wildberries,Доставлен
512701,2024-12-08,1020.0,2,1400.0,Москва,Wildberries,Отменён
501682,2024-02-24,1013.0,1,2410.0,Санкт-Петербург,Wildberries,Возврат
505833,2024-06-17,1010.0,1,1340.0,Москва,Ozon,Доставлен
502632,2024-03-17,1003.0,1,3100.0,Регионы,Wildberries,Отменён
506968,2024-07-22,1021.0,1,1460.0,Москва,Ozon,Доставлен
510542,2024-10-27,1006.0,1,3710.0,Москва,Wildberries,Доставлен
503874,2024-04-16,1022.0,1,1480.0,Регионы,Ozon,Доставлен
510396,2024-10-23,1011.0,2,3160.0,Москва,Ozon,Доставлен
508713,2024-09-06,1019.0,1,2120.0,Москва,Ozon,Доставлен
509244,2024-09-20,1015.0,1,2500.0,Москва,Ozon,Доставлен
505123,2024-05-25,1015.0,1,2110.0,Регионы,Ozon,Доставлен
503398,2024-04-02,1007.0,1,1320.0,Регионы,Wildberries,Доставлен
510976,2024-11-06,1016.0,2,2550.0,Москва,Wildberries,Доставлен
510744,2024-11-01,1010.0,2,1140.0,Екатеринбург,Ozon,Возврат
502760,2024-03-20,1003.0,1,3110.0,Москва,Ozon,Доставлен
511248,2024-11-12,1010.0,1,1230.0,Санкт-Петербург,Wildberries,Доставлен
510457,2024-10-25,1002.0,1,3640.0,Москва,Wildberries,Доставлен
513497,2024-12-21,1020.0,1,1530.0,Санкт-Петербург,Wildberries,Доставлен
510640,2024-10-29,1026.0,1,2340.0,Москва,Wildberries,Доставлен
504612,2024-05-07,1025.0,1,3200.0,Санкт-Петербург,Wildberries,Доставлен
511855,2024-11-23,1017.0,1,1740.0,Москва,Wildberries,Доставлен
504426,2024-05-02,1011.0,2,3970.0,Регионы,Wildberries,Доставлен
508189,2024-08-24,1021.0,1,1720.0,Регионы,Wildberries,Доставлен
503159,2024-03-28,1005.0,1,2290.0,Москва,Wildberries,Доставлен
505262,2024-05-30,1005.0,1,2810.0,Москва,Wildberries,Доставлен
500789,2024-01-28,1013.0,1,2190.0,Москва,Ozon,Доставлен
505543,2024-06-08,1012.0,1,3130.0,Регионы,Ozon,Доставлен
510974,2024-11-06,1014.0,1,2180.0,Москва,Wildberries,Доставлен
512468,2024-12-05,1003.0,1,3330.0,Екатеринбург,Ozon,Возврат
507940,2024-08-18,1014.0,1,2620.0,Санкт-Петербург,Ozon,Доставлен
513461,2024-12-21,1003.0,1,3280.0,Регионы,Wildberries,Доставлен
510569,2024-10-27,1025.0,1,3080.0,Москва,Ozon,Доставлен
502468,2024-03-13,1018.0,1,800.0,Екатеринбург,Wildberries,Доставлен
502755,2024-03-19,1026.0,1,2280.0,Москва,Wildberries,Доставлен
503364,2024-04-01,1008.0,1,4220.0,Регионы,Wildberries,Доставлен
500314,2024-01-11,1014.0,2,2390.0,Санкт-Петербург,Wildberries,Доставлен
502832,2024-03-21,1024.0,1,3480.0,Екатеринбург,Ozon,Доставлен
511575,2024-11-18,1016.0,1,2300.0,Регионы,Wildberries,Доставлен
505888,2024-06-18,1019.0,1,2010.0,Новосибирск,Ozon,Доставлен
511670,2024-11-20,1006.0,1,3680.0,Екатеринбург,Ozon,Возврат
500404,2024-01-15,1002.0,1,4030.0,Регионы,Wildberries,Доставлен
502012,2024-03-04,1015.0,1,2510.0,Регионы,Wildberries,Доставлен
502953,2024-03-24,1003.0,1,3050.0,Екатеринбург,Ozon,Возврат
512761,2024-12-09,1024.0,1,3660.0,Екатеринбург,Wildberries,Доставлен
501901,2024-03-02,1003.0,1,3410.0,Санкт-Петербург,Ozon,Доставлен
509275,2024-09-21,1007.0,1,1210.0,Москва,Ozon,Доставлен
508967,2024-09-13,1006.0,1,3840.0,Екатеринбург,Ozon,Доставлен
502530,2024-03-14,1025.0,1,2820.0,Москва,Ozon,Доставлен
502442,2024-03-12,1026.0,1,2670.0,Москва,Wildberries,Доставлен
500102,2024-01-04,1006.0,1,4150.0,Регионы,Ozon,Доставлен
508607,2024-09-04,1007.0,1,1060.0,Новосибирск,Wildberries,Доставлен
509224,2024-09-20,1004.0,1,2320.0,Новосибирск,Wildberries,Доставлен
505431,2024-06-04,1017.0,1,1540.0,Москва,Wildberries,Возврат
508843,2024-09-09,1018.0,1,680.0,Москва,Wildberries,Доставлен
502335,2024-03-10,1025.0,2,3200.0,Новосибирск,Wildberries,Доставлен
502527,2024-03-14,1024.0,1,3020.0,Регионы,Ozon,Доставлен
502610,2024-03-16,1015.0,1,2150.0,Москва,Ozon,Возврат
506530,2024-07-09,1006.0,1,3890.0,Регионы,Wildberries,Доставлен
501916,2024-03-02,1010.0,1,1130.0,Санкт-Петербург,Ozon,Доставлен
511692,2024-11-20,1015.0,1,2320.0,Регионы,Ozon,Доставлен
512200,2024-11-30,1021.0,2,1560.0,Новосибирск,Ozon,Доставлен
513804,2024-12-26,1024.0,1,3640.0,Москва,Ozon,Доставлен
501471,2024-02-18,1005.0,1,2310.0,Екатеринбург,Ozon,Доставлен
506215,2024-06-29,1005.0,1,2410.0,Регионы,Wildberries,Доставлен
504162,2024-04-24,1024.0,1,3090.0,Москва,Ozon,Отменён
508376,2024-08-29,1013.0,1,2320.0,Екатеринбург,Wildberries,Возврат
501925,2024-03-02,1015.0,1,2050.0,Москва,Ozon,Доставлен
505369,2024-06-02,1012.0,1,3010.0,Регионы,Wildberries,Доставлен
500325,2024-01-11,1023.0,1,890.0,Санкт-Петербург,Wildberries,Доставлен
508045,2024-08-21,1004.0,1,2800.0,Санкт-Петербург,Wildberries,Доставлен
511634,2024-11-19,1016.0,1,2370.0,Екатеринбург,Wildberries,Доставлен
504587,2024-05-07,1012.0,2,2690.0,Москва,Wildberries,Доставлен
502524,2024-03-14,1023.0,1,930.0,Екатеринбург,Wildberries,Доставлен
508239,2024-08-25,1021.0,1,1630.0,Новосибирск,Ozon,Доставлен
507354,2024-08-03,1012.0,1,2780.0,Новосибирск,Wildberries,Доставлен
513972,2024-12-29,1014.0,1,2370.0,Регионы,Wildberries,Доставлен
504192,2024-04-25,1023.0,1,840.0,Новосибирск,Ozon,Доставлен
510181,2024-10-16,1022.0,1,1700.0,Регионы,Ozon,Доставлен
506093,2024-06-24,1026.0,1,2180.0,Новосибирск,Wildberries,Доставлен
502583,2024-03-15,1024.0,1,3700.0,Регионы,Wildberries,Доставлен
503921,2024-04-18,1013.0,1,2250.0,Регионы,Ozon,Доставлен
511916,2024-11-24,1021.0,1,1630.0,Регионы,Ozon,Доставлен
506627,2024-07-12,1004.0,1,2400.0,Москва,Wildberries,Доставлен
513985,2024-12-29,1021.0,2,1680.0,Новосибирск,Wildberries,Доставлен
505794,2024-06-16,1012.0,1,2780.0,Москва,Ozon,Доставлен
502294,2024-03-10,1002.0,1,4190.0,Москва,Ozon,Доставлен
505063,2024-05-23,1017.0,1,1500.0,Москва,Ozon,Доставлен
508203,2024-08-25,1003.0,1,3060.0,Регионы,Wildberries,Доставлен
504557,2024-05-06,1012.0,1,3370.0,Регионы,Wildberries,Отменён
511476,2024-11-16,1017.0,1,1530.0,Регионы,Wildberries,Доставлен
509938,2024-10-09,1002.0,2,3480.0,Москва,Wildberries,Доставлен
507393,2024-08-04,1010.0,1,1200.0,Санкт-Петербург,Ozon,Доставлен
503078,2024-03-26,1020.0,1,1560.0,Санкт-Петербург,Wildberries,Доставлен
512463,2024-12-05,1002.0,1,3650.0,Регионы,Ozon,Отменён
512239,2024-12-01,1010.0,1,1220.0,Санкт-Петербург,Wildberries,Доставлен
513216,2024-12-17,1002.0,1,3540.0,Санкт-Петербург,Wildberries,Отменён
500628,2024-01-22,1019.0,1,2270.0,Москва,Ozon,Отменён
507111,2024-07-27,1017.0,1,1620.0,Регионы,Ozon,Доставлен
508672,2024-09-05,1015.0,1,2090.0,Регионы,Wildberries,Доставлен
506509,2024-07-08,1009.0,2,1610.0,Регионы,Wildberries,Доставлен
510747,2024-11-01,1012.0,1,3320.0,Москва,Wildberries,Доставлен
508217,2024-08-25,1012.0,1,2760.0,Санкт-Петербург,Wildberries,Доставлен
507124,2024-07-27,1026.0,1,2720.0,Регионы,Wildberries,Доставлен
502058,2024-03-05,1006.0,1,4320.0,Регионы,Wildberries,Доставлен
511491,2024-11-16,1026.0,1,2310.0,Екатеринбург,Wildberries,Доставлен
508978,2024-09-13,1013.0,1,2610.0,Санкт-Петербург,Ozon,Доставлен
512905,2024-12-11,1021.0,1,1510.0,Москва,Ozon,Возврат
511205,2024-11-11,1014.0,1,2140.0,Москва,Wildberries,Доставлен
511915,2024-11-24,1018.0,1,850.0,Москва,Ozon,Доставлен
509908,2024-10-08,1010.0,1,1220.0,Регионы,Ozon,Отменён
500611,2024-01-22,1007.0,1,1110.0,Регионы,Wildberries,Доставлен
506451,2024-07-06,1019.0,1,2300.0,Регионы,Wildberries,Доставлен
511987,2024-11-26,1012.0,1,3140.0,Москва,Ozon,Отменён
509099,2024-09-16,1012.0,1,2660.0,Москва,Wildberries,Доставлен
509838,2024-10-06,1003.0,1,2970.0,Новосибирск,Wildberries,Доставлен
512206,2024-11-30,1025.0,1,3200.0,Регионы,Ozon,Возврат
513989,2024-12-29,1022.0,1,1570.0,Москва,Wildberries,Доставлен
506833,2024-07-18,1014.0,1,2500.0,Регионы,Ozon,Доставлен
500995,2024-02-04,1008.0,1,4440.0,Санкт-Петербург,Wildberries,Доставлен
511748,2024-11-21,1020.0,1,1540.0,Москва,Wildberries,Доставлен
513764,2024-12-26,1008.0,1,4210.0,Москва,Wildberries,Доставлен
507409,2024-08-04,1020.0,1,1460.0,Санкт-Петербург,Ozon,Доставлен
504727,2024-05-11,1021.0,1,1610.0,Екатеринбург,Wildberries,Доставлен
513451,2024-12-21,1001.0,1,1290.0,Москва,Wildberries,Доставлен
503893,2024-04-17,1014.0,1,2670.0,Новосибирск,Ozon,Отменён
509018,2024-09-14,1012.0,1,2740.0,Москва,Ozon,Доставлен
506112,2024-06-25,1021.0,2,1470.0,Москва,Ozon,Отменён
509894,2024-10-07,1022.0,1,1490.0,Регионы,Wildberries,Доставлен
504950,2024-05-19,1019.0,1,2350.0,Регионы,Wildberries,Доставлен
509928,2024-10-08,1024.0,1,3750.0,Москва,Ozon,Доставлен
503358,2024-04-01,1005.0,1,2680.0,Регионы,Ozon,Доставлен
502736,2024-03-19,1018.0,1,840.0,Екатеринбург,Ozon,Доставлен
504509,2024-05-04,1023.0,1,900.0,Регионы,Wildberries,Доставлен
510300,2024-10-20,1002.0,1,3970.0,Екатеринбург,Wildberries,Доставлен
514070,2024-12-30,1025.0,1,2970.0,Санкт-Петербург,Wildberries,Возврат
503694,2024-04-11,1024.0,1,3050.0,Регионы,Wildberries,Доставлен
505913,2024-06-19,1008.0,1,4360.0,Регионы,Ozon,Доставлен
504237,2024-04-26,1026.0,3,2230.0,Санкт-Петербург,Wildberries,Отменён
507663,2024-08-11,1013.0,2,2480.0,Регионы,Ozon,Доставлен
504650,2024-05-09,1005.0,2,2350.0,Санкт-Петербург,Wildberries,Доставлен
512454,2024-12-04,1026.0,1,2350.0,Екатеринбург,Wildberries,Доставлен
506990,2024-07-23,1021.0,1,1360.0,Регионы,Wildberries,Доставлен
500659,2024-01-24,1002.0,1,4070.0,Москва,Ozon,Доставлен
510952,2024-11-06,1004.0,1,2490.0,Санкт-Петербург,Wildberries,Доставлен
513628,2024-12-23,1025.0,1,2680.0,Санкт-Петербург,Wildberries,Доставлен
509707,2024-10-01,1023.0,1,930.0,Москва,Ozon,Отменён
501843,2024-03-01,1002.0,2,3720.0,Москва,Ozon,Доставлен
501277,2024-02-12,1011.0,1,3840.0,Регионы,Wildberries,Доставлен
511296,2024-11-13,1008.0,1,4620.0,Регионы,Wildberries,Доставлен
513775,2024-12-26,1014.0,1,2280.0,Регионы,Ozon,Доставлен
502127,2024-03-06,1016.0,1,2230.0,Санкт-Петербург,Ozon,Доставлен
510851,2024-11-03,1012.0,1,2770.0,Санкт-Петербург,Wildberries,Возврат
507376,2024-08-03,1021.0,2,1610.0,Москва,Wildberries,Доставлен
504700,2024-05-10,1025.0,1,2720.0,Санкт-Петербург,Wildberries,Доставлен
500378,2024-01-14,1001.0,1,1160.0,Регионы,Ozon,Возврат
500853,2024-01-30,1025.0,1,2740.0,Москва,Ozon,Доставлен
509495,2024-09-26,1016.0,1,2240.0,Москва,Wildberries,Доставлен
513189,2024-12-16,1013.0,1,2500.0,Регионы,Wildberries,Отменён
502316,2024-03-10,1015.0,1,2380.0,Санкт-Петербург,Wildberries,Возврат
502983,2024-03-24,1022.0,1,1650.0,Регионы,Wildberries,Доставлен
508330,2024-08-27,1026.0,1,2610.0,Регионы,Wildberries,Доставлен
507697,2024-08-12,1006.0,1,4510.0,Санкт-Петербург,Ozon,Доставлен
506391,2024-07-04,1025.0,1,3030.0,Санкт-Петербург,Ozon,Доставлен
505549,2024-06-08,1017.0,1,1640.0,Санкт-Петербург,Ozon,Доставлен
511817,2024-11-22,1026.0,1,2370.0,Регионы,Wildberries,Доставлен
501970,2024-03-03,1010.0,1,1270.0,Санкт-Петербург,Wildberries,Доставлен
503886,2024-04-17,1004.0,1,2650.0,Регионы,Ozon,Доставлен
505498,2024-06-06,1015.0,1,2130.0,Москва,Wildberries,Доставлен
511793,2024-11-22,1015.0,3,2160.0,Новосибирск,Ozon,Доставлен
509040,2024-09-15,1002.0,1,3800.0,Регионы,Ozon,Доставлен
502401,2024-03-12,1006.0,1,4430.0,Регионы,Ozon,Доставлен
507122,2024-07-27,1025.0,1,2690.0,Екатеринбург,Wildberries,Доставлен
511416,2024-11-15,1011.0,1,3710.0,Регионы,Wildberries,Доставлен
510345,2024-10-21,1014.0,1,2380.0,Санкт-Петербург,Wildberries,Доставлен
505445,2024-06-04,1026.0,1,2470.0,Москва,Wildberries,Возврат
504517,2024-05-05,1008.0,1,4060.0,Санкт-Петербург,Ozon,Доставлен
501084,2024-02-06,1025.0,1,2900.0,Екатеринбург,Wildberries,Доставлен
513793,2024-12-26,1021.0,1,1480.0,Регионы,Wildberries,Доставлен
508170,2024-08-24,1012.0,1,3270.0,Москва,Wildberries,Доставлен
511770,2024-11-22,1005.0,1,2610.0,Регионы,Wildberries,Доставлен
507101,2024-07-27,1011.0,1,3150.0,Москва,Ozon,Доставлен
510170,2024-10-16,1012.0,2,2840.0,Новосибирск,Wildberries,Доставлен
501108,2024-02-07,1015.0,1,2320.0,Регионы,Wildberries,Доставлен
500858,2024-01-31,1003.0,1,3490.0,Екатеринбург,Wildberries,Доставлен
511998,2024-11-26,1022.0,1,1570.0,Санкт-Петербург,Ozon,Доставлен
510311,2024-10-20,1010.0,1,1250.0,Санкт-Петербург,Wildberries,Доставлен
509627,2024-09-29,1025.0,1,3140.0,Санкт-Петербург,Ozon,Доставлен
505842,2024-06-17,1015.0,1,2110.0,Санкт-Петербург,Ozon,Доставлен
505999,2024-06-22,1001.0,1,1250.0,Екатеринбург,Wildberries,Доставлен
501874,2024-03-01,1021.0,1,1450.0,Москва,Ozon,Доставлен
500346,2024-01-12,1017.0,1,1400.0,Екатеринбург,Ozon,Доставлен
504225,2024-04-26,1020.0,1,1300.0,Регионы,Ozon,Доставлен
512420,2024-12-04,1008.0,1,5010.0,Москва,Wildberries,Доставлен
506788,2024-07-17,1006.0,1,3640.0,Новосибирск,Wildberries,Доставлен
507997,2024-08-19,1023.0,2,950.0,Москва,Ozon,Доставлен
512383,2024-12-03,1022.0,1,1610.0,Регионы,Ozon,Доставлен
509151,2024-09-17,1022.0,1,1400.0,Москва,Wildberries,Доставлен
501282,2024-02-12,1012.0,1,3050.0,Москва,Ozon,Возврат
500657,2024-01-23,1026.0,1,2310.0,Москва,Ozon,Доставлен
511030,2024-11-07,1025.0,2,2580.0,Москва,Wildberries,Доставлен
506639,2024-07-12,1011.0,1,3690.0,Санкт-Петербург,Wildberries,Доставлен
507112,2024-07-27,1018.0,1,870.0,Москва,Ozon,Доставлен
507812,2024-08-15,1005.0,1,2670.0,Новосибирск,Ozon,Доставлен
510782,2024-11-02,1006.0,1,4390.0,Регионы,Ozon,Доставлен
500271,2024-01-09,1024.0,1,3370.0,Регионы,Wildberries,Доставлен
507470,2024-08-06,1013.0,1,2380.0,Регионы,Ozon,Доставлен
500876,2024-01-31,1021.0,1,1430.0,Москва,Wildberries,Возврат
501902,2024-03-02,1003.0,1,3420.0,Регионы,Wildberries,Доставлен
501478,2024-02-18,1012.0,1,3140.0,Санкт-Петербург,Wildberries,Доставлен
513043,2024-12-14,1007.0,1,1110.0,Москва,Wildberries,Доставлен
506695,2024-07-14,1007.0,1,1260.0,Москва,Ozon,Доставлен
511008,2024-11-07,1013.0,1,2320.0,Регионы,Wildberries,Возврат
503658,2024-04-11,1002.0,1,3340.0,Санкт-Петербург,Wildberries,Доставлен
500966,2024-02-03,1017.0,1,1630.0,Регионы,Wildberries,Возврат
512716,2024-12-09,1003.0,1,3440.0,Регионы,Wildberries,Доставлен
500380,2024-01-14,1002.0,1,3540.0,Москва,Wildberries,Возврат
513838,2024-12-27,1011.0,3,3400.0,Екатеринбург,Wildberries,Доставлен
502268,2024-03-09,1010.0,2,1330.0,Москва,Ozon,Доставлен
512594,2024-12-07,1008.0,1,4740.0,Санкт-Петербург,Wildberries,Доставлен
510794,2024-11-02,1010.0,2,1090.0,Регионы,Wildberries,Доставлен
505415,2024-06-04,1005.0,1,2310.0,Регионы,Wildberries,Доставлен
501687,2024-02-24,1016.0,1,2720.0,Екатеринбург,Wildberries,Доставлен
505730,2024-06-14,1011.0,1,3370.0,Москва,Wildberries,Доставлен
504072,2024-04-22,1009.0,1,2000.0,Регионы,Wildberries,Доставлен
506229,2024-06-29,1016.0,1,2670.0,Регионы,Wildberries,Возврат
512033,2024-11-27,1014.0,1,2590.0,Регионы,Wildberries,Доставлен
506918,2024-07-21,1007.0,1,1300.0,Екатеринбург,Wildberries,Доставлен
504372,2024-05-01,1002.0,1,3850.0,Регионы,Ozon,Доставлен
513319,2024-12-18,1012.0,1,2650.0,Екатеринбург,Ozon,Доставлен
502174,2024-03-07,1010.0,2,1080.0,Екатеринбург,Ozon,Доставлен
505759,2024-06-15,1010.0,1,1320.0,Москва,Wildberries,Возврат
505925,2024-06-19,1016.0,2,2780.0,Регионы,Wildberries,Доставлен
501548,2024-02-20,1025.0,2,2940.0,Екатеринбург,Ozon,Доставлен
508027,2024-08-20,1020.0,1,1450.0,Москва,Ozon,Доставлен
513324,2024-12-18,1014.0,1,2490.0,Регионы,Wildberries,Доставлен
500573,2024-01-20,1024.0,1,3020.0,Екатеринбург,Wildberries,Доставлен
504822,2024-05-15,1014.0,1,2460.0,Новосибирск,Wildberries,Доставлен
513074,2024-12-14,1020.0,1,1420.0,Москва,Wildberries,Доставлен
511360,2024-11-14,1007.0,1,1190.0,Москва,Wildberries,Доставлен
501802,2024-02-28,1011.0,1,3530.0,Регионы,Wildberries,Возврат
500944,2024-02-03,1002.0,1,3360.0,Санкт-Петербург,Wildberries,Доставлен
502894,2024-03-22,1026.0,1,2340.0,Санкт-Петербург,Wildberries,Возврат
509046,2024-09-15,1005.0,1,2400.0,Регионы,Wildberries,Возврат
502125,2024-03-06,1014.0,1,2600.0,Новосибирск,Wildberries,Доставлен
500762,2024-01-27,1017.0,1,1590.0,Регионы,Wildberries,Доставлен
502642,2024-03-17,1012.0,1,3030.0,Санкт-Петербург,Ozon,Доставлен
507969,2024-08-19,1010.0,1,1280.0,Москва,Ozon,Доставлен
505610,2024-06-10,1020.0,3,1340.0,Москва,Wildberries,Доставлен
510968,2024-11-06,1012.0,1,2790.0,Регионы,Wildberries,Отменён
501530,2024-02-20,1011.0,1,3460.0,Москва,Wildberries,Доставлен
503072,2024-03-26,1017.0,1,1640.0,Москва,Ozon,Доставлен
509767,2024-10-03,1015.0,1,2240.0,Регионы,Ozon,Доставлен
508652,2024-09-05,1003.0,1,3360.0,Регионы,Ozon,Отменён
501324,2024-02-13,1014.0,1,2200.0,Москва,Ozon,Доставлен
506322,2024-07-02,1016.0,1,2270.0,Новосибирск,Wildberries,Доставлен
508480,2024-08-31,1020.0,1,1350.0,Санкт-Петербург,Wildberries,Доставлен
510677,2024-10-30,1026.0,1,2350.0,Регионы,Wildberries,Доставлен
510650,2024-10-30,1010.0,1,1310.0,Москва,Ozon,Доставлен
500340,2024-01-12,1006.0,1,3660.0,Регионы,Wildberries,Доставлен
512182,2024-11-30,1011.0,1,3400.0,Регионы,Wildberries,Возврат
507495,2024-08-07,1009.0,1,1870.0,Екатеринбург,Wildberries,Доставлен
506410,2024-07-05,1009.0,2,1790.0,Санкт-Петербург,Wildberries,Доставлен
502606,2024-03-16,1013.0,1,2320.0,Москва,Wildberries,Доставлен
500520,2024-01-19,1007.0,1,1110.0,Москва,Wildberries,Доставлен
505526,2024-06-07,1023.0,1,1040.0,Москва,Ozon,Доставлен
513994,2024-12-29,1024.0,1,3530.0,Регионы,Ozon,Возврат
512553,2024-12-06,1016.0,1,2390.0,Москва,Ozon,Доставлен
503728,2024-04-12,1023.0,2,950.0,Москва,Wildberries,Отменён
507296,2024-08-02,1001.0,2,1160.0,Санкт-Петербург,Wildberries,Доставлен
507852,2024-08-16,1006.0,1,4480.0,Москва,Wildberries,Доставлен
505826,2024-06-17,1004.0,1,2690.0,Москва,Ozon,Доставлен
501898,2024-03-02,1001.0,1,1220.0,Новосибирск,Ozon,Доставлен
507142,2024-07-28,1018.0,1,860.0,Регионы,Ozon,Доставлен
503847,2024-04-16,1002.0,2,3420.0,Москва,Ozon,Доставлен
512939,2024-12-12,1010.0,1,1360.0,Регионы,Ozon,Доставлен
511243,2024-11-12,1009.0,1,1670.0,Москва,Wildberries,Доставлен
500701,2024-01-25,1019.0,1,2110.0,Екатеринбург,Ozon,Доставлен
513192,2024-12-16,1014.0,1,2710.0,Новосибирск,Wildberries,Отменён
511319,2024-11-13,1014.0,1,2320.0,Санкт-Петербург,Wildberries,Доставлен
510607,2024-10-28,1024.0,1,3300.0,Санкт-Петербург,Wildberries,Доставлен
509206,2024-09-19,1014.0,1,2490.0,Регионы,Ozon,Доставлен
511517,2024-11-17,1015.0,1,2510.0,Екатеринбург,Wildberries,Возврат
506760,2024-07-16,1017.0,1,1610.0,Регионы,Ozon,Доставлен
502311,2024-03-10,1010.0,1,1300.0,Новосибирск,Wildberries,Доставлен
504804,2024-05-14,1010.0,1,1140.0,Новосибирск,Wildberries,Доставлен
508472,2024-08-31,1018.0,1,750.0,Регионы,Ozon,Доставлен
511427,2024-11-15,1016.0,2,2210.0,Новосибирск,Wildberries,Доставлен
502941,2024-03-23,1026.0,1,2260.0,Москва,Wildberries,Доставлен
510606,2024-10-28,1021.0,1,1550.0,Регионы,Wildberries,Отменён
512025,2024-11-27,1009.0,3,1780.0,Москва,Wildberries,Доставлен
500815,2024-01-29,1018.0,1,720.0,Екатеринбург,Wildberries,Доставлен
511922,2024-11-24,1026.0,1,2650.0,Регионы,Ozon,Отменён
502979,2024-03-24,1019.0,3,2410.0,Москва,Wildberries,Доставлен
504353,2024-04-30,1007.0,1,1110.0,Новосибирск,Wildberries,Доставлен
500053,2024-01-02,1022.0,1,1420.0,Регионы,Wildberries,Доставлен
513678,2024-12-24,1021.0,1,1650.0,Москва,Wildberries,Доставлен
504278,2024-04-28,1005.0,1,2660.0,Санкт-Петербург,Wildberries,Доставлен
511169,2024-11-10,1022.0,1,1720.0,Регионы,Ozon,Возврат
510548,2024-10-27,1008.0,1,4860.0,Москва,Ozon,Доставлен
507252,2024-07-31,1020.0,1,1270.0,Екатеринбург,Ozon,Доставлен
501560,2024-02-21,1006.0,1,4260.0,Москва,Wildberries,Отменён
512474,2024-12-05,1006.0,1,4000.0,Москва,Wildberries,Доставлен
506260,2024-06-30,1017.0,1,1570.0,Москва,Ozon,Доставлен
513716,2024-12-25,1012.0,2,2920.0,Регионы,Wildberries,Доставлен
500999,2024-02-04,1010.0,2,1080.0,Новосибирск,Ozon,Доставлен
504954,2024-05-19,1021.0,1,1550.0,Санкт-Петербург,Ozon,Доставлен
508433,2024-08-30,1019.0,1,1980.0,Регионы,Wildberries,Доставлен
511203,2024-11-11,1013.0,1,2510.0,Москва,Wildberries,Доставлен
502044,2024-03-05,1001.0,1,1310.0,Регионы,Ozon,Доставлен
501986,2024-03-03,1024.0,1,3590.0,Санкт-Петербург,Ozon,Доставлен
506753,2024-07-16,1007.0,1,1210.0,Регионы,Wildberries,Доставлен
502573,2024-03-15,1019.0,1,2150.0,Екатеринбург,Wildberries,Доставлен
501164,2024-02-09,1002.0,2,3980.0,Новосибирск,Wildberries,Доставлен
505789,2024-06-16,1009.0,1,1710.0,Санкт-Петербург,Wildberries,Отменён
510809,2024-11-02,1019.0,1,2200.0,Москва,Wildberries,Возврат
508005,2024-08-20,1001.0,1,1100.0,Регионы,Ozon,Доставлен
507067,2024-07-26,1010.0,1,1300.0,Регионы,Wildberries,Возврат
510724,2024-11-01,1003.0,1,3690.0,Регионы,Wildberries,Доставлен
500098,2024-01-04,1004.0,1,2270.0,Москва,Wildberries,Доставлен
509155,2024-09-18,1004.0,1,2330.0,Москва,Ozon,Доставлен
506738,2024-07-15,1021.0,1,1350.0,Москва,Wildberries,Доставлен
500893,2024-02-01,1011.0,1,3310.0,Регионы,Ozon,Доставлен
501123,2024-02-07,1023.0,1,910.0,Москва,Ozon,Доставлен
512046,2024-11-27,1021.0,1,1410.0,Новосибирск,Ozon,Возврат
506499,2024-07-07,1026.0,1,2500.0,Москва,Wildberries,Доставлен
503347,2024-03-31,1025.0,2,2600.0,Москва,Wildberries,Отменён
507717,2024-08-12,1016.0,1,2720.0,Регионы,Ozon,Доставлен
507661,2024-08-11,1012.0,1,3360.0,Москва,Ozon,Доставлен
512850,2024-12-11,1004.0,1,2450.0,Регионы,Ozon,Доставлен
505239,2024-05-29,1009.0,1,1850.0,Москва,Wildberries,Доставлен
502556,2024-03-15,1009.0,1,1600.0,Москва,Ozon,Отменён
510049,2024-10-12,1022.0,1,1480.0,Санкт-Петербург,Wildberries,Возврат
510754,2024-11-01,1014.0,1,2550.0,Новосибирск,Wildberries,Доставлен
508953,2024-09-12,1019.0,1,2270.0,Москва,Ozon,Доставлен
508554,2024-09-03,1001.0,1,1400.0,Москва,Wildberries,Доставлен
501764,2024-02-27,1008.0,1,0.0,Регионы,Ozon,Доставлен
510467,2024-10-25,1009.0,3,1830.0,Регионы,Ozon,Доставлен
506557,2024-07-09,1026.0,3,2320.0,Новосибирск,Wildberries,Возврат
511886,2024-11-24,1007.0,1,1300.0,Москва,Ozon,Доставлен
501116,2024-02-07,1020.0,1,1390.0,Москва,Wildberries,Доставлен
513837,2024-12-27,1011.0,2,3920.0,Москва,Wildberries,Доставлен
502846,2024-03-22,1004.0,1,2690.0,Санкт-Петербург,Ozon,Доставлен
505007,2024-05-21,1012.0,2,2770.0,Регионы,Wildberries,Доставлен
511501,2024-11-17,1006.0,1,4380.0,Москва,Ozon,Доставлен
513457,2024-12-21,1002.0,1,3330.0,Регионы,Wildberries,Доставлен
508018,2024-08-20,1016.0,1,2640.0,Регионы,Ozon,Возврат
508915,2024-09-11,1020.0,1,1570.0,Регионы,Ozon,Доставлен
509489,2024-09-26,1012.0,1,2790.0,Москва,Wildberries,Доставлен
501838,2024-02-29,1026.0,2,2390.0,Новосибирск,Wildberries,Доставлен
511810,2024-11-22,1022.0,3,1650.0,Регионы,Ozon,Возврат
500617,2024-01-22,1012.0,3,2990.0,Регионы,Ozon,Доставлен
507728,2024-08-12,1021.0,1,1560.0,Москва,Ozon,Возврат
511284,2024-11-13,1002.0,1,4120.0,Санкт-Петербург,Ozon,Отменён
509994,2024-10-11,1006.0,1,4210.0,Регионы,Wildberries,Доставлен
504863,2024-05-17,1001.0,1,1240.0,Санкт-Петербург,Wildberries,Возврат
507586,2024-08-09,1013.0,1,2610.0,Москва,Wildberries,Доставлен
504796,2024-05-14,1001.0,2,1310.0,Регионы,Ozon,Доставлен
513093,2024-12-14,1026.0,1,2620.0,Регионы,Wildberries,Доставлен
502684,2024-03-18,1012.0,1,3360.0,Екатеринбург,Wildberries,Доставлен
511925,2024-11-25,1003.0,1,3000.0,Санкт-Петербург,Ozon,Доставлен
513075,2024-12-14,1020.0,1,1400.0,Регионы,Wildberries,Доставлен
512726,2024-12-09,1007.0,1,1050.0,Санкт-Петербург,Ozon,Доставлен
509284,2024-09-21,1012.0,1,3250.0,Екатеринбург,Wildberries,Доставлен
504770,2024-05-13,1001.0,1,1300.0,Москва,Ozon,Доставлен
506203,2024-06-28,1019.0,1,2490.0,Санкт-Петербург,Ozon,Доставлен
512545,2024-12-06,1010.0,1,1260.0,Регионы,Ozon,Возврат
509612,2024-09-29,1015.0,1,2260.0,Москва,Wildberries,Доставлен
505299,2024-05-31,1011.0,1,3580.0,Новосибирск,Ozon,Доставлен
513842,2024-12-27,1012.0,1,3310.0,Регионы,Ozon,Доставлен
511438,2024-11-15,1024.0,1,3030.0,Москва,Ozon,Доставлен
505211,2024-05-28,1012.0,1,2880.0,Новосибирск,Wildberries,Возврат
510516,2024-10-26,1019.0,2,2220.0,Регионы,Wildberries,Доставлен
505376,2024-06-02,1016.0,1,2340.0,Регионы,Wildberries,Доставлен
508927,2024-09-12,1002.0,1,3930.0,Санкт-Петербург,Wildberries,Доставлен
501846,2024-03-01,1002.0,1,3490.0,Санкт-Петербург,Wildberries,Доставлен
507474,2024-08-06,1018.0,2,810.0,Регионы,Wildberries,Доставлен
500943,2024-02-02,1026.0,1,2730.0,Санкт-Петербург,Wildberries,Доставлен
500609,2024-01-22,1003.0,1,3300.0,Москва,Wildberries,Доставлен
509002,2024-09-14,1002.0,1,3490.0,Регионы,Ozon,Возврат
507288,2024-08-01,1021.0,1,1420.0,Санкт-Петербург,Wildberries,Доставлен
505564,2024-06-09,1005.0,1,2340.0,Москва,Wildberries,Возврат
503977,2024-04-19,1017.0,1,1540.0,Москва,Wildberries,Доставлен
512500,2024-12-05,1016.0,1,2290.0,Москва,Wildberries,Доставлен
510892,2024-11-04,1011.0,2,3240.0,Санкт-Петербург,Ozon,Возврат
510184,2024-10-17,1003.0,1,3600.0,Москва,Ozon,Доставлен
508466,2024-08-31,1017.0,1,1380.0,Санкт-Петербург,Wildberries,Доставлен
511270,2024-11-12,1020.0,1,1540.0,Регионы,Wildberries,Доставлен
512677,2024-12-08,1013.0,1,2220.0,Санкт-Петербург,Wildberries,Отменён
500518,2024-01-19,1004.0,1,2410.0,Регионы,Wildberries,Доставлен
512318,2024-12-02,1017.0,2,1400.0,Санкт-Петербург,Wildberries,Доставлен
503476,2024-04-04,1023.0,2,990.0,Екатеринбург,Wildberries,Доставлен
506443,2024-07-06,1013.0,1,2650.0,Москва,Ozon,Доставлен
511806,2024-11-22,1021.0,1,1610.0,Санкт-Петербург,Wildberries,Доставлен
500803,2024-01-29,1003.0,1,3480.0,Москва,Ozon,Доставлен
504560,2024-05-06,1014.0,1,2160.0,Новосибирск,Wildberries,Возврат
507746,2024-08-13,1008.0,1,4710.0,Новосибирск,Ozon,Доставлен
511433,2024-11-15,1021.0,1,1390.0,Москва,Ozon,Возврат
500057,2024-01-02,1024.0,1,3690.0,Регионы,Wildberries,Отменён
510247,2024-10-18,1016.0,2,2640.0,Москва,Ozon,Доставлен
513448,2024-12-20,1025.0,2,2730.0,Москва,Wildberries,Отменён
507806,2024-08-15,1001.0,2,1110.0,Санкт-Петербург,Ozon,Доставлен
512628,2024-12-07,1023.0,1,1040.0,Екатеринбург,Wildberries,Доставлен
513300,2024-12-18,1006.0,1,4390.0,Регионы,Ozon,Доставлен
501477,2024-02-18,1011.0,1,3910.0,Москва,Wildberries,Возврат
513494,2024-12-21,1017.0,1,1480.0,Регионы,Ozon,Доставлен
509682,2024-10-01,1006.0,2,4540.0,Регионы,Wildberries,Отменён
500288,2024-01-10,1014.0,2,2290.0,Новосибирск,Ozon,Доставлен
507489,2024-08-07,1003.0,1,3180.0,Регионы,Ozon,Отменён
511522,2024-11-17,1019.0,1,1970.0,Екатеринбург,Ozon,Доставлен
506141,2024-06-26,1018.0,1,730.0,Москва,Ozon,Доставлен
509497,2024-09-26,1018.0,1,840.0,Санкт-Петербург,Ozon,Доставлен
502363,2024-03-11,1017.0,1,1720.0,Регионы,Wildberries,Доставлен
509138,2024-09-17,1015.0,1,2080.0,Новосибирск,Wildberries,Доставлен
511031,2024-11-07,1025.0,2,2820.0,Москва,Wildberries,Доставлен
504266,2024-04-27,1023.0,1,860.0,Санкт-Петербург,Wildberries,Возврат
506603,2024-07-11,1014.0,1,2300.0,Екатеринбург,Ozon,Доставлен
510923,2024-11-05,1011.0,1,3410.0,Новосибирск,Wildberries,Доставлен
511945,2024-11-25,1011.0,1,3250.0,Регионы,Ozon,Доставлен
507858,2024-08-16,1010.0,1,1190.0,Екатеринбург,Wildberries,Доставлен
505825,2024-06-17,1004.0,1,2720.0,Регионы,Wildberries,Доставлен
503120,2024-03-27,1012.0,1,3000.0,Регионы,Ozon,Доставлен
511046,2024-11-08,1008.0,1,4740.0,Санкт-Петербург,Wildberries,Доставлен
507301,2024-08-02,1003.0,2,3420.0,Санкт-Петербург,Ozon,Доставлен
509974,2024-10-10,1014.0,2,2420.0,Регионы,Wildberries,Доставлен
509541,2024-09-27,1021.0,1,1660.0,Москва,Wildberries,Доставлен
513981,2024-12-29,1019.0,1,2100.0,Регионы,Wildberries,Отменён
508754,2024-09-07,1014.0,2,2690.0,Регионы,Ozon,Доставлен
505068,2024-05-23,1022.0,2,1590.0,Екатеринбург,Wildberries,Доставлен
503975,2024-04-19,1016.0,2,2650.0,Москва,Ozon,Доставлен
512262,2024-12-01,1020.0,1,1570.0,Москва,Wildberries,Доставлен
500869,2024-01-31,1017.0,2,1690.0,Регионы,Wildberries,Доставлен
507535,2024-08-08,1006.0,1,3760.0,Санкт-Петербург,Wildberries,Доставлен
511646,2024-11-19,1024.0,1,2970.0,Новосибирск,Ozon,Доставлен
504601,2024-05-07,1020.0,1,1360.0,Екатеринбург,Wildberries,Доставлен
504275,2024-04-28,1003.0,1,3300.0,Москва,Wildberries,Доставлен
501685,2024-02-24,1014.0,1,2240.0,Регионы,Ozon,Возврат
502737,2024-03-19,1018.0,2,790.0,Регионы,Wildberries,Доставлен
506567,2024-07-10,1010.0,1,1370.0,Регионы,Wildberries,Доставлен
502479,2024-03-13,1024.0,1,3440.0,Регионы,Wildberries,Доставлен
513987,2024-12-29,1022.0,1,1440.0,Москва,Ozon,Возврат
510904,2024-11-05,1001.0,1,1250.0,Москва,Wildberries,Возврат
501643,2024-02-23,1012.0,1,2900.0,Екатеринбург,Wildberries,Доставлен
512091,2024-11-28,1020.0,1,1350.0,Москва,Ozon,Доставлен
510867,2024-11-03,1023.0,1,990.0,Санкт-Петербург,Wildberries,Отменён
507320,2024-08-02,1018.0,1,790.0,Москва,Wildberries,Доставлен
510918,2024-11-05,1009.0,1,1980.0,Екатеринбург,Wildberries,Доставлен
511329,2024-11-13,1017.0,1,1710.0,Новосибирск,Wildberries,Доставлен
506283,2024-07-01,1014.0,1,2150.0,Москва,Wildberries,Доставлен
506063,2024-06-23,1025.0,3,2570.0,Санкт-Петербург,Ozon,Доставлен
508948,2024-09-12,1017.0,1,1520.0,Москва,Ozon,Доставлен
512713,2024-12-09,1001.0,1,1340.0,Москва,Wildberries,Доставлен
507167,2024-07-29,1007.0,1,1130.0,Москва,Ozon,Доставлен
505931,2024-06-19,1021.0,1,1480.0,Санкт-Петербург,Ozon,Доставлен
508474,2024-08-31,1018.0,1,800.0,Москва,Wildberries,Доставлен
510410,2024-10-23,1021.0,1,1450.0,Москва,Wildberries,Доставлен
501936,2024-03-02,1024.0,1,3110.0,Москва,Ozon,Доставлен
512504,2024-12-05,1018.0,1,700.0,Москва,Wildberries,Доставлен
506397,2024-07-05,1001.0,1,1100.0,Москва,Wildberries,Отменён
512419,2024-12-04,1008.0,2,4090.0,Регионы,Wildberries,Доставлен
504647,2024-05-09,1001.0,3,1270.0,Санкт-Петербург,Ozon,Доставлен
504414,2024-05-02,1005.0,2,2540.0,Новосибирск,Ozon,Доставлен
510656,2024-10-30,1014.0,1,2720.0,Регионы,Wildberries,Возврат
502327,2024-03-10,1024.0,1,3500.0,Москва,Ozon,Доставлен
512560,2024-12-06,1023.0,1,1010.0,Москва,Wildberries,Возврат
503053,2024-03-26,1004.0,1,2460.0,Регионы,Ozon,Доставлен
512960,2024-12-12,1018.0,2,870.0,Москва,Ozon,Доставлен
502537,2024-03-15,1002.0,1,3710.0,Москва,Ozon,Доставлен
509371,2024-09-23,1014.0,1,2420.0,Москва,Ozon,Доставлен
511493,2024-11-16,1026.0,1,2560.0,Москва,Ozon,Доставлен
512222,2024-12-01,1004.0,2,2540.0,Москва,Wildberries,Доставлен
506985,2024-07-23,1017.0,1,1630.0,Екатеринбург,Wildberries,Доставлен
513468,2024-12-21,1005.0,1,2320.0,Екатеринбург,Wildberries,Доставлен
503871,2024-04-16,1020.0,1,1600.0,Санкт-Петербург,Ozon,Доставлен
508130,2024-08-23,1010.0,1,1260.0,Москва,Wildberries,Доставлен
501879,2024-03-01,1022.0,1,1700.0,Москва,Ozon,Доставлен
511704,2024-11-20,1023.0,2,880.0,Регионы,Ozon,Доставлен
500976,2024-02-03,1023.0,1,970.0,Екатеринбург,Wildberries,Доставлен
512542,2024-12-06,1009.0,1,1880.0,Санкт-Петербург,Wildberries,Отменён
509368,2024-09-23,1013.0,1,2450.0,Регионы,Wildberries,Доставлен
502828,2024-03-21,1023.0,1,890.0,Регионы,Wildberries,Доставлен
507366,2024-08-03,1016.0,3,2360.0,Москва,Wildberries,Доставлен
511007,2024-11-07,1012.0,1,3310.0,Регионы,Wildberries,Доставлен
506565,2024-07-10,1008.0,1,4290.0,Москва,Ozon,Доставлен
513230,2024-12-17,1006.0,1,4580.0,Екатеринбург,Wildberries,Доставлен
509716,2024-10-02,1006.0,1,3790.0,Регионы,Wildberries,Доставлен
510094,2024-10-14,1007.0,1,1170.0,Санкт-Петербург,Wildberries,Доставлен
507949,2024-08-18,1018.0,1,730.0,Екатеринбург,Ozon,Доставлен
510280,2024-10-19,1013.0,1,2340.0,Санкт-Петербург,Ozon,Доставлен
503542,2024-04-07,1012.0,1,3120.0,Екатеринбург,Wildberries,Доставлен
506826,2024-07-18,1011.0,1,3930.0,Новосибирск,Ozon,Возврат
504087,2024-04-22,1018.0,1,700.0,Регионы,Ozon,Доставлен
502611,2024-03-16,1015.0,1,2580.0,Екатеринбург,Ozon,Доставлен
510932,2024-11-05,1017.0,1,1690.0,Москва,Wildberries,Доставлен
511534,2024-11-17,1023.0,1,840.0,Москва,Wildberries,Возврат
508816,2024-09-08,1025.0,1,2890.0,Москва,Ozon,Доставлен
504753,2024-05-12,1016.0,1,2650.0,Новосибирск,Ozon,Доставлен
508353,2024-08-28,1013.0,1,2550.0,Регионы,Ozon,Доставлен
502700,2024-03-18,1022.0,1,1650.0,Новосибирск,Ozon,Доставлен
507488,2024-08-07,1003.0,1,2960.0,Москва,Wildberries,Доставлен
513807,2024-12-26,1025.0,2,3040.0,Москва,Ozon,Возврат
508384,2024-08-29,1017.0,2,1740.0,Регионы,Ozon,Доставлен
503232,2024-03-29,1020.0,1,1540.0,Регионы,Wildberries,Доставлен
501335,2024-02-13,1025.0,2,3010.0,Екатеринбург,Wildberries,Доставлен
501619,2024-02-22,1019.0,1,1980.0,Регионы,Wildberries,Доставлен
506085,2024-06-24,1021.0,1,1490.0,Москва,Wildberries,Доставлен
509602,2024-09-29,1008.0,2,4720.0,Новосибирск,Wildberries,Доставлен
511036,2024-11-08,1002.0,1,3680.0,Санкт-Петербург,Wildberries,Доставлен
500230,2024-01-08,1008.0,1,4250.0,Новосибирск,Ozon,Доставлен
501355,2024-02-14,1017.0,1,1670.0,Санкт-Петербург,Wildberries,Доставлен
509499,2024-09-26,1018.0,2,690.0,Регионы,Ozon,Доставлен
507947,2024-08-18,1017.0,1,1670.0,Регионы,Ozon,Доставлен
507735,2024-08-12,1026.0,1,2160.0,Новосибирск,Ozon,Доставлен
505341,2024-06-01,1018.0,1,690.0,Санкт-Петербург,Wildberries,Доставлен
507192,2024-07-29,1022.0,1,1420.0,Санкт-Петербург,Wildberries,Доставлен
512448,2024-12-04,1023.0,1,940.0,Екатеринбург,Ozon,Доставлен
504037,2024-04-21,1004.0,1,2670.0,Санкт-Петербург,Wildberries,Доставлен
507389,2024-08-04,1003.0,1,3660.0,Москва,Wildberries,Доставлен
511714,2024-11-21,1001.0,1,1170.0,Москва,Ozon,Доставлен
502272,2024-03-09,1012.0,1,2790.0,Екатеринбург,Wildberries,Доставлен
501579,2024-02-21,1016.0,1,2600.0,Новосибирск,Wildberries,Доставлен
503773,2024-04-14,1004.0,3,2430.0,Санкт-Петербург,Ozon,Доставлен
510472,2024-10-25,1022.0,1,1490.0,Регионы,Wildberries,Отменён
513704,2024-12-25,1007.0,1,1190.0,Регионы,Wildberries,Доставлен
514097,2024-12-31,1011.0,1,3570.0,Москва,Wildberries,Доставлен
503960,2024-04-19,1009.0,1,1670.0,Москва,Wildberries,Доставлен
504834,2024-05-15,1021.0,1,1660.0,Москва,Ozon,Доставлен
512898,2024-12-11,1021.0,1,1360.0,Москва,Wildberries,Доставлен
505066,2024-05-23,1022.0,1,1700.0,Москва,Ozon,Доставлен
504596,2024-05-07,1016.0,2,2680.0,Екатеринбург,Wildberries,Доставлен
502722,2024-03-19,1010.0,1,1100.0,Санкт-Петербург,Wildberries,Доставлен
511332,2024-11-13,1021.0,1,1530.0,Регионы,Wildberries,Доставлен
500522,2024-01-19,1007.0,1,1090.0,Санкт-Петербург,Ozon,Доставлен
510820,2024-11-02,1026.0,1,2650.0,Регионы,Wildberries,Доставлен
500716,2024-01-26,1003.0,1,3220.0,Регионы,Wildberries,Доставлен
506757,2024-07-16,1013.0,1,2490.0,Екатеринбург,Wildberries,Доставлен
502702,2024-03-18,1023.0,1,1000.0,Екатеринбург,Ozon,Доставлен
510642,2024-10-30,1002.0,1,4200.0,Москва,Wildberries,Доставлен
501590,2024-02-21,1026.0,1,2380.0,Санкт-Петербург,Wildberries,Доставлен
506212,2024-06-29,1002.0,1,3990.0,Новосибирск,Ozon,Доставлен
508319,2024-08-27,1020.0,2,1490.0,Регионы,Wildberries,Доставлен
513909,2024-12-28,1016.0,1,2520.0,Регионы,Wildberries,Доставлен
507873,2024-08-16,1017.0,1,1520.0,Регионы,Wildberries,Доставлен
506226,2024-06-29,1012.0,2,2980.0,Москва,Wildberries,Возврат
503196,2024-03-28,1025.0,1,3180.0,Москва,Wildberries,Доставлен
506520,2024-07-08,1019.0,1,2190.0,Екатеринбург,Wildberries,Доставлен
503810,2024-04-15,1006.0,1,4330.0,Регионы,Ozon,Доставлен
505918,2024-06-19,1012.0,1,3100.0,Регионы,Ozon,Доставлен
501445,2024-02-17,1014.0,1,2320.0,Екатеринбург,Wildberries,Доставлен
509934,2024-10-08,1026.0,1,2220.0,Екатеринбург,Ozon,Доставлен
510415,2024-10-23,1026.0,1,2630.0,Регионы,Wildberries,Доставлен
501032,2024-02-05,1011.0,1,3970.0,Регионы,Wildberries,Отменён
501018,2024-02-04,1018.0,1,780.0,Регионы,Ozon,Доставлен
501832,2024-02-29,1017.0,1,1610.0,Екатеринбург,Ozon,Доставлен
512576,2024-12-07,1002.0,1,3330.0,Новосибирск,Wildberries,Возврат
513190,2024-12-16,1013.0,1,2550.0,Москва,Wildberries,Доставлен
509270,2024-09-21,1006.0,1,4470.0,Санкт-Петербург,Ozon,Доставлен
506628,2024-07-12,1004.0,1,2720.0,Москва,Wildberries,Доставлен
502586,2024-03-15,1026.0,1,2500.0,Санкт-Петербург,Wildberries,Доставлен
507108,2024-07-27,1017.0,1,1530.0,Санкт-Петербург,Ozon,Доставлен
503983,2024-04-19,1022.0,1,1620.0,Екатеринбург,Wildberries,Возврат
504008,2024-04-20,1011.0,2,3990.0,Санкт-Петербург,Ozon,Возврат
504422,2024-05-02,1009.0,1,1770.0,Екатеринбург,Wildberries,Доставлен
510573,2024-10-27,1026.0,2,2430.0,Регионы,Wildberries,Доставлен
505391,2024-06-03,1009.0,1,2020.0,Екатеринбург,Wildberries,Возврат
503160,2024-03-28,1006.0,1,4010.0,Регионы,Wildberries,Доставлен
501208,2024-02-10,1014.0,1,2320.0,Москва,Wildberries,Возврат
513525,2024-12-22,1006.0,1,4100.0,Регионы,Ozon,Доставлен
513970,2024-12-29,1012.0,1,2840.0,Санкт-Петербург,Wildberries,Доставлен
513473,2024-12-21,1007.0,1,1160.0,Москва,Wildberries,Доставлен
510706,2024-10-31,1022.0,1,1710.0,Москва,Ozon,Отменён
501405,2024-02-16,1001.0,1,1290.0,Москва,Ozon,Доставлен
513540,2024-12-22,1011.0,1,3770.0,Регионы,Ozon,Доставлен
506019,2024-06-22,1015.0,1,2510.0,Регионы,Wildberries,Доставлен
501873,2024-03-01,1021.0,1,1400.0,Санкт-Петербург,Wildberries,Доставлен
511688,2024-11-20,1013.0,2,2560.0,Екатеринбург,Wildberries,Доставлен
509988,2024-10-11,1001.0,1,1350.0,Москва,Wildberries,Доставлен
505193,2024-05-27,1025.0,1,3030.0,Новосибирск,Wildberries,Доставлен
512877,2024-12-11,1014.0,2,2610.0,Москва,Ozon,Доставлен
504329,2024-04-29,1017.0,1,1660.0,Москва,Wildberries,Доставлен
501484,2024-02-18,1017.0,1,1480.0,Новосибирск,Ozon,Доставлен
503063,2024-03-26,1013.0,2,2440.0,Регионы,Wildberries,Доставлен
504831,2024-05-15,1020.0,1,1290.0,Москва,Wildberries,Доставлен
503587,2024-04-08,1022.0,1,1490.0,Екатеринбург,Wildberries,Доставлен
505542,2024-06-08,1011.0,1,3250.0,Регионы,Wildberries,Возврат
509351,2024-09-23,1002.0,1,3620.0,Санкт-Петербург,Wildberries,Доставлен
505961,2024-06-20,1020.0,1,1320.0,Москва,Ozon,Доставлен
507795,2024-08-14,1016.0,2,2350.0,Москва,Wildberries,Доставлен
508066,2024-08-21,1020.0,1,1560.0,Москва,Wildberries,Доставлен
509530,2024-09-27,1010.0,1,1270.0,Москва,Wildberries,Доставлен
507527,2024-08-08,1001.0,1,1300.0,Регионы,Ozon,Доставлен
512426,2024-12-04,1010.0,1,1210.0,Новосибирск,Wildberries,Доставлен
504492,2024-05-04,1012.0,1,2980.0,Москва,Ozon,Доставлен
503386,2024-04-01,1025.0,1,2860.0,Москва,Wildberries,Доставлен
500525,2024-01-19,1008.0,1,4860.0,Москва,Ozon,Доставлен
512698,2024-12-08,1020.0,1,1430.0,Регионы,Ozon,Доставлен
513169,2024-12-16,1004.0,1,2240.0,Москва,Ozon,Доставлен
509991,2024-10-11,1003.0,1,3430.0,Москва,Wildberries,Доставлен
501921,2024-03-02,1013.0,1,2620.0,Москва,Wildberries,Доставлен
512013,2024-11-27,1003.0,1,2950.0,Москва,Wildberries,Доставлен
509376,2024-09-23,1017.0,1,1650.0,Регионы,Wildberries,Возврат
506343,2024-07-03,1003.0,1,3690.0,Регионы,Wildberries,Доставлен
500315,2024-01-11,1016.0,1,2540.0,Санкт-Петербург,Ozon,Доставлен
502183,2024-03-07,1014.0,1,2450.0,Москва,Wildberries,Доставлен
501451,2024-02-17,1021.0,1,1480.0,Санкт-Петербург,Wildberries,Доставлен
502154,2024-03-06,1024.0,1,3630.0,Регионы,Ozon,Доставлен
510759,2024-11-01,1018.0,1,700.0,Новосибирск,Wildberries,Доставлен
509086,2024-09-16,1004.0,3,2510.0,Санкт-Петербург,Ozon,Доставлен
511587,2024-11-18,1022.0,1,1580.0,Москва,Wildberries,Возврат
503926,2024-04-18,1016.0,2,2520.0,Регионы,Wildberries,Доставлен
501040,2024-02-05,1015.0,1,2040.0,Москва,Ozon,Возврат
502605,2024-03-16,1010.0,1,1220.0,Екатеринбург,Wildberries,Доставлен
508940,2024-09-12,1014.0,1,2170.0,Регионы,Ozon,Доставлен
511121,2024-11-09,1025.0,1,2760.0,Екатеринбург,Ozon,Доставлен
505621,2024-06-11,1005.0,2,2500.0,Регионы,Ozon,Доставлен
500921,2024-02-02,1006.0,2,4290.0,Москва,Wildberries,Доставлен
501731,2024-02-26,1011.0,1,3450.0,Регионы,Wildberries,Доставлен
505439,2024-06-04,1021.0,1,1520.0,Санкт-Петербург,Ozon,Доставлен
503410,2024-04-02,1016.0,1,2800.0,Санкт-Петербург,Wildberries,Отменён
513715,2024-12-25,1012.0,1,3160.0,Москва,Ozon,Доставлен
510990,2024-11-07,1002.0,1,3410.0,Екатеринбург,Ozon,Возврат
504765,2024-05-12,1025.0,1,2880.0,Санкт-Петербург,Wildberries,Доставлен
500209,2024-01-07,1010.0,1,1210.0,Регионы,Wildberries,Доставлен
502854,2024-03-22,1006.0,1,3710.0,Москва,Wildberries,Доставлен
502588,2024-03-15,1026.0,1,2590.0,Регионы,Ozon,Доставлен
511495,2024-11-17,1001.0,1,1250.0,Регионы,Ozon,Доставлен
505547,2024-06-08,1016.0,1,2520.0,Москва,Wildberries,Доставлен
504805,2024-05-14,1011.0,1,3850.0,Новосибирск,Wildberries,Доставлен
511117,2024-11-09,1020.0,1,1450.0,Екатеринбург,Wildberries,Доставлен
500076,2024-01-03,1018.0,1,720.0,Екатеринбург,Wildberries,Доставлен
513532,2024-12-22,1008.0,2,4320.0,Новосибирск,Ozon,Доставлен
502532,2024-03-14,1025.0,2,2760.0,Регионы,Wildberries,Доставлен
502398,2024-03-12,1004.0,1,2280.0,Санкт-Петербург,Ozon,Доставлен
501770,2024-02-27,1014.0,3,2630.0,Москва,Ozon,Доставлен
513362,2024-12-19,1009.0,2,1810.0,Москва,Wildberries,Доставлен
513379,2024-12-19,1017.0,1,1640.0,Москва,Wildberries,Отменён
507229,2024-07-31,1007.0,1,1060.0,Новосибирск,Wildberries,Доставлен
510354,2024-10-21,1026.0,1,2320.0,Екатеринбург,Ozon,Доставлен
501769,2024-02-27,1014.0,1,2370.0,Регионы,Wildberries,Отменён
510401,2024-10-23,1013.0,1,2370.0,Москва,Wildberries,Доставлен
509875,2024-10-07,1005.0,2,2410.0,Регионы,Ozon,Доставлен
504238,2024-04-27,1002.0,1,3850.0,Москва,Wildberries,Доставлен
508625,2024-09-04,1018.0,1,690.0,Москва,Ozon,Возврат
510863,2024-11-03,1021.0,2,1710.0,Регионы,Ozon,Доставлен
512114,2024-11-29,1004.0,2,2660.0,Регионы,Ozon,Доставлен
501309,2024-02-13,1003.0,1,3160.0,Регионы,Wildberries,Доставлен
509236,2024-09-20,1010.0,1,1290.0,Екатеринбург,Wildberries,Возврат
513635,2024-12-24,1002.0,1,4180.0,Новосибирск,Wildberries,Доставлен
508677,2024-09-05,1018.0,1,840.0,Екатеринбург,Wildberries,Доставлен
511348,2024-11-14,1001.0,1,1270.0,Москва,Ozon,Доставлен
504284,2024-04-28,1007.0,1,1150.0,Москва,Ozon,Доставлен
500334,2024-01-12,1003.0,1,3290.0,Санкт-Петербург,Wildberries,Доставлен
511976,2024-11-26,1006.0,1,4540.0,Москва,Ozon,Доставлен
508292,2024-08-26,1022.0,2,1470.0,Регионы,Wildberries,Доставлен
505919,2024-06-19,1012.0,2,2920.0,Москва,Ozon,Доставлен
501904,2024-03-02,1004.0,1,2270.0,Санкт-Петербург,Wildberries,Доставлен
511909,2024-11-24,1013.0,1,2350.0,Регионы,Wildberries,Доставлен
504627,2024-05-08,1009.0,1,1670.0,Москва,Ozon,Доставлен
504989,2024-05-20,1024.0,2,3400.0,Регионы,Wildberries,Доставлен
503941,2024-04-18,1024.0,1,3500.0,Москва,Wildberries,Доставлен
511993,2024-11-26,1019.0,1,2060.0,Москва,Ozon,Отменён
513938,2024-12-28,1025.0,3,3170.0,Санкт-Петербург,Ozon,Доставлен
501493,2024-02-19,1002.0,1,3630.0,Санкт-Петербург,Ozon,Доставлен
501403,2024-02-16,1001.0,1,1390.0,Новосибирск,Ozon,Отменён
504383,2024-05-01,1011.0,1,3490.0,Новосибирск,Ozon,Доставлен
501610,2024-02-22,1014.0,1,2470.0,Регионы,Ozon,Доставлен
512142,2024-11-29,1015.0,1,2260.0,Москва,Wildberries,Доставлен
501393,2024-02-15,1018.0,1,680.0,Санкт-Петербург,Ozon,Доставлен
500433,2024-01-16,1007.0,1,1060.0,Регионы,Wildberries,Доставлен
502823,2024-03-21,1020.0,1,1360.0,Санкт-Петербург,Wildberries,Доставлен
507782,2024-08-14,1001.0,1,1180.0,Новосибирск,Ozon,Доставлен
511289,2024-11-13,1005.0,1,2310.0,Санкт-Петербург,Ozon,Доставлен
512832,2024-12-10,1025.0,1,2660.0,Екатеринбург,Ozon,Доставлен
507765,2024-08-13,1018.0,1,830.0,Новосибирск,Ozon,Доставлен
502109,2024-03-06,1007.0,1,1090.0,Москва,Ozon,Доставлен
506653,2024-07-12,1020.0,1,1610.0,Москва,Ozon,Доставлен
512284,2024-12-02,1005.0,1,2430.0,Москва,Wildberries,Доставлен
500043,2024-01-02,1016.0,1,2340.0,Санкт-Петербург,Wildberries,Доставлен
506183,2024-06-28,1004.0,2,2480.0,Новосибирск,Wildberries,Доставлен
509299,2024-09-21,1020.0,1,1390.0,Регионы,Wildberries,Доставлен
508328,2024-08-27,1024.0,1,3010.0,Регионы,Ozon,Доставлен
512321,2024-12-02,1018.0,1,870.0,Регионы,Ozon,Доставлен
505933,2024-06-19,1022.0,1,1600.0,Санкт-Петербург,Wildberries,Доставлен
510614,2024-10-29,1004.0,1,2350.0,Москва,Wildberries,Доставлен
502977,2024-03-24,1018.0,1,710.0,Москва,Ozon,Доставлен
508924,2024-09-11,1026.0,1,2340.0,Санкт-Петербург,Ozon,Доставлен
505331,2024-06-01,1010.0,1,1280.0,Москва,Wildberries,Доставлен
500706,2024-01-25,1023.0,1,930.0,Москва,Ozon,Доставлен
508856,2024-09-10,1007.0,1,1270.0,Москва,Wildberries,Доставлен
504180,2024-04-25,1011.0,1,3830.0,Новосибирск,Wildberries,Доставлен
513671,2024-12-24,1018.0,1,750.0,Москва,Wildberries,Доставлен
505224,2024-05-28,1024.0,1,3580.0,Санкт-Петербург,Wildberries,Возврат
501214,2024-02-10,1017.0,1,1720.0,Регионы,Ozon,Доставлен
512027,2024-11-27,1010.0,1,1220.0,Новосибирск,Wildberries,Доставлен
505683,2024-06-12,1022.0,2,1430.0,Санкт-Петербург,Wildberries,Доставлен
510210,2024-10-17,1019.0,1,2310.0,Новосибирск,Wildberries,Доставлен
506943,2024-07-22,1004.0,1,2730.0,Регионы,Wildberries,Доставлен
506528,2024-07-09,1004.0,1,2590.0,Санкт-Петербург,Wildberries,Доставлен
513455,2024-12-21,1002.0,1,3660.0,Москва,Wildberries,Доставлен
513677,2024-12-24,1020.0,1,1430.0,Екатеринбург,Wildberries,Доставлен
512562,2024-12-06,1024.0,1,3270.0,Москва,Wildberries,Доставлен
512994,2024-12-13,1010.0,1,1260.0,Регионы,Ozon,Доставлен
500113,2024-01-04,1014.0,1,2650.0,Москва,Ozon,Доставлен
500134,2024-01-05,1008.0,2,4600.0,Регионы,Wildberries,Доставлен
504485,2024-05-04,1006.0,1,3790.0,Москва,Wildberries,Доставлен
509805,2024-10-05,1002.0,1,3470.0,Регионы,Ozon,Доставлен
502458,2024-03-13,1011.0,1,3520.0,Санкт-Петербург,Wildberries,Доставлен
501359,2024-02-14,1020.0,1,1280.0,Москва,Wildberries,Доставлен
510034,2024-10-12,1008.0,2,4820.0,Москва,Wildberries,Доставлен
503111,2024-03-27,1007.0,1,1160.0,Екатеринбург,Wildberries,Доставлен
508467,2024-08-31,1017.0,1,1730.0,Санкт-Петербург,Wildberries,Доставлен
504039,2024-04-21,1006.0,1,3670.0,Екатеринбург,Ozon,Доставлен
508255,2024-08-26,1005.0,1,2620.0,Регионы,Wildberries,Доставлен
507624,2024-08-10,1007.0,1,1170.0,Новосибирск,Ozon,Доставлен
506335,2024-07-02,1024.0,1,3330.0,Екатеринбург,Wildberries,Доставлен
500492,2024-01-18,1013.0,1,2110.0,Регионы,Ozon,Доставлен
505307,2024-05-31,1017.0,1,1440.0,Регионы,Ozon,Доставлен
509226,2024-09-20,1006.0,2,3940.0,Регионы,Ozon,Отменён
501329,2024-02-13,1017.0,1,1610.0,Регионы,Wildberries,Отменён
507836,2024-08-15,1020.0,3,1290.0,Санкт-Петербург,Ozon,Доставлен
512369,2024-12-03,1015.0,1,2140.0,Москва,Ozon,Доставлен
511318,2024-11-13,1014.0,1,2700.0,Екатеринбург,Ozon,Отменён
509242,2024-09-20,1014.0,1,2730.0,Регионы,Wildberries,Отменён
513051,2024-12-14,1009.0,1,1680.0,Москва,Ozon,Доставлен
511444,2024-11-16,1001.0,1,1310.0,Новосибирск,Wildberries,Доставлен
504043,2024-04-21,1008.0,1,4030.0,Новосибирск,Wildberries,Доставлен
507716,2024-08-12,1016.0,1,2530.0,Регионы,Ozon,Возврат
508312,2024-08-27,1017.0,1,1640.0,Санкт-Петербург,Wildberries,Возврат
506430,2024-07-05,1026.0,1,2730.0,Санкт-Петербург,Wildberries,Доставлен
512123,2024-11-29,1008.0,1,4460.0,Санкт-Петербург,Wildberries,Доставлен
510505,2024-10-26,1014.0,1,2620.0,Санкт-Петербург,Ozon,Доставлен
509830,2024-10-05,1024.0,1,3010.0,Регионы,Ozon,Возврат
511907,2024-11-24,1013.0,1,2240.0,Регионы,Wildberries,Доставлен
508657,2024-09-05,1006.0,1,4090.0,Новосибирск,Ozon,Доставлен
513822,2024-12-27,1007.0,1,1130.0,Москва,Ozon,Доставлен
505758,2024-06-15,1009.0,2,1640.0,Москва,Ozon,Возврат
510037,2024-10-12,1010.0,2,1190.0,Новосибирск,Wildberries,Доставлен
502105,2024-03-06,1005.0,1,2290.0,Санкт-Петербург,Ozon,Доставлен
511412,2024-11-15,1010.0,1,1300.0,Москва,Ozon,Возврат
505530,2024-06-07,1024.0,2,3010.0,Екатеринбург,Ozon,Возврат
507910,2024-08-17,1021.0,1,1620.0,Новосибирск,Wildberries,Доставлен
509030,2024-09-14,1021.0,1,1400.0,Санкт-Петербург,Wildberries,Доставлен
511096,2024-11-09,1011.0,1,3990.0,Регионы,Wildberries,Доставлен
513427,2024-12-20,1014.0,1,2300.0,Регионы,Ozon,Доставлен
506151,2024-06-26,1024.0,1,3560.0,Регионы,Ozon,Доставлен
506532,2024-07-09,1006.0,1,3630.0,Санкт-Петербург,Wildberries,Отменён
502157,2024-03-06,1026.0,1,2630.0,Москва,Wildberries,Доставлен
510766,2024-11-01,1022.0,1,1690.0,Регионы,Wildberries,Доставлен
505334,2024-06-01,1013.0,1,2530.0,Екатеринбург,Wildberries,Возврат
505398,2024-06-03,1016.0,1,2600.0,Регионы,Ozon,Доставлен
508281,2024-08-26,1018.0,1,770.0,Санкт-Петербург,Wildberries,Отменён
504131,2024-04-23,1025.0,2,2940.0,Регионы,Wildberries,Доставлен
503961,2024-04-19,1010.0,1,1380.0,Регионы,Ozon,Доставлен
512117,2024-11-29,1005.0,1,2570.0,Регионы,Ozon,Доставлен
510910,2024-11-05,1006.0,1,4130.0,Москва,Ozon,Доставлен
509645,2024-09-30,1008.0,1,4050.0,Регионы,Wildberries,Доставлен
512561,2024-12-06,1024.0,1,3720.0,Новосибирск,Wildberries,Отменён
508469,2024-08-31,1018.0,1,740.0,Регионы,Ozon,Доставлен
500155,2024-01-05,1021.0,1,1470.0,Регионы,Wildberries,Доставлен
512502,2024-12-05,1016.0,1,2680.0,Санкт-Петербург,Wildberries,Доставлен
500184,2024-01-06,1013.0,2,2520.0,Регионы,Wildberries,Отменён
507240,2024-07-31,1015.0,1,2060.0,Санкт-Петербург,Wildberries,Доставлен
507854,2024-08-16,1009.0,2,1810.0,Екатеринбург,Wildberries,Доставлен
508642,2024-09-04,1025.0,1,3090.0,Москва,Ozon,Доставлен
512199,2024-11-30,1020.0,1,1320.0,Регионы,Wildberries,Доставлен
506071,2024-06-24,1005.0,1,2650.0,Санкт-Петербург,Ozon,Доставлен
510972,2024-11-06,1014.0,1,2690.0,Регионы,Wildberries,Доставлен
513965,2024-12-29,1011.0,1,3200.0,Москва,Wildberries,Доставлен
503978,2024-04-19,1018.0,2,730.0,Санкт-Петербург,Ozon,Доставлен
500400,2024-01-14,1021.0,1,1720.0,Москва,Ozon,Возврат
508534,2024-09-02,1010.0,1,1300.0,Санкт-Петербург,Wildberries,Доставлен
507637,2024-08-10,1018.0,1,850.0,Москва,Wildberries,Доставлен
507313,2024-08-02,1014.0,1,2690.0,Москва,Wildberries,Отменён
509476,2024-09-26,1003.0,1,3110.0,Новосибирск,Ozon,Доставлен
502895,2024-03-22,1026.0,1,2290.0,Москва,Wildberries,Отменён
508521,2024-09-02,1003.0,1,3110.0,Регионы,Ozon,Доставлен
508075,2024-08-21,1024.0,2,3550.0,Регионы,Ozon,Доставлен
507207,2024-07-30,1013.0,1,2320.0,Москва,Ozon,Доставлен
503573,2024-04-08,1007.0,1,1090.0,Москва,Wildberries,Доставлен
501029,2024-02-05,1006.0,1,3600.0,Санкт-Петербург,Wildberries,Доставлен
508403,2024-08-30,1001.0,1,1170.0,Регионы,Wildberries,Возврат
510956,2024-11-06,1006.0,1,4340.0,Регионы,Wildberries,Отменён
505533,2024-06-08,1005.0,1,2440.0,Регионы,Wildberries,Доставлен
504276,2024-04-28,1003.0,1,3300.0,Екатеринбург,Ozon,Доставлен
501697,2024-02-24,1026.0,1,2350.0,Екатеринбург,Ozon,Возврат
508700,2024-09-06,1002.0,1,3890.0,Новосибирск,Ozon,Доставлен
500097,2024-01-04,1003.0,1,3740.0,Регионы,Wildberries,Доставлен
510128,2024-10-15,1008.0,3,4740.0,Москва,Wildberries,Доставлен
502347,2024-03-11,1006.0,1,3740.0,Регионы,Wildberries,Доставлен
511220,2024-11-11,1024.0,1,3530.0,Москва,Ozon,Доставлен
508169,2024-08-24,1012.0,1,2950.0,Москва,Ozon,Доставлен
511346,2024-11-13,1026.0,1,2660.0,Санкт-Петербург,Wildberries,Доставлен
502289,2024-03-09,1025.0,1,3190.0,Санкт-Петербург,Wildberries,Доставлен
508513,2024-09-01,1021.0,1,1640.0,Москва,Wildberries,Доставлен
500935,2024-02-02,1019.0,2,2180.0,Новосибирск,Ozon,Доставлен
506622,2024-07-11,1025.0,1,2540.0,Москва,Ozon,Доставлен
501086,2024-02-06,1026.0,1,2150.0,Москва,Wildberries,Отменён
504916,2024-05-18,1015.0,1,2340.0,Москва,Ozon,Возврат
510367,2024-10-22,1009.0,1,1870.0,Новосибирск,Wildberries,Доставлен
512662,2024-12-08,1008.0,1,4020.0,Санкт-Петербург,Ozon,Доставлен
501629,2024-02-22,1025.0,1,2660.0,Регионы,Wildberries,Возврат
503518,2024-04-06,1020.0,3,1330.0,Москва,Ozon,Доставлен
511750,2024-11-21,1020.0,1,1480.0,Регионы,Wildberries,Доставлен
506693,2024-07-14,1006.0,1,4190.0,Регионы,Wildberries,Доставлен
505891,2024-06-18,1019.0,1,2290.0,Санкт-Петербург,Wildberries,Доставлен
512364,2024-12-03,1013.0,1,2200.0,Москва,Wildberries,Доставлен
508695,2024-09-06,1001.0,1,1390.0,Регионы,Ozon,Доставлен
505936,2024-06-19,1024.0,1,2960.0,Регионы,Wildberries,Возврат
502630,2024-03-17,1002.0,1,3850.0,Москва,Wildberries,Возврат
501811,2024-02-28,1024.0,1,3430.0,Новосибирск,Ozon,Возврат
500717,2024-01-26,1004.0,1,2240.0,Санкт-Петербург,Wildberries,Доставлен
501285,2024-02-12,1013.0,1,2630.0,Москва,Ozon,Доставлен
500645,2024-01-23,1010.0,1,1200.0,Санкт-Петербург,Ozon,Доставлен
500712,2024-01-25,1026.0,1,2510.0,Регионы,Wildberries,Доставлен
507715,2024-08-12,1016.0,1,2440.0,Екатеринбург,Wildberries,Доставлен
512111,2024-11-29,1002.0,2,4110.0,Санкт-Петербург,Wildberries,Доставлен
507541,2024-08-08,1009.0,1,1950.0,Регионы,Ozon,Доставлен
501437,2024-02-17,1008.0,1,4510.0,Москва,Ozon,Доставлен
508693,2024-09-06,1001.0,1,1160.0,Новосибирск,Wildberries,Доставлен
512486,2024-12-05,1011.0,2,3970.0,Москва,Ozon,Доставлен
511668,2024-11-20,1006.0,1,4330.0,Москва,Wildberries,Доставлен
508401,2024-08-30,1001.0,3,1250.0,Екатеринбург,Ozon,Доставлен
503922,2024-04-18,1013.0,1,2270.0,Санкт-Петербург,Wildberries,Доставлен
503276,2024-03-30,1019.0,1,2240.0,Санкт-Петербург,Wildberries,Доставлен
509339,2024-09-22,1022.0,1,1520.0,Новосибирск,Wildberries,Доставлен
506100,2024-06-25,1006.0,1,3900.0,Санкт-Петербург,Wildberries,Доставлен
502678,2024-03-18,1004.0,2,2660.0,Регионы,Wildberries,Доставлен
504287,2024-04-28,1009.0,1,1720.0,Москва,Wildberries,Доставлен
506732,2024-07-15,1015.0,1,2360.0,Екатеринбург,Ozon,Доставлен
500141,2024-01-05,1012.0,1,2660.0,Москва,Ozon,Доставлен
513334,2024-12-18,1018.0,1,810.0,Екатеринбург,Wildberries,Доставлен
510129,2024-10-15,1012.0,2,2870.0,Регионы,Ozon,Доставлен
502541,2024-03-15,1002.0,1,4090.0,Москва,Wildberries,Доставлен
503034,2024-03-25,1025.0,1,2990.0,Регионы,Ozon,Доставлен
507165,2024-07-29,1006.0,1,4250.0,Регионы,Ozon,Доставлен
503776,2024-04-14,1005.0,1,2510.0,Санкт-Петербург,Ozon,Доставлен
504375,2024-05-01,1006.0,1,4230.0,Екатеринбург,Ozon,Возврат
508492,2024-09-01,1004.0,1,2690.0,Новосибирск,Wildberries,Отменён
505297,2024-05-31,1008.0,1,4400.0,Новосибирск,Wildberries,Доставлен
508771,2024-09-07,1024.0,1,3470.0,Екатеринбург,Wildberries,Отменён
506165,2024-06-27,1014.0,1,2350.0,Регионы,Ozon,Доставлен
501264,2024-02-11,1023.0,1,1010.0,Регионы,Wildberries,Доставлен
511887,2024-11-24,1007.0,2,1190.0,Новосибирск,Ozon,Доставлен
504821,2024-05-15,1013.0,1,2390.0,Екатеринбург,Ozon,Возврат
513167,2024-12-16,1004.0,1,2700.0,Санкт-Петербург,Ozon,Доставлен
507684,2024-08-11,1026.0,1,2560.0,Москва,Wildberries,Доставлен
502806,2024-03-21,1010.0,1,1110.0,Регионы,Wildberries,Отменён
513400,2024-12-20,1001.0,1,1300.0,Регионы,Wildberries,Доставлен
503653,2024-04-10,1023.0,2,840.0,Москва,Ozon,Доставлен
506188,2024-06-28,1008.0,1,4550.0,Москва,Ozon,Доставлен
509906,2024-10-08,1009.0,2,1980.0,Регионы,Ozon,Возврат
504316,2024-04-29,1006.0,2,4470.0,Регионы,Ozon,Доставлен
506437,2024-07-06,1008.0,2,4730.0,Санкт-Петербург,Wildberries,Возврат
509858,2024-10-06,1019.0,2,2150.0,Санкт-Петербург,Wildberries,Доставлен
501637,2024-02-23,1007.0,1,1300.0,Санкт-Петербург,Wildberries,Доставлен
509106,2024-09-16,1019.0,1,2280.0,Новосибирск,Wildberries,Доставлен
503165,2024-03-28,1010.0,1,1360.0,Регионы,Wildberries,Доставлен
510994,2024-11-07,1003.0,1,3660.0,Санкт-Петербург,Wildberries,Отменён
508735,2024-09-07,1002.0,1,3970.0,Москва,Wildberries,Доставлен
506166,2024-06-27,1014.0,1,2270.0,Регионы,Wildberries,Доставлен
503817,2024-04-15,1008.0,1,4390.0,Регионы,Ozon,Доставлен
503846,2024-04-16,1001.0,1,1350.0,Санкт-Петербург,Ozon,Доставлен
500190,2024-01-06,1021.0,1,1430.0,Екатеринбург,Ozon,Доставлен
509281,2024-09-21,1010.0,1,1370.0,Москва,Wildberries,Доставлен
503146,2024-03-27,1025.0,1,2590.0,Санкт-Петербург,Wildberries,Доставлен
512874,2024-12-11,1012.0,1,3240.0,Москва,Wildberries,Возврат
502920,2024-03-23,1013.0,1,2500.0,Москва,Wildberries,Доставлен
503339,2024-03-31,1021.0,1,1630.0,Регионы,Ozon,Доставлен
504634,2024-05-08,1013.0,1,2310.0,Москва,Wildberries,Доставлен
506523,2024-07-08,1024.0,1,3720.0,Екатеринбург,Wildberries,Доставлен
501569,2024-02-21,1009.0,2,1990.0,Москва,Ozon,Доставлен
504216,2024-04-26,1014.0,1,2560.0,Москва,Wildberries,Доставлен
508157,2024-08-24,1003.0,1,3380.0,Санкт-Петербург,Wildberries,Доставлен
507233,2024-07-31,1009.0,1,1980.0,Санкт-Петербург,Wildberries,Отменён
512478,2024-12-05,1007.0,2,1080.0,Москва,Wildberries,Доставлен
500555,2024-01-20,1004.0,1,2260.0,Регионы,Wildberries,Доставлен
509454,2024-09-25,1015.0,1,2100.0,Москва,Wildberries,Доставлен
508934,2024-09-12,1007.0,1,1190.0,Екатеринбург,Wildberries,Отменён
508783,2024-09-08,1002.0,1,4150.0,Регионы,Wildberries,Доставлен
502663,2024-03-17,1024.0,1,3500.0,Регионы,Wildberries,Доставлен
505831,2024-06-17,1008.0,1,4190.0,Москва,Wildberries,Доставлен
508833,2024-09-09,1012.0,1,3170.0,Москва,Wildberries,Доставлен
513001,2024-12-13,1011.0,1,3720.0,Екатеринбург,Wildberries,Доставлен
505560,2024-06-09,1002.0,1,3330.0,Екатеринбург,Ozon,Возврат
507130,2024-07-28,1006.0,1,4060.0,Новосибирск,Wildberries,Возврат
514032,2024-12-30,1012.0,1,3210.0,Новосибирск,Wildberries,Доставлен
511057,2024-11-08,1012.0,2,3150.0,Регионы,Ozon,Доставлен
509384,2024-09-23,1021.0,2,1450.0,Новосибирск,Wildberries,Доставлен
513522,2024-12-22,1005.0,2,2520.0,Регионы,Wildberries,Возврат
512966,2024-12-12,1024.0,1,3380.0,Санкт-Петербург,Wildberries,Доставлен
504520,2024-05-05,1009.0,1,1690.0,Новосибирск,Wildberries,Отменён
503118,2024-03-27,1010.0,1,1110.0,Регионы,Wildberries,Доставлен
513604,2024-12-23,1015.0,1,2580.0,Новосибирск,Wildberries,Доставлен
511214,2024-11-11,1021.0,1,1670.0,Екатеринбург,Wildberries,Доставлен
510654,2024-10-30,1013.0,2,2610.0,Москва,Wildberries,Доставлен
513820,2024-12-27,1005.0,1,2660.0,Санкт-Петербург,Ozon,Доставлен
513133,2024-12-15,1013.0,1,2160.0,Регионы,Wildberries,Доставлен
506149,2024-06-26,1024.0,1,3490.0,Москва,Ozon,Доставлен
505404,2024-06-03,1022.0,2,1720.0,Москва,Wildberries,Доставлен
501562,2024-02-21,1006.0,1,3770.0,Новосибирск,Wildberries,Доставлен
506716,2024-07-15,1003.0,1,3220.0,Санкт-Петербург,Wildberries,Доставлен
507800,2024-08-14,1020.0,1,1280.0,Москва,Wildberries,Доставлен
504978,2024-05-20,1017.0,1,1520.0,Москва,Wildberries,Доставлен
502662,2024-03-17,1024.0,2,3560.0,Новосибирск,Wildberries,Доставлен
502163,2024-03-07,1004.0,1,2660.0,Москва,Wildberries,Возврат
504981,2024-05-20,1019.0,1,2430.0,Екатеринбург,Ozon,Доставлен
507667,2024-08-11,1017.0,1,1510.0,Екатеринбург,Ozon,Отменён
504081,2024-04-22,1015.0,1,2490.0,Москва,Wildberries,Доставлен
510190,2024-10-17,1008.0,1,5010.0,Санкт-Петербург,Ozon,Доставлен
512297,2024-12-02,1010.0,1,1080.0,Москва,Ozon,Возврат
504823,2024-05-15,1015.0,2,2470.0,Регионы,Ozon,Доставлен
509052,2024-09-15,1011.0,1,3430.0,Москва,Wildberries,Доставлен
512399,2024-12-04,1003.0,1,3210.0,Екатеринбург,Wildberries,Доставлен
511379,2024-11-14,1016.0,1,2260.0,Санкт-Петербург,Wildberries,Доставлен
509892,2024-10-07,1020.0,1,1330.0,Санкт-Петербург,Wildberries,Доставлен
508622,2024-09-04,1017.0,1,1720.0,Екатеринбург,Wildberries,Доставлен
508458,2024-08-31,1011.0,1,3800.0,Москва,Wildberries,Доставлен
510114,2024-10-14,1024.0,2,3620.0,Санкт-Петербург,Ozon,Доставлен
511541,2031-01-01,1025.0,1,2960.0,Регионы,Wildberries,Доставлен
507764,2024-08-13,1018.0,1,850.0,Новосибирск,Ozon,Доставлен
509753,2024-10-03,1008.0,1,4960.0,Новосибирск,Wildberries,Доставлен
500501,2024-01-18,1018.0,1,760.0,Регионы,Ozon,Возврат
512909,2024-12-11,1022.0,1,1660.0,Новосибирск,Wildberries,Возврат
503126,2024-03-27,1015.0,1,2290.0,Регионы,Wildberries,Доставлен
508030,2024-08-20,1021.0,1,1350.0,Москва,Ozon,Доставлен
512584,2024-12-07,1006.0,1,3610.0,Москва,Wildberries,Доставлен
504183,2024-04-25,1013.0,1,2190.0,Санкт-Петербург,Wildberries,Доставлен
502169,2024-03-07,1007.0,1,1320.0,Регионы,Wildberries,Доставлен
511879,2024-11-24,1003.0,2,3150.0,Регионы,Wildberries,Доставлен
501930,2024-03-02,1023.0,1,1020.0,Москва,Wildberries,Доставлен
509778,2024-10-04,1002.0,1,3880.0,Регионы,Ozon,Доставлен
502131,2024-03-06,1019.0,1,2380.0,Москва,Ozon,Возврат
507156,2024-07-28,1025.0,1,2800.0,Регионы,Wildberries,Возврат
506681,2024-07-13,1020.0,1,1330.0,Екатеринбург,Wildberries,Доставлен
506457,2024-07-06,1021.0,1,1350.0,Регионы,Wildberries,Доставлен
507689,2024-08-12,1003.0,1,3330.0,Екатеринбург,Wildberries,Доставлен
512185,2024-11-30,1014.0,1,2640.0,Санкт-Петербург,Ozon,Доставлен
512949,2024-12-12,1014.0,1,2360.0,Москва,Ozon,Доставлен
504074,2024-04-22,1010.0,1,1250.0,Регионы,Ozon,Доставлен
503428,2024-04-03,1005.0,1,2290.0,Москва,Ozon,Доставлен
501220,2024-02-10,1021.0,1,1600.0,Санкт-Петербург,Wildberries,Доставлен
512043,2024-11-27,1019.0,1,2170.0,Москва,Ozon,Доставлен
510685,2024-10-31,1005.0,1,2370.0,Москва,Wildberries,Доставлен
511623,2024-11-19,1014.0,1,2300.0,Москва,Ozon,Возврат
507530,2024-08-08,1004.0,1,2750.0,Москва,Wildberries,Отменён
504002,2024-04-20,1007.0,1,1250.0,Санкт-Петербург,Wildberries,Доставлен
501926,2024-03-02,1016.0,1,2380.0,Санкт-Петербург,Wildberries,Отменён
506945,2024-07-22,1006.0,2,4510.0,Москва,Ozon,Отменён
513776,2024-12-26,1014.0,1,2370.0,Регионы,Wildberries,Возврат
505031,2024-05-22,1007.0,2,1240.0,Регионы,Wildberries,Возврат
509976,2024-10-10,1019.0,1,2310.0,Регионы,Wildberries,Доставлен
508589,2024-09-03,1023.0,2,990.0,Москва,Wildberries,Доставлен
503377,2024-04-01,1018.0,1,690.0,Санкт-Петербург,Wildberries,Доставлен
511246,2024-11-12,1009.0,1,2020.0,Москва,Ozon,Доставлен
513096,2024-12-15,1001.0,1,1140.0,Екатеринбург,Ozon,Доставлен
513486,2024-12-21,1014.0,1,2540.0,Москва,Wildberries,Доставлен
508085,2024-08-22,1002.0,1,3500.0,Регионы,Wildberries,Доставлен
503044,2024-03-26,1001.0,1,1390.0,Регионы,Wildberries,Доставлен
512891,2024-12-11,1018.0,1,680.0,Санкт-Петербург,Wildberries,Возврат
510901,2024-11-04,1024.0,1,3540.0,Москва,Ozon,Доставлен
500607,2024-01-22,1001.0,2,1150.0,Москва,Wildberries,Доставлен
514096,2024-12-31,1011.0,1,3970.0,Москва,Wildberries,Доставлен
511139,2024-11-10,1009.0,1,1840.0,Москва,Wildberries,Доставлен
513626,2024-12-23,1023.0,1,900.0,Санкт-Петербург,Ozon,Доставлен
505089,2024-05-24,1018.0,1,700.0,Москва,Ozon,Доставлен
514120,2024-12-31,1026.0,1,2430.0,Москва,Wildberries,Доставлен
507139,2024-07-28,1014.0,1,2270.0,Санкт-Петербург,Wildberries,Отменён
502194,2024-03-07,1022.0,1,1520.0,Москва,Wildberries,Доставлен
513789,2024-12-26,1020.0,1,1560.0,Санкт-Петербург,Wildberries,Возврат
513515,2024-12-22,1003.0,1,3230.0,Санкт-Петербург,Wildberries,Отменён
509112,2024-09-16,1023.0,1,850.0,Екатеринбург,Wildberries,Возврат
503861,2024-04-16,1014.0,1,2300.0,Санкт-Петербург,Wildberries,Доставлен
503204,2024-03-29,1002.0,1,3920.0,Санкт-Петербург,Ozon,Доставлен
500214,2024-01-07,1018.0,1,720.0,Регионы,Wildberries,Возврат
500232,2024-01-08,1008.0,2,4400.0,Регионы,Ozon,Доставлен
512444,2024-12-04,1023.0,1,930.0,Регионы,Ozon,Доставлен
510359,2024-10-22,1002.0,1,3990.0,Регионы,Ozon,Доставлен
505222,2024-05-28,1022.0,1,1620.0,Екатеринбург,Wildberries,Доставлен
509779,2024-10-04,1003.0,1,3030.0,Регионы,Wildberries,Доставлен
509296,2024-09-21,1020.0,1,1500.0,Москва,Wildberries,Доставлен
509478,2024-09-26,1003.0,2,3500.0,Екатеринбург,Wildberries,Доставлен
508131,2024-08-23,1010.0,1,1210.0,Москва,Ozon,Доставлен
501495,2024-02-19,1004.0,2,2490.0,Санкт-Петербург,Ozon,Возврат
509912,2024-10-08,1013.0,1,2520.0,Москва,Wildberries,Доставлен
506180,2024-06-28,1001.0,1,1330.0,Регионы,Wildberries,Доставлен
502785,2024-03-20,1023.0,1,1050.0,Санкт-Петербург,Wildberries,Доставлен
507175,2024-07-29,1015.0,2,2160.0,Санкт-Петербург,Wildberries,Доставлен
511101,2024-11-09,1011.0,1,3890.0,Екатеринбург,Ozon,Доставлен
508533,2024-09-02,1010.0,2,1250.0,Москва,Wildberries,Доставлен
500326,2024-01-11,1023.0,1,920.0,Санкт-Петербург,Wildberries,Доставлен
511240,2024-11-12,1007.0,1,1140.0,Екатеринбург,Wildberries,Доставлен
512251,2024-12-01,1015.0,1,2310.0,Регионы,Wildberries,Доставлен
502835,2024-03-21,1026.0,1,2640.0,Москва,Wildberries,Доставлен
502853,2024-03-22,1006.0,1,4300.0,Регионы,Ozon,Доставлен
500222,2024-01-07,1025.0,1,3150.0,Регионы,Ozon,Доставлен
506447,2024-07-06,1017.0,1,1450.0,Регионы,Wildberries,Доставлен
514026,2024-12-30,1010.0,1,1100.0,Санкт-Петербург,Wildberries,Доставлен
511721,2024-11-21,1004.0,2,2750.0,Регионы,Ozon,Возврат
505046,2024-05-22,1020.0,1,1580.0,Регионы,Wildberries,Доставлен
506035,2024-06-23,1005.0,1,2550.0,Регионы,Wildberries,Доставлен
506001,2024-06-22,1005.0,1,2730.0,Санкт-Петербург,Ozon,Доставлен
504425,2024-05-02,1010.0,1,1260.0,Новосибирск,Ozon,Доставлен
502826,2024-03-21,1023.0,2,1060.0,Москва,Wildberries,Доставлен
511268,2024-11-12,1017.0,1,1550.0,Москва,Wildberries,Доставлен
506156,2024-06-26,1026.0,1,2630.0,Новосибирск,Wildberries,Доставлен
501200,2024-02-10,1010.0,1,1250.0,Санкт-Петербург,Wildberries,Возврат
508051,2024-08-21,1007.0,1,1190.0,Санкт-Петербург,Wildberries,Доставлен
504129,2024-04-23,1025.0,1,2650.0,Регионы,Ozon,Доставлен
511719,2024-11-21,1003.0,1,3240.0,Екатеринбург,Wildberries,Возврат
510417,2024-10-24,1002.0,1,3550.0,Екатеринбург,Ozon,Доставлен
504565,2024-05-06,1018.0,1,730.0,Москва,Ozon,Доставлен
502791,2024-03-20,1025.0,1,2580.0,Екатеринбург,Wildberries,Доставлен
501122,2024-02-07,1023.0,1,890.0,Новосибирск,Wildberries,Доставлен
504651,2024-05-09,1006.0,1,4190.0,Екатеринбург,Ozon,Доставлен
509189,2024-09-19,1003.0,1,3180.0,Екатеринбург,Wildberries,Доставлен
513384,2024-12-19,1020.0,1,1560.0,Регионы,Ozon,Отменён
502351,2024-03-11,1009.0,1,1690.0,Москва,Wildberries,Доставлен
511202,2024-11-11,1013.0,1,2310.0,Новосибирск,Wildberries,Доставлен
507057,2024-07-26,1004.0,1,2240.0,Екатеринбург,Ozon,Доставлен
501103,2024-02-07,1012.0,3,3370.0,Екатеринбург,Wildberries,Возврат
511999,2024-11-26,1022.0,1,1610.0,Москва,Wildberries,Доставлен
502129,2024-03-06,1017.0,1,1670.0,Регионы,Ozon,Возврат
503648,2024-04-10,1019.0,2,2320.0,Регионы,Ozon,Доставлен
513506,2024-12-21,1024.0,2,3750.0,Регионы,Wildberries,Доставлен
501701,2024-02-25,1007.0,1,1200.0,Москва,Wildberries,Доставлен
505937,2024-06-20,1001.0,1,1140.0,Москва,Wildberries,Доставлен
504386,2024-05-01,,2,2330.0,Москва,Wildberries,Доставлен
509899,2024-10-07,1026.0,1,2360.0,Москва,Wildberries,Доставлен
509369,2024-09-23,1013.0,2,2640.0,Новосибирск,Wildberries,Доставлен
508457,2024-08-31,1010.0,2,1290.0,Москва,Wildberries,Доставлен
508756,2024-09-07,1016.0,2,2540.0,Новосибирск,Wildberries,Доставлен
507653,2024-08-11,1004.0,2,2310.0,Москва,Ozon,Доставлен
510142,2024-10-15,1017.0,1,1700.0,Санкт-Петербург,Wildberries,Доставлен
509873,2024-10-07,1003.0,1,3090.0,Москва,Wildberries,Доставлен
506031,2024-06-22,1026.0,1,2580.0,Новосибирск,Wildberries,Доставлен
508396,2024-08-29,1022.0,1,1460.0,Регионы,Wildberries,Доставлен
500391,2024-01-14,1012.0,2,2810.0,Москва,Ozon,Отменён
509304,2024-09-21,1024.0,1,3040.0,Регионы,Ozon,Доставлен
507906,2024-08-17,1021.0,1,1630.0,Москва,Ozon,Доставлен
513963,2024-12-29,1010.0,1,1230.0,Регионы,Ozon,Возврат
507186,2024-07-29,1020.0,1,1470.0,Санкт-Петербург,Wildberries,Доставлен
513170,2024-12-16,1005.0,1,2570.0,Регионы,Ozon,Доставлен
500798,2024-01-28,1023.0,1,930.0,Новосибирск,Wildberries,Возврат
505570,2024-06-09,1007.0,2,1330.0,Новосибирск,Wildberries,Доставлен
509363,2024-09-23,1010.0,1,1260.0,Санкт-Петербург,Ozon,Доставлен
506688,2024-07-14,1002.0,1,4100.0,Регионы,Ozon,Доставлен
504850,2024-05-16,1011.0,1,3860.0,Екатеринбург,Ozon,Доставлен
507303,2024-08-02,1004.0,1,2660.0,Регионы,Ozon,Доставлен
501280,2024-02-12,1011.0,2,3430.0,Регионы,Wildberries,Доставлен
501019,2024-02-04,1019.0,1,2290.0,Москва,Wildberries,Возврат
502754,2024-03-19,1026.0,1,2200.0,Москва,Wildberries,Доставлен
510671,2024-10-30,1022.0,1,1710.0,Москва,Ozon,Доставлен
506855,2024-07-19,1005.0,1,2770.0,Санкт-Петербург,Wildberries,Доставлен
501191,2024-02-10,1001.0,1,1240.0,Москва,Wildberries,Отменён
510945,2024-11-05,1026.0,1,2660.0,Регионы,Ozon,Доставлен
509575,2024-09-28,1020.0,1,1320.0,Москва,Ozon,Отменён
501723,2024-02-25,1026.0,1,2580.0,Новосибирск,Ozon,Доставлен
512745,2024-12-09,1015.0,1,2480.0,Регионы,Ozon,Доставлен
500025,2024-01-01,1022.0,1,1660.0,Новосибирск,Wildberries,Доставлен
504184,2024-04-25,1017.0,1,1680.0,Екатеринбург,Wildberries,Доставлен
504009,2024-04-20,1011.0,1,3210.0,Новосибирск,Wildberries,Доставлен
508701,2024-09-06,1004.0,2,2390.0,Регионы,Ozon,Доставлен
508549,2024-09-02,1023.0,1,850.0,Санкт-Петербург,Wildberries,Доставлен
513680,2024-12-24,1021.0,1,1570.0,Москва,Wildberries,Доставлен
506267,2024-06-30,1022.0,1,1670.0,Санкт-Петербург,Wildberries,Доставлен
502111,2024-03-06,1009.0,1,1990.0,Екатеринбург,Wildberries,Доставлен
504096,2024-04-22,1024.0,1,2970.0,Санкт-Петербург,Ozon,Доставлен
501013,2024-02-04,1016.0,1,2230.0,Москва,Wildberries,Возврат
502986,2024-03-24,1022.0,1,1580.0,Санкт-Петербург,Ozon,Доставлен
502142,2024-03-06,1022.0,1,1450.0,Новосибирск,Wildberries,Доставлен
510183,2024-10-17,1002.0,1,3750.0,Регионы,Wildberries,Доставлен
500243,2024-01-08,1023.0,1,1010.0,Москва,Ozon,Возврат
501330,2024-02-13,1018.0,2,860.0,Москва,Wildberries,Доставлен
503456,2024-04-03,1025.0,1,2930.0,Регионы,Wildberries,Доставлен
503853,2024-04-16,1005.0,1,2720.0,Регионы,Wildberries,Возврат
501145,2024-02-08,1018.0,1,720.0,Регионы,Ozon,Доставлен
505425,2024-06-04,1015.0,1,2440.0,Москва,Wildberries,Доставлен
502907,2024-03-23,1006.0,1,4040.0,Москва,Ozon,Доставлен
513229,2024-12-17,1006.0,1,4310.0,Регионы,Wildberries,Доставлен
509141,2024-09-17,1017.0,1,1510.0,Москва,Wildberries,Доставлен
502484,2024-03-13,1026.0,2,2240.0,Регионы,Ozon,Доставлен
505707,2024-06-13,1017.0,1,1410.0,Регионы,Wildberries,Доставлен
507011,2024-07-24,1018.0,1,810.0,Новосибирск,Ozon,Доставлен
511851,2024-11-23,1014.0,1,2270.0,Москва,Wildberries,Доставлен
505627,2024-06-11,1007.0,1,1300.0,Регионы,Ozon,Доставлен
502298,2024-03-10,1004.0,1,2450.0,Новосибирск,Ozon,Доставлен
511351,2024-11-14,1003.0,1,3500.0,Регионы,Wildberries,Доставлен
507682,2024-08-11,1026.0,1,2690.0,Москва,Ozon,Доставлен
511265,2024-11-12,1016.0,1,2800.0,Екатеринбург,Wildberries,Доставлен
506479,2024-07-07,1012.0,1,3090.0,Москва,Wildberries,Доставлен
503307,2024-03-31,1003.0,1,2930.0,Регионы,Ozon,Доставлен
510878,2024-11-04,1003.0,1,2930.0,Регионы,Wildberries,Доставлен
511791,2024-11-22,1014.0,1,2590.0,Санкт-Петербург,Ozon,Доставлен
508331,2024-08-28,1001.0,1,1240.0,Москва,Ozon,Доставлен
506029,2024-06-22,1024.0,1,3710.0,Москва,Ozon,Возврат
500904,2024-02-01,1022.0,2,1420.0,Москва,Ozon,Доставлен
505670,2024-06-12,1013.0,1,2120.0,Регионы,Ozon,Доставлен
508778,2024-09-07,1026.0,2,2280.0,Регионы,Wildberries,Доставлен
504437,2024-05-02,1021.0,1,1350.0,Санкт-Петербург,Ozon,Доставлен
502085,2024-03-05,1019.0,2,2360.0,Регионы,Wildberries,Доставлен
500912,2024-02-02,1002.0,1,3780.0,Екатеринбург,Ozon,Доставлен
505332,2024-06-01,1010.0,1,1090.0,Санкт-Петербург,Ozon,Доставлен
512093,2024-11-28,1022.0,1,1720.0,Регионы,Wildberries,Доставлен
500247,2024-01-08,1025.0,1,3200.0,Регионы,Ozon,Отменён
509297,2024-09-21,1020.0,1,1400.0,Санкт-Петербург,Wildberries,Возврат
504269,2024-04-27,1024.0,1,3510.0,Новосибирск,Wildberries,Доставлен
503061,2024-03-26,1012.0,1,3220.0,Екатеринбург,Ozon,Возврат
504476,2024-05-04,1001.0,1,1290.0,Новосибирск,Wildberries,Доставлен
510182,2024-10-16,1026.0,1,2250.0,Регионы,Wildberries,Доставлен
513726,2024-12-25,1016.0,1,2500.0,Москва,Wildberries,Доставлен
505322,2024-06-01,1002.0,2,3500.0,Москва,Ozon,Возврат
502369,2024-03-11,1017.0,1,1570.0,Москва,Wildberries,Доставлен
509792,2024-10-04,1015.0,2,2210.0,Санкт-Петербург,Ozon,Доставлен
502122,2024-03-06,1013.0,1,2440.0,Санкт-Петербург,Ozon,Доставлен
501385,2024-02-15,1013.0,1,2450.0,Москва,Wildberries,Доставлен
503831,2024-04-15,1017.0,1,1420.0,Санкт-Петербург,Wildberries,Доставлен
510781,2024-11-02,1006.0,1,4190.0,Москва,Wildberries,Отменён
505164,2024-05-26,1024.0,1,3030.0,Москва,Ozon,Доставлен
512296,2024-12-02,1009.0,1,2010.0,Москва,Ozon,Доставлен
505246,2024-05-29,1018.0,2,760.0,Москва,Wildberries,Доставлен
511782,2024-11-22,1010.0,1,1120.0,Регионы,Ozon,Возврат
504867,2024-05-17,1003.0,1,3560.0,Екатеринбург,Ozon,Возврат
506634,2024-07-12,1006.0,1,4360.0,Регионы,Wildberries,Доставлен
503951,2024-04-19,1004.0,1,2570.0,Екатеринбург,Ozon,Возврат
508686,2024-09-05,1023.0,1,970.0,Москва,Ozon,Доставлен
502095,2024-03-06,1003.0,1,3070.0,Новосибирск,Wildberries,Доставлен
511160,2024-11-10,1017.0,2,1710.0,Москва,Ozon,Доставлен
506132,2024-06-26,1014.0,1,2520.0,Москва,Ozon,Возврат
503431,2024-04-03,1005.0,1,2610.0,Москва,Ozon,Доставлен
513803,2024-12-26,1024.0,1,3370.0,Екатеринбург,Ozon,Доставлен
502726,2024-03-19,1011.0,1,3320.0,Регионы,Wildberries,Доставлен
503654,2024-04-10,1024.0,1,3740.0,Москва,Wildberries,Доставлен
513021,2024-12-13,1020.0,1,1590.0,Москва,Ozon,Доставлен
500971,2024-02-03,1021.0,1,1590.0,Регионы,Ozon,Возврат
506049,2024-06-23,1015.0,1,2140.0,Москва,Wildberries,Доставлен
503270,2024-03-30,1011.0,1,3620.0,Екатеринбург,Wildberries,Доставлен
505354,2024-06-02,1006.0,1,3600.0,Санкт-Петербург,Ozon,Доставлен
513799,2024-12-26,1022.0,1,1480.0,Регионы,Wildberries,Доставлен
505640,2024-06-11,1012.0,2,3170.0,Москва,Wildberries,Доставлен
511075,2024-11-08,1024.0,1,3090.0,Регионы,Ozon,Доставлен
513948,2024-12-29,1005.0,1,2380.0,Москва,Wildberries,Доставлен
507029,2024-07-25,1011.0,1,3440.0,Москва,Ozon,Доставлен
510199,2024-10-17,1012.0,1,3210.0,Екатеринбург,Wildberries,Доставлен
510823,2024-11-03,1002.0,1,3990.0,Регионы,Ozon,Доставлен
507227,2024-07-31,1005.0,1,2540.0,Екатеринбург,Wildberries,Доставлен
502162,2024-03-07,1004.0,1,2350.0,Москва,Wildberries,Доставлен
509993,2024-10-11,1004.0,1,2670.0,Регионы,Ozon,Доставлен
510679,2024-10-31,1001.0,1,1170.0,Екатеринбург,Ozon,Доставлен
504369,2024-04-30,1026.0,1,2190.0,Новосибирск,Wildberries,Доставлен
507361,2024-08-03,1015.0,1,2160.0,Екатеринбург,Wildberries,Доставлен
505423,2024-06-04,1014.0,1,2470.0,Санкт-Петербург,Ozon,Доставлен
509340,2024-09-22,1023.0,1,940.0,Регионы,Wildberries,Доставлен
501422,2024-02-16,1014.0,2,2330.0,Москва,Wildberries,Доставлен
504641,2024-05-08,1019.0,1,2460.0,Регионы,Wildberries,Доставлен
508162,2024-08-24,1009.0,1,1630.0,Москва,Ozon,Доставлен
503623,2024-04-09,1022.0,2,1740.0,Москва,Wildberries,Доставлен
503475,2024-04-04,1020.0,1,1460.0,Санкт-Петербург,Wildberries,Отменён
501499,2024-02-19,1008.0,1,4160.0,Регионы,Ozon,Доставлен
508456,2024-08-31,1010.0,1,1110.0,Санкт-Петербург,Ozon,Доставлен
508113,2024-08-22,1023.0,1,870.0,Москва,Wildberries,Возврат
500724,2024-01-26,1012.0,1,3010.0,Екатеринбург,Wildberries,Доставлен
502548,2024-03-15,1005.0,1,2550.0,Регионы,Ozon,Доставлен
505623,2024-06-11,1005.0,1,2270.0,Регионы,Wildberries,Доставлен
505743,2024-06-14,1026.0,1,2210.0,Санкт-Петербург,Wildberries,Отменён
510112,2024-10-14,1023.0,1,960.0,Регионы,Ozon,Доставлен
510109,2024-10-14,1021.0,1,1670.0,Регионы,Wildberries,Доставлен
510411,2024-10-23,1023.0,1,980.0,Регионы,Wildberries,Возврат
502032,2024-03-04,1023.0,1,940.0,Санкт-Петербург,Wildberries,Доставлен
502990,2024-03-24,1025.0,1,3110.0,Москва,Ozon,Доставлен
504570,2024-05-06,1023.0,1,920.0,Санкт-Петербург,Wildberries,Доставлен
506946,2024-07-22,1006.0,1,4220.0,Москва,Wildberries,Доставлен
503793,2024-04-14,1018.0,1,790.0,Регионы,Ozon,Отменён
511560,2024-11-18,1007.0,3,1110.0,Санкт-Петербург,Ozon,Доставлен
501321,2024-02-13,1012.0,1,3090.0,Санкт-Петербург,Wildberries,Доставлен
513149,2024-12-15,1022.0,1,1690.0,Регионы,Wildberries,Доставлен
502291,2024-03-09,1025.0,1,3020.0,Новосибирск,Wildberries,Доставлен
505974,2024-06-21,1005.0,1,2600.0,Санкт-Петербург,Ozon,Отменён
509634,2024-09-30,1002.0,1,3700.0,Екатеринбург,Wildberries,Доставлен
502281,2024-03-09,1019.0,1,2280.0,Москва,Wildberries,Возврат
500738,2024-01-26,1026.0,1,2700.0,Москва,Ozon,Доставлен
512126,2024-11-29,1009.0,1,1870.0,Санкт-Петербург,Wildberries,Доставлен
505077,2024-05-24,1004.0,2,2370.0,Регионы,Wildberries,Доставлен
512904,2024-12-11,1021.0,1,1430.0,Санкт-Петербург,Wildberries,Доставлен
511766,2024-11-22,1004.0,1,2830.0,Москва,Ozon,Доставлен
501668,2024-02-24,1006.0,1,3660.0,Регионы,Wildberries,Доставлен
507805,2024-08-14,1026.0,1,2690.0,Москва,Ozon,Доставлен
510623,2024-10-29,1009.0,3,1810.0,Санкт-Петербург,Ozon,Доставлен
501658,2024-02-23,1025.0,1,3110.0,Санкт-Петербург,Ozon,Доставлен
502004,2024-03-04,1006.0,1,3920.0,Екатеринбург,Wildberries,Доставлен
511716,2024-11-21,1002.0,1,3350.0,Екатеринбург,Wildberries,Доставлен
511256,2024-11-12,1013.0,1,2300.0,Москва,Ozon,Доставлен
508803,2024-09-08,1017.0,1,1640.0,Санкт-Петербург,Ozon,Доставлен
509901,2024-10-08,1001.0,1,1330.0,Екатеринбург,Ozon,Доставлен
508802,2024-09-08,1015.0,1,2050.0,Санкт-Петербург,Ozon,Доставлен
504038,2024-04-21,1004.0,1,2350.0,Регионы,Wildberries,Возврат
507188,2024-07-29,1021.0,1,1720.0,Регионы,Ozon,Доставлен
511142,2024-11-10,1010.0,1,1210.0,Москва,Ozon,Возврат
501173,2024-02-09,1009.0,3,1780.0,Екатеринбург,Wildberries,Доставлен
506176,2024-06-27,1025.0,1,2840.0,Екатеринбург,Wildberries,Доставлен
513554,2024-12-22,1016.0,1,2470.0,Москва,Wildberries,Возврат
500028,2024-01-01,1022.0,1,1480.0,Регионы,Ozon,Доставлен
501312,2024-02-13,1004.0,1,2250.0,Москва,Ozon,Доставлен
504742,2024-05-12,1010.0,1,1220.0,Екатеринбург,Wildberries,Доставлен
511745,2024-11-21,1018.0,1,780.0,Екатеринбург,Ozon,Отменён
505879,2024-06-18,1015.0,1,2590.0,Новосибирск,Wildberries,Доставлен
511561,2024-11-18,1007.0,1,1060.0,Новосибирск,Ozon,Возврат
505420,2024-06-04,1010.0,1,1280.0,Регионы,Wildberries,Доставлен
500946,2024-02-03,1003.0,1,2960.0,Екатеринбург,Ozon,Доставлен
513444,2024-12-20,1023.0,1,830.0,Регионы,Wildberries,Доставлен
504385,2024-05-01,1012.0,1,2680.0,Москва,Ozon,Доставлен
503996,2024-04-20,1005.0,1,2260.0,Санкт-Петербург,Ozon,Доставлен
508789,2024-09-08,1005.0,1,2630.0,Москва,Wildberries,Доставлен
508659,2024-09-05,1007.0,1,1050.0,Санкт-Петербург,Ozon,Доставлен
513219,2024-12-17,1003.0,2,3450.0,Регионы,Wildberries,Доставлен
507308,2024-08-02,1009.0,1,1660.0,Москва,Wildberries,Доставлен
502976,2024-03-24,1017.0,1,1710.0,Москва,Ozon,Доставлен
510050,2024-10-12,1025.0,1,3020.0,Москва,Wildberries,Доставлен
510404,2024-10-23,1015.0,1,2510.0,Регионы,Wildberries,Доставлен
510009,2024-10-11,1011.0,1,3180.0,Москва,Ozon,Доставлен
501129,2024-02-08,1005.0,2,2340.0,Регионы,Ozon,Доставлен
503998,2024-04-20,1006.0,1,4290.0,Екатеринбург,Wildberries,Доставлен
507023,2024-07-25,1003.0,1,3150.0,Екатеринбург,Wildberries,Доставлен
509062,2024-09-15,1018.0,1,870.0,Новосибирск,Ozon,Доставлен
501788,2024-02-27,1024.0,1,3650.0,Екатеринбург,Wildberries,Доставлен
505139,2024-05-26,1008.0,1,4940.0,Москва,Ozon,Доставлен
510165,2024-10-16,1008.0,1,4930.0,Регионы,Wildberries,Доставлен
509250,2024-09-20,1018.0,1,690.0,Санкт-Петербург,Wildberries,Доставлен
507945,2024-08-18,1017.0,1,1640.0,Регионы,Wildberries,Доставлен
512075,2024-11-28,1011.0,1,3860.0,Новосибирск,Ozon,Доставлен
502406,2024-03-12,1009.0,1,1670.0,Регионы,Wildberries,Доставлен
512723,2024-12-09,1007.0,1,1180.0,Регионы,Wildberries,Доставлен
503080,2024-03-26,1020.0,1,1350.0,Санкт-Петербург,Wildberries,Доставлен
502710,2024-03-18,1026.0,1,2620.0,Москва,Ozon,Доставлен
507560,2024-08-08,1020.0,1,1370.0,Екатеринбург,Wildberries,Доставлен
511524,2024-11-17,1019.0,1,2160.0,Санкт-Петербург,Wildberries,Доставлен
507842,2024-08-15,1025.0,1,3170.0,Москва,Wildberries,Доставлен
505449,2024-06-05,1002.0,1,3420.0,Москва,Ozon,Доставлен
506467,2024-07-07,1001.0,1,1180.0,Регионы,Ozon,Доставлен
501607,2024-02-22,1011.0,2,3640.0,Екатеринбург,Wildberries,Доставлен
501119,2024-02-07,1021.0,1,1420.0,Санкт-Петербург,Wildberries,Доставлен
511267,2024-11-12,1017.0,1,1550.0,Регионы,Ozon,Доставлен
513917,2024-12-28,1018.0,2,750.0,Москва,Wildberries,Доставлен
504931,2024-05-19,1005.0,1,2640.0,Москва,Wildberries,Доставлен
506779,2024-07-17,1001.0,1,1200.0,Регионы,Wildberries,Доставлен
510691,2024-10-31,1013.0,1,2140.0,Новосибирск,Wildberries,Отменён
510224,2024-10-18,1005.0,1,2440.0,Регионы,Wildberries,Отменён
512947,2024-12-12,1013.0,1,2440.0,Москва,Wildberries,Доставлен
508838,2024-09-09,1015.0,1,2560.0,Екатеринбург,Wildberries,Доставлен
509554,2024-09-28,1003.0,1,3230.0,Москва,Wildberries,Отменён
502734,2024-03-19,1017.0,1,1570.0,Москва,Wildberries,Доставлен
507917,2024-08-18,1003.0,2,3670.0,Екатеринбург,Wildberries,Доставлен
508527,2024-09-02,1008.0,1,4300.0,Санкт-Петербург,Wildberries,Доставлен
505997,2024-06-21,1026.0,1,2190.0,Санкт-Петербург,Ozon,Доставлен
505783,2024-06-16,1003.0,1,3540.0,Регионы,Ozon,Доставлен
510284,2024-10-19,1017.0,1,1520.0,Санкт-Петербург,Wildberries,Доставлен
509150,2024-09-17,1021.0,1,1710.0,Регионы,Ozon,Возврат
500459,2024-01-17,1008.0,1,4910.0,Москва,Wildberries,Доставлен
503453,2024-04-03,1024.0,1,3220.0,Екатеринбург,Ozon,Доставлен
505760,2024-06-15,1011.0,2,3230.0,Санкт-Петербург,Ozon,Доставлен
512853,2024-12-11,1005.0,2,2290.0,Регионы,Wildberries,Отменён
513870,2024-12-28,1002.0,1,4190.0,Москва,Wildberries,Доставлен
501159,2024-02-09,1001.0,2,1380.0,Регионы,Ozon,Доставлен
502100,2024-03-06,1003.0,1,3440.0,Москва,Ozon,Доставлен
501669,2024-02-24,1006.0,1,4440.0,Екатеринбург,Wildberries,Доставлен
502409,2024-03-12,1010.0,1,1180.0,Регионы,Ozon,Доставлен
512577,2024-12-07,1002.0,1,3660.0,Екатеринбург,Wildberries,Доставлен
508424,2024-08-30,1012.0,1,2740.0,Санкт-Петербург,Wildberries,Доставлен
503278,2024-03-30,1021.0,1,1430.0,Москва,Wildberries,Доставлен
514045,2024-12-30,1018.0,1,870.0,Москва,Ozon,Доставлен
507371,2024-08-03,1019.0,1,2280.0,Санкт-Петербург,Ozon,Возврат
504887,2024-05-17,1022.0,1,1620.0,Екатеринбург,Ozon,Доставлен
507982,2024-08-19,1017.0,1,1460.0,Москва,Wildberries,Доставлен
509124,2024-09-17,1005.0,1,2620.0,Екатеринбург,Wildberries,Возврат
512774,2024-12-10,1003.0,1,3500.0,Регионы,Wildberries,Доставлен
510336,2024-10-21,1004.0,1,2640.0,Москва,Wildberries,Доставлен
504671,2024-05-10,1004.0,1,2390.0,Регионы,Ozon,Доставлен
511896,2024-11-24,1008.0,1,4960.0,Москва,Wildberries,Доставлен
513313,2024-12-18,1010.0,1,1200.0,Регионы,Ozon,Доставлен
510155,2024-10-16,1001.0,1,1240.0,Новосибирск,Ozon,Доставлен
500577,2024-01-21,1005.0,1,2420.0,Москва,Ozon,Доставлен
503330,2024-03-31,1015.0,1,2180.0,Регионы,Ozon,Возврат
513757,2024-12-26,1005.0,1,2770.0,Регионы,Ozon,Доставлен
505536,2024-06-08,1008.0,1,4600.0,Санкт-Петербург,Wildberries,Доставлен
504080,2024-04-22,1015.0,1,2120.0,Москва,Wildberries,Доставлен
509785,2024-10-04,1010.0,2,1170.0,Москва,Ozon,Доставлен
500233,2024-01-08,1008.0,1,4850.0,Москва,Ozon,Доставлен
507464,2024-08-06,1010.0,1,1270.0,Новосибирск,Ozon,Доставлен
507974,2024-08-19,1012.0,2,2710.0,Новосибирск,Ozon,Доставлен
500662,2024-01-24,1007.0,2,1230.0,Регионы,Wildberries,Доставлен
500534,2024-01-19,1015.0,1,2210.0,Москва,Wildberries,Доставлен
511543,2024-11-17,1026.0,1,2220.0,Москва,Wildberries,Доставлен
512768,2024-12-10,1002.0,1,3770.0,Регионы,Wildberries,Доставлен
511835,2024-11-23,1009.0,1,1860.0,Санкт-Петербург,Wildberries,Доставлен
500780,2024-01-28,1006.0,1,3920.0,Новосибирск,Wildberries,Доставлен
514052,2024-12-30,1019.0,1,2070.0,Екатеринбург,Ozon,Доставлен
510391,2024-10-23,1007.0,1,1290.0,Регионы,Ozon,Доставлен
507712,2024-08-12,1015.0,1,2210.0,Регионы,Ozon,Доставлен
500541,2024-01-19,1018.0,1,720.0,Регионы,Wildberries,Доставлен
509788,2024-10-04,1011.0,1,3690.0,Екатеринбург,Ozon,Доставлен
510582,2024-10-28,1005.0,1,2400.0,Регионы,Wildberries,Доставлен
500661,2024-01-24,1006.0,1,3670.0,Новосибирск,Ozon,Возврат
504559,2024-05-06,1014.0,1,2530.0,Регионы,Ozon,Доставлен
506715,2024-07-15,1002.0,1,3480.0,Екатеринбург,Wildberries,Доставлен
501720,2024-02-25,1023.0,1,970.0,Новосибирск,Ozon,Доставлен
502081,2024-03-05,1017.0,1,1690.0,Санкт-Петербург,Wildberries,Доставлен
513168,2024-12-16,1004.0,1,2780.0,Санкт-Петербург,Wildberries,Доставлен
504144,2024-04-24,1005.0,1,2550.0,Регионы,Wildberries,Отменён
503321,2024-03-31,1010.0,1,1210.0,Регионы,Wildberries,Доставлен
511891,2024-11-24,1008.0,1,4830.0,Регионы,Wildberries,Доставлен
501583,2024-02-21,1020.0,1,1510.0,Регионы,Wildberries,Доставлен
501284,2024-02-12,1013.0,1,2450.0,Регионы,Ozon,Возврат
504988,2024-05-20,1024.0,2,3380.0,Москва,Ozon,Доставлен
506384,2024-07-04,1019.0,1,1990.0,Москва,Ozon,Доставлен
503284,2024-03-30,1023.0,1,890.0,Регионы,Wildberries,Отменён
513590,2024-12-23,1008.0,2,4060.0,Регионы,Wildberries,Доставлен
512484,2024-12-05,1010.0,1,1260.0,Регионы,Ozon,Возврат
502464,2024-03-13,1014.0,2,2370.0,Москва,Wildberries,Доставлен
505706,2024-06-13,1017.0,1,1510.0,Москва,Wildberries,Доставлен
509353,2024-09-23,1004.0,1,2550.0,Регионы,Ozon,Доставлен
513564,2024-12-22,1024.0,2,3070.0,Екатеринбург,Wildberries,Доставлен
508639,2024-09-04,1024.0,1,3740.0,Регионы,Ozon,Доставлен
503488,2024-04-05,1013.0,1,2140.0,Москва,Ozon,Доставлен
504286,2024-04-28,1008.0,1,4190.0,Москва,Ozon,Доставлен
507102,2024-07-27,1012.0,1,2990.0,Санкт-Петербург,Wildberries,Доставлен
511362,2024-11-14,1008.0,1,5020.0,Регионы,Ozon,Доставлен
511663,2024-11-20,1005.0,1,2460.0,Регионы,Wildberries,Доставлен
512917,2024-12-11,1025.0,1,2630.0,Екатеринбург,Ozon,Доставлен
501392,2024-02-15,1018.0,1,850.0,Москва,Ozon,Доставлен
501142,2024-02-08,1017.0,1,1440.0,Екатеринбург,Ozon,Доставлен
506294,2024-07-01,1021.0,2,1600.0,Екатеринбург,Wildberries,Возврат
512907,2024-12-11,1022.0,1,1370.0,Санкт-Петербург,Wildberries,Доставлен
511585,2024-11-18,1020.0,1,1290.0,Москва,Wildberries,Доставлен
513930,2024-12-28,1023.0,1,1040.0,Санкт-Петербург,Wildberries,Доставлен
510126,2024-10-15,1007.0,1,1120.0,Москва,Ozon,Доставлен
508538,2024-09-02,1017.0,1,1550.0,Москва,Ozon,Доставлен
513876,2024-12-28,1005.0,1,2670.0,Новосибирск,Wildberries,Доставлен
510290,2024-10-19,1020.0,1,1460.0,Москва,Wildberries,Доставлен
508591,2024-09-03,1023.0,2,940.0,Регионы,Wildberries,Доставлен
505635,2024-06-11,1010.0,3,1130.0,Регионы,Wildberries,Доставлен
504484,2024-05-04,1005.0,2,2510.0,Регионы,Ozon,Возврат
508809,2024-09-08,1019.0,1,2180.0,Регионы,Wildberries,Возврат
505874,2024-06-18,1013.0,1,2300.0,Москва,Wildberries,Доставлен
502505,2024-03-14,1011.0,1,3300.0,Регионы,Ozon,Отменён
513040,2024-12-14,1005.0,2,2240.0,Москва,Ozon,Доставлен
507593,2024-08-09,1016.0,1,2470.0,Санкт-Петербург,Ozon,Доставлен
506200,2024-06-28,1018.0,3,820.0,Санкт-Петербург,Ozon,Доставлен
505243,2024-05-29,1016.0,1,2750.0,Москва,Wildberries,Доставлен
506158,2024-06-27,1004.0,1,2420.0,Регионы,Wildberries,Доставлен
509157,2024-09-18,1005.0,1,2720.0,Екатеринбург,Wildberries,Доставлен
511200,2024-11-11,1012.0,1,3370.0,Москва,Ozon,Доставлен
511702,2024-11-20,1022.0,1,1370.0,Новосибирск,Wildberries,Доставлен
503340,2024-03-31,1021.0,1,1510.0,Регионы,Ozon,Возврат
513027,2024-12-13,1024.0,1,3370.0,Санкт-Петербург,Wildberries,Доставлен
506614,2024-07-11,1022.0,1,1710.0,Регионы,Wildberries,Доставлен
508452,2024-08-31,1008.0,1,4730.0,Москва,Ozon,Доставлен
511672,2024-11-20,1007.0,2,1050.0,Регионы,Wildberries,Доставлен
506729,2024-07-15,1014.0,1,2330.0,Регионы,Ozon,Доставлен
505655,2024-06-11,1021.0,1,1680.0,Новосибирск,Wildberries,Доставлен
511370,2024-11-14,1011.0,1,3490.0,Москва,Wildberries,Возврат
512005,2024-11-26,1024.0,1,3010.0,Санкт-Петербург,Wildberries,Доставлен
512249,2024-12-01,1013.0,1,2320.0,Регионы,Wildberries,Доставлен
512627,2024-12-07,1023.0,1,940.0,Санкт-Петербург,Wildberries,Доставлен
502795,2024-03-20,1026.0,1,2560.0,Москва,Ozon,Возврат
512744,2024-12-09,1015.0,1,2290.0,Регионы,Ozon,Доставлен
500306,2024-01-11,1002.0,3,3630.0,Москва,Wildberries,Доставлен
506463,2024-07-06,1024.0,3,3160.0,Москва,Wildberries,Отменён
505618,2024-06-11,1001.0,2,1340.0,Регионы,Wildberries,Доставлен
503699,2024-04-12,1003.0,1,3120.0,Новосибирск,Wildberries,Возврат
509880,2024-10-07,1008.0,1,4140.0,Москва,Wildberries,Отменён
508429,2024-08-30,1016.0,1,2740.0,Москва,Ozon,Доставлен
503827,2024-04-15,1014.0,1,2340.0,Екатеринбург,Wildberries,Доставлен
512180,2024-11-30,1009.0,3,1600.0,Регионы,Wildberries,Доставлен
508966,2024-09-13,1003.0,1,3070.0,Санкт-Петербург,Ozon,Доставлен
503784,2024-04-14,1009.0,1,1600.0,Санкт-Петербург,Wildberries,Доставлен
502756,2024-03-20,1001.0,1,1380.0,Москва,Wildberries,Доставлен
502262,2024-03-09,1004.0,2,2690.0,Москва,Wildberries,Доставлен
510644,2024-10-30,1004.0,1,2580.0,Регионы,Wildberries,Доставлен
507958,2024-08-19,1003.0,2,3380.0,Москва,Ozon,Отменён
500516,2024-01-19,1003.0,1,3600.0,Москва,Ozon,Доставлен
513186,2024-12-16,1011.0,1,3500.0,Регионы,Wildberries,Доставлен
509511,2024-09-26,1024.0,1,3400.0,Москва,Wildberries,Доставлен
501239,2024-02-11,1007.0,2,1090.0,Екатеринбург,Wildberries,Доставлен
510325,2024-10-20,1020.0,1,1400.0,Санкт-Петербург,Wildberries,Доставлен
509059,2024-09-15,1016.0,1,2330.0,Санкт-Петербург,Wildberries,Доставлен
508614,2024-09-04,1012.0,1,3040.0,Санкт-Петербург,Wildberries,Доставлен
512162,2024-11-29,1024.0,1,3180.0,Москва,Wildberries,Возврат
508911,2024-09-11,1017.0,1,1720.0,Санкт-Петербург,Wildberries,Доставлен
508705,2024-09-06,1009.0,1,1670.0,Москва,Wildberries,Доставлен
506262,2024-06-30,1018.0,1,740.0,Регионы,Wildberries,Доставлен
506824,2024-07-18,1007.0,1,1310.0,Екатеринбург,Wildberries,Возврат
500603,2024-01-21,1024.0,2,3520.0,Регионы,Wildberries,Доставлен
501465,2024-02-18,1003.0,1,3490.0,Санкт-Петербург,Ozon,Доставлен
503617,2024-04-09,1019.0,1,2010.0,Москва,Wildberries,Возврат
509359,2024-09-23,1006.0,2,3700.0,Регионы,Ozon,Доставлен
504402,2024-05-01,1019.0,1,2230.0,Москва,Wildberries,Доставлен
502585,2024-03-15,1025.0,1,3080.0,Москва,Ozon,Доставлен
505363,2024-06-02,1010.0,1,1300.0,Москва,Wildberries,Доставлен
508026,2024-08-20,1020.0,1,1460.0,Регионы,Wildberries,Доставлен
504608,2024-05-07,1023.0,1,980.0,Москва,Ozon,Доставлен
502153,2024-03-06,1024.0,1,3480.0,Регионы,Wildberries,Возврат
502060,2024-03-05,1007.0,1,1200.0,Регионы,Ozon,Возврат
500732,2024-01-26,1022.0,1,1560.0,Регионы,Wildberries,Доставлен
506136,2024-06-26,1017.0,1,1640.0,Санкт-Петербург,Wildberries,Доставлен
506566,2024-07-10,1008.0,2,4440.0,Санкт-Петербург,Ozon,Доставлен
508828,2024-09-09,1008.0,1,4350.0,Новосибирск,Ozon,Доставлен
505055,2024-05-23,1007.0,1,1090.0,Москва,Wildberries,Доставлен
503624,2024-04-09,1023.0,1,1020.0,Санкт-Петербург,Wildberries,Доставлен
506544,2024-07-09,1020.0,1,1430.0,Москва,Ozon,Доставлен
514024,2024-12-30,1010.0,2,1130.0,Екатеринбург,Wildberries,Доставлен
510937,2024-11-05,1023.0,1,950.0,Москва,Wildberries,Доставлен
504370,2024-05-01,1001.0,1,1250.0,Екатеринбург,Ozon,Доставлен
510567,2024-10-27,1024.0,1,3100.0,Москва,Wildberries,Доставлен
510930,2024-11-05,1016.0,2,2550.0,Регионы,Wildberries,Доставлен
505917,2024-06-19,1009.0,1,1700.0,Регионы,Wildberries,Доставлен
505827,2024-06-17,1005.0,1,2230.0,Новосибирск,Wildberries,Доставлен
505519,2024-06-07,1014.0,1,2500.0,Москва,Wildberries,Доставлен
512433,2024-12-04,1014.0,1,2290.0,Регионы,Ozon,Доставлен
501155,2024-02-08,1024.0,1,3440.0,Регионы,Wildberries,Возврат
511659,2024-11-20,1002.0,1,3710.0,Санкт-Петербург,Ozon,Доставлен
513409,2024-12-20,1005.0,2,2480.0,Екатеринбург,Wildberries,Доставлен
513454,2024-12-21,1002.0,1,3600.0,Москва,Ozon,Доставлен
500755,2024-01-27,1012.0,1,2650.0,Москва,Wildberries,Доставлен
508279,2024-08-26,1018.0,1,730.0,Екатеринбург,Wildberries,Отменён
508372,2024-08-29,1006.0,1,4420.0,Новосибирск,Wildberries,Возврат
512702,2024-12-08,1021.0,1,1440.0,Новосибирск,Wildberries,Возврат
506496,2024-07-07,1024.0,1,3080.0,Москва,Ozon,Доставлен
503700,2024-04-12,1003.0,1,3240.0,Новосибирск,Wildberries,Доставлен
506975,2024-07-23,1002.0,1,4050.0,Санкт-Петербург,Wildberries,Доставлен
511201,2024-11-11,1013.0,1,2330.0,Регионы,Ozon,Доставлен
511537,2024-11-17,1023.0,1,870.0,Регионы,Wildberries,Возврат
504106,2024-04-23,1008.0,1,4670.0,Москва,Ozon,Отменён
500358,2024-01-13,1002.0,1,4110.0,Регионы,Wildberries,Доставлен
506014,2024-06-22,1013.0,1,2340.0,Регионы,Wildberries,Доставлен
501269,2024-02-12,1006.0,1,4080.0,Регионы,Ozon,Доставлен
509734,2024-10-02,1015.0,1,2550.0,Регионы,Wildberries,Доставлен
505454,2024-06-05,1006.0,1,4520.0,Москва,Ozon,Возврат
508949,2024-09-12,1017.0,1,1660.0,Москва,Wildberries,Доставлен
511911,2024-11-24,1016.0,1,2580.0,Регионы,Wildberries,Доставлен
503962,2024-04-19,1010.0,1,1130.0,Москва,Wildberries,Возврат
504000,2024-04-20,1006.0,1,4350.0,Санкт-Петербург,Wildberries,Доставлен
512539,2024-12-06,1009.0,1,1910.0,Екатеринбург,Ozon,Доставлен
506860,2024-07-19,1014.0,2,2710.0,Москва,Wildberries,Отменён
504678,2024-05-10,1010.0,1,1110.0,Регионы,Wildberries,Возврат
500245,2024-01-08,1024.0,1,3140.0,Екатеринбург,Wildberries,Доставлен
503046,2024-03-26,1002.0,1,4210.0,Москва,Wildberries,Отменён
505482,2024-06-06,1004.0,1,2790.0,Регионы,Ozon,Доставлен
502653,2024-03-17,1020.0,1,1600.0,Санкт-Петербург,Wildberries,Возврат
512958,2024-12-12,1018.0,1,800.0,Санкт-Петербург,Wildberries,Доставлен
500100,2024-01-04,1005.0,2,2360.0,Санкт-Петербург,Ozon,Доставлен
506755,2024-07-16,1012.0,1,2840.0,Санкт-Петербург,Wildberries,Доставлен
510779,2024-11-02,1005.0,1,2370.0,Москва,Wildberries,Доставлен
512684,2024-12-08,1015.0,1,2170.0,Регионы,Ozon,Доставлен
500692,2024-01-25,1007.0,1,1320.0,Санкт-Петербург,Wildberries,Доставлен
502329,2024-03-10,1024.0,1,3600.0,Регионы,Wildberries,Доставлен
507807,2024-08-15,1002.0,1,4230.0,Новосибирск,Wildberries,Доставлен
500913,2024-02-02,1003.0,1,3630.0,Москва,Wildberries,Доставлен
507565,2024-08-08,1022.0,1,1740.0,Екатеринбург,Wildberries,Доставлен
503854,2024-04-16,1005.0,1,2660.0,Регионы,Wildberries,Возврат
501678,2024-02-24,1011.0,1,3290.0,Новосибирск,Wildberries,Доставлен
502931,2024-03-23,1021.0,1,1450.0,Регионы,Wildberries,Доставлен
508184,2024-08-24,1020.0,1,1290.0,Регионы,Wildberries,Доставлен
501194,2024-02-10,1002.0,1,4100.0,Екатеринбург,Wildberries,Доставлен
508354,2024-08-28,1014.0,1,2580.0,Москва,Wildberries,Доставлен
501647,2024-02-23,1016.0,2,2370.0,Регионы,Ozon,Доставлен
512883,2024-12-11,1015.0,1,2270.0,Регионы,Wildberries,Доставлен
505359,2024-06-02,1009.0,1,1960.0,Екатеринбург,Wildberries,Доставлен
508943,2024-09-12,1016.0,1,2660.0,Москва,Wildberries,Доставлен
500681,2024-01-24,1024.0,1,3420.0,Екатеринбург,Wildberries,Доставлен
500774,2024-01-28,1001.0,2,1280.0,Санкт-Петербург,Wildberries,Доставлен
507132,2024-07-28,1007.0,1,1070.0,Новосибирск,Wildberries,Доставлен
510096,2024-10-14,1009.0,1,1830.0,Москва,Wildberries,Возврат
513847,2024-12-27,1015.0,2,2100.0,Екатеринбург,Ozon,Доставлен
502780,2024-03-20,1017.0,1,1570.0,Москва,Ozon,Доставлен
513114,2024-12-15,1006.0,1,4190.0,Москва,Wildberries,Доставлен
500949,2024-02-03,1007.0,1,1300.0,Новосибирск,Wildberries,Доставлен
505972,2024-06-21,1004.0,1,2740.0,Москва,Wildberries,Доставлен
502752,2024-03-19,1025.0,1,2890.0,Новосибирск,Wildberries,Возврат
506269,2024-07-01,1001.0,1,1250.0,Регионы,Wildberries,Доставлен
501065,2024-02-06,1009.0,1,1730.0,Екатеринбург,Wildberries,Доставлен
501855,2024-03-01,1006.0,1,4420.0,Москва,Wildberries,Доставлен
501681,2024-02-24,1012.0,1,3370.0,Екатеринбург,Wildberries,Доставлен
512488,2024-12-05,1011.0,1,3920.0,Регионы,Wildberries,Доставлен
512972,2024-12-12,1026.0,1,2210.0,Регионы,Wildberries,Доставлен
507014,2024-07-24,1019.0,1,2180.0,Москва,Ozon,Доставлен
505854,2024-06-17,1026.0,1,2320.0,Москва,Ozon,Доставлен
506662,2024-07-13,1007.0,1,1220.0,Москва,Ozon,Доставлен
506708,2024-07-14,1020.0,1,1480.0,Москва,Wildberries,Доставлен
505365,2024-06-02,1010.0,2,1220.0,Регионы,Wildberries,Доставлен
501286,2024-02-12,1013.0,1,2130.0,Екатеринбург,Wildberries,Доставлен
505238,2024-05-29,1009.0,1,2000.0,Регионы,Wildberries,Доставлен
502019,2024-03-04,1019.0,1,2180.0,Регионы,Ozon,Доставлен
504773,2024-05-13,1005.0,1,2780.0,Москва,Wildberries,Доставлен
504471,2024-05-03,1022.0,2,1610.0,Москва,Wildberries,Доставлен
502000,2024-03-04,1005.0,1,2450.0,Санкт-Петербург,Wildberries,Отменён
508773,2024-09-07,1024.0,1,3230.0,Регионы,Ozon,Доставлен
508222,2024-08-25,1015.0,1,2120.0,Регионы,Wildberries,Возврат
502444,2024-03-13,1001.0,1,1190.0,Екатеринбург,Wildberries,Доставлен
510929,2024-11-05,1013.0,2,2260.0,Регионы,Wildberries,Доставлен
510702,2024-10-31,1021.0,1,1550.0,Санкт-Петербург,Ozon,Доставлен
504189,2024-04-25,1021.0,1,1670.0,Москва,Ozon,Доставлен
508341,2024-08-28,1005.0,1,2660.0,Москва,Wildberries,Доставлен
513160,2024-12-15,1026.0,1,2540.0,Новосибирск,Wildberries,Доставлен
503434,2024-04-03,1008.0,1,4200.0,Екатеринбург,Wildberries,Возврат
507832,2024-08-15,1018.0,1,840.0,Новосибирск,Ozon,Доставлен
504265,2024-04-27,1023.0,1,970.0,Санкт-Петербург,Wildberries,Доставлен
510090,2024-10-14,1003.0,1,3290.0,Регионы,Wildberries,Доставлен
505230,2024-05-29,1001.0,1,1310.0,Регионы,Wildberries,Доставлен
507131,2024-07-28,1007.0,1,1280.0,Регионы,Ozon,Доставлен
510535,2024-10-27,1001.0,1,1280.0,Москва,Wildberries,Доставлен
513270,2024-12-17,1021.0,1,1490.0,Санкт-Петербург,Ozon,Доставлен
507419,2024-08-04,1025.0,1,2550.0,Москва,Wildberries,Доставлен
510197,2024-10-17,1011.0,1,3580.0,Регионы,Wildberries,Доставлен
509945,2024-10-09,1010.0,2,1210.0,Москва,Wildberries,Доставлен
503132,2024-03-27,1019.0,1,2430.0,Москва,Ozon,Доставлен
511520,2024-11-17,1017.0,1,1700.0,Москва,Wildberries,Доставлен
504222,2024-04-26,1017.0,1,1560.0,Санкт-Петербург,Ozon,Доставлен
508436,2024-08-30,1020.0,2,1610.0,Екатеринбург,Wildberries,Доставлен
511454,2024-11-16,1006.0,1,3820.0,Регионы,Ozon,Доставлен
509957,2024-10-10,1003.0,1,3050.0,Москва,Ozon,Доставлен
506125,2024-06-26,1005.0,1,2340.0,Регионы,Ozon,Возврат
511307,2024-11-13,1010.0,3,1220.0,Регионы,Wildberries,Доставлен
506726,2024-07-15,1012.0,2,2960.0,Екатеринбург,Wildberries,Возврат
500749,2024-01-27,1009.0,1,1990.0,Екатеринбург,Wildberries,Доставлен
505183,2024-05-27,1016.0,1,2260.0,Новосибирск,Ozon,Возврат
503629,2024-04-10,1002.0,1,3650.0,Новосибирск,Wildberries,Доставлен
505986,2024-06-21,1015.0,1,2490.0,Регионы,Wildberries,Доставлен
511570,2024-11-18,1013.0,1,2120.0,Москва,Ozon,Доставлен
502396,2024-03-12,1003.0,3,3010.0,Регионы,Wildberries,Доставлен
513780,2024-12-26,1017.0,1,1420.0,Санкт-Петербург,Wildberries,Возврат
507421,2024-08-05,1001.0,2,1380.0,Москва,Wildberries,Доставлен
502266,2024-03-09,1008.0,1,4940.0,Регионы,Wildberries,Доставлен
507141,2024-07-28,1016.0,2,2800.0,Регионы,Wildberries,Доставлен
508207,2024-08-25,1005.0,1,2740.0,Регионы,Wildberries,Отменён
502403,2024-03-12,1006.0,1,3640.0,Регионы,Ozon,Доставлен
507045,2024-07-25,1019.0,1,2050.0,Екатеринбург,Wildberries,Доставлен
502303,2024-03-10,1007.0,1,1250.0,Санкт-Петербург,Ozon,Доставлен
500035,2024-01-02,1005.0,1,2610.0,Регионы,Wildberries,Доставлен
506610,2024-07-11,1019.0,1,2330.0,Екатеринбург,Wildberries,Доставлен
512588,2024-12-07,1007.0,1,1250.0,Москва,Ozon,Доставлен
512248,2024-12-01,1013.0,2,2400.0,Москва,Ozon,Доставлен
503884,2024-04-17,1003.0,1,2990.0,Москва,Ozon,Доставлен
508741,2024-09-07,1005.0,1,2780.0,Регионы,Ozon,Доставлен
506050,2024-06-23,1015.0,1,2440.0,Екатеринбург,Ozon,Доставлен
512256,2024-12-01,1019.0,1,2000.0,Регионы,Ozon,Доставлен
502204,2024-03-07,1025.0,1,2590.0,Регионы,Wildberries,Доставлен
512085,2024-11-28,1015.0,1,2430.0,Москва,Wildberries,Доставлен
505548,2024-06-08,1017.0,2,1670.0,Санкт-Петербург,Ozon,Доставлен
510148,2024-10-15,1022.0,1,1610.0,Москва,Ozon,Доставлен
510083,2024-10-13,1022.0,1,1370.0,Регионы,Wildberries,Доставлен
506582,2024-07-10,1026.0,1,2720.0,Санкт-Петербург,Wildberries,Отменён
512582,2024-12-07,1005.0,1,2290.0,Екатеринбург,Ozon,Доставлен
513343,2024-12-19,1001.0,2,1340.0,Регионы,Ozon,Доставлен
506041,2024-06-23,1008.0,1,4300.0,Регионы,Wildberries,Доставлен
502477,2024-03-13,1024.0,1,3760.0,Регионы,Ozon,Доставлен
502883,2024-03-22,1021.0,1,1590.0,Новосибирск,Wildberries,Доставлен
504033,2024-04-21,1001.0,1,1380.0,Новосибирск,Wildberries,Возврат
505649,2024-06-11,1016.0,1,2280.0,Регионы,Ozon,Доставлен
511609,2024-11-19,1007.0,1,1210.0,Регионы,Wildberries,Доставлен
502657,2024-03-17,1022.0,1,1700.0,Регионы,Ozon,Доставлен
502571,2024-03-15,1019.0,2,2230.0,Регионы,Ozon,Доставлен
504049,2024-04-21,1014.0,1,2670.0,Москва,Wildberries,Доставлен
511760,2024-11-21,1026.0,1,2450.0,Екатеринбург,Ozon,Доставлен
513681,2024-12-24,1021.0,1,1430.0,Москва,Ozon,Возврат
502274,2024-03-09,1013.0,1,2300.0,Санкт-Петербург,Wildberries,Отменён
509482,2024-09-26,1005.0,3,2730.0,Санкт-Петербург,Wildberries,Доставлен
509038,2024-09-15,1001.0,1,1360.0,Москва,Wildberries,Доставлен
511955,2024-11-25,1019.0,1,2270.0,Регионы,Ozon,Доставлен
512920,2024-12-12,1002.0,1,3750.0,Новосибирск,Wildberries,Доставлен
504324,2024-04-29,1010.0,2,1130.0,Москва,Wildberries,Возврат
500061,2024-01-03,1003.0,1,3690.0,Регионы,Ozon,Возврат
504255,2024-04-27,1014.0,1,2390.0,Санкт-Петербург,Wildberries,Доставлен
505044,2024-05-22,1020.0,1,1340.0,Москва,Wildberries,Доставлен
505672,2024-06-12,1013.0,1,2500.0,Москва,Ozon,Доставлен
502680,2024-03-18,1005.0,1,2540.0,Регионы,Wildberries,Доставлен
508985,2024-09-13,1019.0,2,2410.0,Москва,Wildberries,Доставлен
500831,2024-01-30,1005.0,1,2260.0,Новосибирск,Wildberries,Доставлен
508310,2024-08-27,1014.0,1,2520.0,Екатеринбург,Wildberries,Доставлен
504197,2024-04-25,1026.0,2,2720.0,Регионы,Ozon,Доставлен
508010,2024-08-20,1004.0,1,2790.0,Москва,Wildberries,Возврат
511162,2024-11-10,1017.0,1,1670.0,Санкт-Петербург,Wildberries,Доставлен
506518,2024-07-08,1019.0,1,2210.0,Москва,Wildberries,Возврат
504508,2024-05-04,1023.0,1,840.0,Регионы,Ozon,Доставлен
506315,2024-07-02,1010.0,1,1220.0,Регионы,Ozon,Доставлен
506803,2024-07-17,1016.0,3,2770.0,Регионы,Wildberries,Доставлен
506062,2024-06-23,1025.0,1,3120.0,Регионы,Ozon,Доставлен
510427,2024-10-24,1005.0,2,2230.0,Санкт-Петербург,Wildberries,Возврат
504071,2024-04-22,1009.0,1,1930.0,Москва,Wildberries,Доставлен
513274,2024-12-17,1022.0,1,1500.0,Регионы,Wildberries,Доставлен
505837,2024-06-17,1012.0,1,2810.0,Москва,Ozon,Доставлен
511175,2024-11-10,1025.0,3,2820.0,Регионы,Wildberries,Доставлен
501091,2024-02-07,1002.0,1,3370.0,Санкт-Петербург,Wildberries,Доставлен
514067,2024-12-30,1024.0,1,3080.0,Регионы,Ozon,Возврат
506452,2024-07-06,1019.0,1,2130.0,Москва,Ozon,Отменён
511109,2024-11-09,1017.0,1,1630.0,Регионы,Wildberries,Доставлен
513135,2024-12-15,1014.0,1,2340.0,Новосибирск,Ozon,Доставлен
508825,2024-09-09,1004.0,2,2490.0,Регионы,Wildberries,Доставлен
511568,2024-11-18,1013.0,1,2230.0,Санкт-Петербург,Ozon,Отменён
501276,2024-02-12,1010.0,1,1370.0,Екатеринбург,Wildberries,Доставлен
502772,2024-03-20,1010.0,1,1210.0,Екатеринбург,Wildberries,Возврат
510578,2024-10-28,1004.0,1,2360.0,Екатеринбург,Wildberries,Отменён
504544,2024-05-05,1026.0,1,2420.0,Санкт-Петербург,Wildberries,Возврат
511354,2024-11-14,1004.0,1,2820.0,Москва,Wildberries,Доставлен
501859,2024-03-01,1010.0,1,1340.0,Регионы,Ozon,Доставлен
501298,2024-02-12,1020.0,1,1390.0,Екатеринбург,Ozon,Доставлен
500200,2024-01-06,1026.0,1,2450.0,Москва,Wildberries,Доставлен
511842,2024-11-23,1012.0,1,3100.0,Москва,Wildberries,Доставлен
500413,2024-01-15,1011.0,1,3420.0,Москва,Wildberries,Доставлен
513518,2024-12-22,1004.0,1,2330.0,Новосибирск,Wildberries,Доставлен
511005,2024-11-07,1011.0,2,3430.0,Регионы,Ozon,Доставлен
500001,2024-01-01,1001.0,1,1120.0,Регионы,Ozon,Доставлен
500903,2024-02-01,1020.0,1,1380.0,Регионы,Ozon,Доставлен
503416,2024-04-02,1022.0,1,1430.0,Регионы,Wildberries,Доставлен
504176,2024-04-25,1007.0,1,1050.0,Москва,Ozon,Возврат
512392,2024-12-03,1026.0,2,2370.0,Санкт-Петербург,Ozon,Доставлен
503493,2024-04-05,1019.0,1,2210.0,Регионы,Wildberries,Возврат
512743,2024-12-09,1013.0,1,2610.0,Москва,Wildberries,Доставлен
509633,2024-09-30,1001.0,1,1100.0,Москва,Wildberries,Возврат
508144,2024-08-23,1018.0,1,800.0,Регионы,Ozon,Доставлен
510040,2024-10-12,1013.0,1,2320.0,Москва,Ozon,Доставлен
501588,2024-02-21,1024.0,1,3640.0,Санкт-Петербург,Wildberries,Доставлен
503319,2024-03-31,1009.0,1,1720.0,Москва,Wildberries,Возврат
502694,2024-03-18,1017.0,1,1460.0,Санкт-Петербург,Wildberries,Доставлен
508153,2024-08-23,1024.0,1,3620.0,Москва,Wildberries,Доставлен
509074,2024-09-15,1024.0,1,3310.0,Санкт-Петербург,Wildberries,Доставлен
507534,2024-08-08,1006.0,1,3680.0,Москва,Wildberries,Доставлен
512394,2024-12-04,1001.0,1,1230.0,Новосибирск,Wildberries,Доставлен
501302,2024-02-12,1022.0,2,1450.0,Москва,Wildberries,Возврат
506819,2024-07-18,1002.0,1,3820.0,Санкт-Петербург,Ozon,Доставлен
504431,2024-05-02,1016.0,2,2250.0,Регионы,Ozon,Доставлен
513231,2024-12-17,1007.0,1,1040.0,Регионы,Wildberries,Отменён
507523,2024-08-07,1026.0,1,2320.0,Новосибирск,Ozon,Возврат
509879,2024-10-07,1008.0,1,4150.0,Регионы,Ozon,Возврат
500182,2024-01-06,1012.0,1,2900.0,Москва,Wildberries,Доставлен
503924,2024-04-18,1015.0,1,2410.0,Новосибирск,Ozon,Доставлен
502404,2024-03-12,1007.0,1,1190.0,Москва,Wildberries,Доставлен
509028,2024-09-14,1021.0,1,1530.0,Регионы,Wildberries,Доставлен
505633,2024-06-11,1010.0,1,1320.0,Регионы,Wildberries,Доставлен
504901,2024-05-18,1006.0,1,4120.0,Регионы,Wildberries,Доставлен
500604,2024-01-21,1025.0,2,3040.0,Москва,Ozon,Доставлен
503301,2024-03-30,1026.0,1,2280.0,Москва,Ozon,Доставлен
513874,2024-12-28,1005.0,1,2260.0,Москва,Wildberries,Доставлен
506706,2024-07-14,1020.0,1,1300.0,Санкт-Петербург,Wildberries,Доставлен
502817,2024-03-21,1015.0,1,2560.0,Екатеринбург,Wildberries,Доставлен
503940,2024-04-18,1023.0,2,940.0,Екатеринбург,Ozon,Доставлен
500795,2024-01-28,1018.0,1,730.0,Москва,Wildberries,Доставлен
513913,2024-12-28,1017.0,1,1430.0,Москва,Ozon,Возврат
508732,2024-09-07,1002.0,2,3990.0,Новосибирск,Wildberries,Доставлен
507817,2024-08-15,1008.0,1,4820.0,Регионы,Ozon,Доставлен
509426,2024-09-24,1022.0,1,1480.0,Санкт-Петербург,Wildberries,Доставлен
511698,2024-11-20,1018.0,1,750.0,Москва,Ozon,Доставлен
504536,2024-05-05,1020.0,1,1420.0,Санкт-Петербург,Ozon,Доставлен
503484,2024-04-05,1006.0,1,4430.0,Санкт-Петербург,Wildberries,Доставлен
501996,2024-03-04,1002.0,1,3980.0,Санкт-Петербург,Ozon,Доставлен
506152,2024-06-26,1025.0,1,2770.0,Регионы,Ozon,Отменён
512328,2024-12-02,1022.0,2,1380.0,Москва,Ozon,Доставлен
506517,2024-07-08,1017.0,1,1750.0,Москва,Ozon,Доставлен
507402,2024-08-04,1017.0,1,1610.0,Санкт-Петербург,Ozon,Доставлен
512864,2024-12-11,1009.0,1,1830.0,Регионы,Ozon,Доставлен
501641,2024-02-23,1009.0,1,1810.0,Новосибирск,Ozon,Доставлен
510344,2024-10-21,1013.0,1,2240.0,Москва,Ozon,Доставлен
511798,2024-11-22,1018.0,1,810.0,Регионы,Ozon,Доставлен
501420,2024-02-16,1013.0,1,2440.0,Новосибирск,Wildberries,Доставлен
507094,2024-07-27,1004.0,1,2350.0,Санкт-Петербург,Ozon,Возврат
502475,2024-03-13,1022.0,1,1600.0,Екатеринбург,Wildberries,Доставлен
503409,2024-04-02,1015.0,1,2580.0,Екатеринбург,Ozon,Доставлен
510803,2024-11-02,1016.0,1,2210.0,Екатеринбург,Wildberries,Возврат
509210,2024-09-19,1020.0,1,1580.0,Новосибирск,Ozon,Доставлен
511415,2024-11-15,1011.0,2,3410.0,Регионы,Wildberries,Доставлен
501522,2024-02-20,1001.0,1,1400.0,Новосибирск,Wildberries,Доставлен
511086,2024-11-09,1005.0,1,2540.0,Регионы,Wildberries,Отменён
510304,2024-10-20,1003.0,1,3460.0,Екатеринбург,Wildberries,Доставлен
504706,2024-05-11,1004.0,2,2270.0,Москва,Ozon,Доставлен
501219,2024-02-10,1020.0,1,1370.0,Москва,Wildberries,Отменён
509144,2024-09-17,1019.0,1,2130.0,Москва,Ozon,Доставлен
505596,2024-06-10,1006.0,1,3760.0,Регионы,Wildberries,Доставлен
502645,2024-03-17,1016.0,1,2260.0,Москва,Wildberries,Возврат
506888,2024-07-20,1012.0,1,3220.0,Москва,Wildberries,Отменён
514004,2024-12-30,1004.0,1,2510.0,Екатеринбург,Wildberries,Доставлен
508997,2024-09-13,1025.0,1,2770.0,Регионы,Ozon,Доставлен
510701,2024-10-31,1019.0,1,2110.0,Москва,Wildberries,Доставлен
509114,2024-09-16,1026.0,1,2260.0,Москва,Wildberries,Доставлен
513966,2024-12-29,1011.0,1,3910.0,Москва,Wildberries,Доставлен
513243,2024-12-17,1011.0,1,3710.0,Регионы,Wildberries,Доставлен
509804,2024-10-05,1001.0,1,1240.0,Москва,Ozon,Доставлен
501217,2024-02-10,1019.0,1,2190.0,Екатеринбург,Wildberries,Доставлен
503390,2024-04-02,1001.0,1,1380.0,Регионы,Ozon,Доставлен
508529,2024-09-02,1008.0,2,4390.0,Новосибирск,Ozon,Доставлен
503701,2024-04-12,1005.0,1,2670.0,Санкт-Петербург,Ozon,Возврат
508257,2024-08-26,1008.0,1,4270.0,Санкт-Петербург,Wildberries,Доставлен
512833,2024-12-10,1025.0,1,2590.0,Регионы,Ozon,Доставлен
507509,2024-08-07,1018.0,1,770.0,Новосибирск,Wildberries,Доставлен
507360,2024-08-03,1014.0,1,2160.0,Новосибирск,Wildberries,Возврат
511653,2024-11-20,1001.0,1,1210.0,Санкт-Петербург,Wildberries,Доставлен
504734,2024-05-12,1001.0,1,1240.0,Регионы,Ozon,Доставлен
502462,2024-03-13,1013.0,1,2510.0,Новосибирск,Wildberries,Доставлен
511336,2024-11-13,1022.0,1,1600.0,Екатеринбург,Wildberries,Доставлен
503352,2024-04-01,1003.0,1,3560.0,Новосибирск,Ozon,Доставлен
513076,2024-12-14,1020.0,1,1350.0,Москва,Wildberries,Доставлен
503177,2024-03-28,1016.0,1,2330.0,Москва,Wildberries,Доставлен
507838,2024-08-15,1021.0,1,1360.0,Москва,Wildberries,Доставлен
511311,2024-11-13,1011.0,1,3820.0,Москва,Wildberries,Доставлен
506418,2024-07-05,1014.0,1,2170.0,Москва,Ozon,Доставлен
502067,2024-03-05,1011.0,1,3150.0,Москва,Wildberries,Доставлен
506638,2024-07-12,1008.0,1,4630.0,Екатеринбург,Wildberries,Доставлен
505523,2024-06-07,1021.0,1,1650.0,Регионы,Ozon,Доставлен
511506,2024-11-17,1009.0,3,1610.0,Москва,Wildberries,Доставлен
509747,2024-10-03,1003.0,1,2970.0,Регионы,Ozon,Доставлен
508048,2024-08-21,1006.0,1,3730.0,Москва,Wildberries,Доставлен
507929,2024-08-18,1009.0,1,1680.0,Новосибирск,Ozon,Возврат
505971,2024-06-21,1003.0,1,3140.0,Москва,Ozon,Доставлен
511966,2024-11-25,1025.0,1,2800.0,Санкт-Петербург,Wildberries,Отменён
512754,2024-12-09,1020.0,1,1380.0,Екатеринбург,Wildberries,Доставлен
506596,2024-07-11,1010.0,2,1210.0,Регионы,Wildberries,Доставлен
512319,2024-12-02,1018.0,2,830.0,Регионы,Wildberries,Доставлен
505513,2024-06-07,1009.0,1,1690.0,Москва,Ozon,Доставлен
510087,2024-10-14,1001.0,1,1190.0,Москва,Wildberries,Доставлен
510376,2024-10-22,1021.0,1,1660.0,Регионы,Wildberries,Доставлен
508460,2024-08-31,1012.0,1,3270.0,Новосибирск,Wildberries,Возврат
505256,2024-05-30,1001.0,1,1350.0,Санкт-Петербург,Ozon,Доставлен
513385,2024-12-19,1020.0,1,1550.0,Екатеринбург,Wildberries,Доставлен
506997,2024-07-23,1026.0,1,2690.0,Санкт-Петербург,Wildberries,Отменён
509822,2024-10-05,1021.0,1,1350.0,Регионы,Wildberries,Доставлен
501700,2024-02-25,1006.0,1,3770.0,Екатеринбург,Wildberries,Доставлен
503509,2024-04-06,1011.0,1,4000.0,Регионы,Ozon,Доставлен
501408,2024-02-16,1003.0,1,3690.0,Санкт-Петербург,Wildberries,Доставлен
512285,2024-12-02,1006.0,1,4430.0,Санкт-Петербург,Ozon,Возврат
509730,2024-10-02,1013.0,1,2650.0,Регионы,Ozon,Доставлен
503953,2024-04-19,1004.0,1,2380.0,Москва,Ozon,Доставлен
504576,2024-05-07,1007.0,1,1120.0,Екатеринбург,Wildberries,Доставлен
511880,2024-11-24,1004.0,2,2300.0,Москва,Wildberries,Возврат
511863,2024-11-23,1023.0,1,850.0,Москва,Wildberries,Доставлен
510056,2024-10-13,1001.0,1,1150.0,Регионы,Wildberries,Доставлен
509037,2024-09-15,1001.0,1,1230.0,Санкт-Петербург,Ozon,Доставлен
509350,2024-09-23,1002.0,1,4200.0,Санкт-Петербург,Wildberries,Доставлен
502704,2024-03-18,1025.0,1,2850.0,Санкт-Петербург,Ozon,Доставлен
508163,2024-08-24,1009.0,2,1880.0,Регионы,Wildberries,Доставлен
503918,2024-04-18,1011.0,1,3810.0,Екатеринбург,Wildberries,Доставлен
509699,2024-10-01,1016.0,2,2480.0,Регионы,Ozon,Доставлен
501929,2024-03-02,1022.0,1,1740.0,Москва,Wildberries,Доставлен
507070,2024-07-26,1011.0,2,3530.0,Регионы,Wildberries,Доставлен
513618,2024-12-23,1021.0,2,1580.0,Санкт-Петербург,Wildberries,Отменён
504928,2024-05-19,1002.0,1,3380.0,Регионы,Wildberries,Доставлен
507328,2024-08-02,1020.0,1,1550.0,Регионы,Wildberries,Отменён
503351,2024-03-31,1026.0,2,2380.0,Новосибирск,Ozon,Доставлен
505330,2024-06-01,1009.0,1,1710.0,Новосибирск,Ozon,Доставлен
513631,2024-12-23,1025.0,1,2850.0,Екатеринбург,Wildberries,Доставлен
504273,2024-04-28,1001.0,1,1290.0,Регионы,Wildberries,Доставлен
508716,2024-09-06,1020.0,1,1310.0,Регионы,Wildberries,Доставлен
508649,2024-09-05,1002.0,1,3480.0,Москва,Wildberries,Доставлен
511180,2024-11-11,1001.0,1,1230.0,Москва,Wildberries,Доставлен
500722,2024-01-26,1011.0,1,3810.0,Москва,Wildberries,Доставлен
502395,2024-03-12,1002.0,3,4140.0,Москва,Ozon,Доставлен
501424,2024-02-16,1016.0,1,2520.0,Москва,Ozon,Доставлен
504584,2024-05-07,1012.0,2,3000.0,Москва,Wildberries,Доставлен
506434,2024-07-06,1005.0,1,2760.0,Санкт-Петербург,Ozon,Доставлен
513033,2024-12-14,1004.0,1,2300.0,Москва,Wildberries,Доставлен
508852,2024-09-10,1003.0,1,3580.0,Регионы,Wildberries,Возврат
504829,2024-05-15,1020.0,1,1580.0,Регионы,Wildberries,Отменён
512857,2024-12-11,1006.0,1,3920.0,Новосибирск,Wildberries,Доставлен
506801,2024-07-17,1014.0,1,2650.0,Екатеринбург,Ozon,Доставлен
503985,2024-04-19,1022.0,1,1560.0,Москва,Wildberries,Доставлен
510180,2024-10-16,1021.0,1,1430.0,Москва,Wildberries,Доставлен
501726,2024-02-26,1002.0,1,3920.0,Новосибирск,Wildberries,Доставлен
509954,2024-10-09,1024.0,1,3620.0,Регионы,Wildberries,Возврат
504105,2024-04-23,1007.0,1,1320.0,Новосибирск,Wildberries,Доставлен
504940,2024-05-19,1014.0,2,2600.0,Екатеринбург,Wildberries,Доставлен
505989,2024-06-21,1018.0,1,770.0,Регионы,Wildberries,Отменён
512150,2024-11-29,1017.0,1,1470.0,Москва,Wildberries,Доставлен
514112,2024-12-31,1020.0,1,1300.0,Москва,Ozon,Возврат
509428,2024-09-24,1023.0,1,920.0,Регионы,Ozon,Доставлен
500347,2024-01-12,1017.0,1,1600.0,Регионы,Wildberries,Доставлен
505440,2024-06-04,1021.0,2,1470.0,Регионы,Ozon,Доставлен
502659,2024-03-17,1023.0,2,930.0,Регионы,Ozon,Доставлен
510540,2024-10-27,1003.0,1,3380.0,Регионы,Wildberries,Доставлен
513099,2024-12-15,1001.0,1,1130.0,Регионы,Ozon,Доставлен
504094,2024-04-22,1023.0,1,940.0,Москва,Ozon,Доставлен
501313,2024-02-13,1005.0,1,2630.0,Регионы,Wildberries,Отменён
500557,2024-01-20,1005.0,1,2470.0,Москва,Wildberries,Доставлен
510864,2024-11-03,1022.0,1,1460.0,Новосибирск,Wildberries,Доставлен
510351,2024-10-21,1020.0,1,1450.0,Москва,Wildberries,Доставлен
508525,2024-09-02,1006.0,1,4440.0,Регионы,Wildberries,Доставлен
505757,2024-06-15,1009.0,1,1990.0,Санкт-Петербург,Wildberries,Доставлен
502980,2024-03-24,1020.0,1,1420.0,Москва,Wildberries,Отменён
510693,2024-10-31,1014.0,1,2660.0,Москва,Ozon,Доставлен
511141,2024-11-10,1010.0,1,1120.0,Москва,Ozon,Доставлен
508564,2024-09-03,1010.0,1,1270.0,Регионы,Wildberries,Возврат
505857,2024-06-18,1003.0,1,3120.0,Екатеринбург,Ozon,Доставлен
510296,2024-10-19,1024.0,1,3530.0,Новосибирск,Ozon,Доставлен
502143,2024-03-06,1022.0,1,1660.0,Санкт-Петербург,Wildberries,Доставлен
500344,2024-01-12,1011.0,1,3540.0,Санкт-Петербург,Wildberries,Доставлен
511287,2024-11-13,1004.0,2,2820.0,Москва,Ozon,Доставлен
506576,2024-07-10,1022.0,1,1660.0,Москва,Wildberries,Доставлен
510561,2024-10-27,1019.0,1,2200.0,Регионы,Wildberries,Доставлен
507545,2024-08-08,1010.0,2,1330.0,Санкт-Петербург,Ozon,Доставлен
505154,2024-05-26,1020.0,1,1380.0,Регионы,Ozon,Доставлен
504884,2024-05-17,1017.0,2,1400.0,Регионы,Wildberries,Доставлен
503117,2024-03-27,1010.0,1,1180.0,Регионы,Wildberries,Доставлен
511958,2024-11-25,1020.0,2,1430.0,Регионы,Wildberries,Доставлен
504502,2024-05-04,1018.0,2,720.0,Екатеринбург,Wildberries,Доставлен
511257,2024-11-12,1013.0,1,2660.0,Санкт-Петербург,Ozon,Доставлен
506193,2024-06-28,1013.0,1,2080.0,Новосибирск,Ozon,Возврат
506534,2024-07-09,1007.0,1,1080.0,Новосибирск,Wildberries,Доставлен
507300,2024-08-02,1002.0,1,4020.0,Новосибирск,Ozon,Доставлен
506613,2024-07-11,1021.0,1,1530.0,Москва,Wildberries,Возврат
506961,2024-07-22,1016.0,1,2520.0,Регионы,Ozon,Доставлен
505117,2024-05-25,1010.0,1,1210.0,Новосибирск,Wildberries,Возврат
505434,2024-06-04,1017.0,1,1380.0,Регионы,Wildberries,Возврат
509949,2024-10-09,1019.0,1,2110.0,Регионы,Wildberries,Отменён
509254,2024-09-20,1018.0,1,800.0,Санкт-Петербург,Ozon,Доставлен
509769,2024-10-03,1017.0,1,1450.0,Екатеринбург,Wildberries,Доставлен
506486,2024-07-07,1018.0,1,740.0,Москва,Wildberries,Отменён
513126,2024-12-15,1012.0,1,3130.0,Новосибирск,Ozon,Доставлен
504003,2024-04-20,1007.0,1,1300.0,Новосибирск,Ozon,Доставлен
506387,2024-07-04,1020.0,1,1340.0,Санкт-Петербург,Wildberries,Доставлен
506925,2024-07-21,1015.0,1,2510.0,Екатеринбург,Wildberries,Возврат
504313,2024-04-29,1004.0,1,2660.0,Москва,Wildberries,Возврат
511209,2024-11-11,1018.0,2,730.0,Регионы,Ozon,Доставлен
511790,2024-11-22,1014.0,1,2370.0,Регионы,Wildberries,Доставлен
509208,2024-09-19,1019.0,2,2210.0,Екатеринбург,Wildberries,Доставлен
501666,2024-02-24,1006.0,1,4400.0,Регионы,Ozon,Доставлен
508055,2024-08-21,1013.0,1,2450.0,Москва,Wildberries,Доставлен
500458,2024-01-17,1008.0,1,4500.0,Москва,Wildberries,Доставлен
500489,2024-01-18,1011.0,2,3210.0,Москва,Ozon,Доставлен
510120,2024-10-15,1004.0,1,2550.0,Москва,Ozon,Доставлен
508684,2024-09-05,1022.0,1,1510.0,Санкт-Петербург,Ozon,Возврат
506004,2024-06-22,1006.0,1,4140.0,Москва,Ozon,Доставлен
506951,2024-07-22,1009.0,1,1690.0,Регионы,Ozon,Доставлен
507077,2024-07-26,1018.0,1,760.0,Новосибирск,Ozon,Доставлен
501657,2024-02-23,1024.0,1,3060.0,Санкт-Петербург,Wildberries,Доставлен
500397,2024-01-14,1017.0,1,1450.0,Москва,Wildberries,Доставлен
505551,2024-06-08,1020.0,1,1340.0,Москва,Ozon,Доставлен
503643,2024-04-10,1015.0,1,2210.0,Санкт-Петербург,Wildberries,Возврат
502494,2024-03-14,1003.0,2,3490.0,Москва,Ozon,Доставлен
506747,2024-07-16,1004.0,3,2590.0,Новосибирск,Wildberries,Доставлен
503709,2024-04-12,1013.0,1,2090.0,Москва,Ozon,Доставлен
502929,2024-03-23,1021.0,2,1480.0,Москва,Wildberries,Доставлен
504787,2024-05-13,1015.0,1,2400.0,Москва,Wildberries,Доставлен
505428,2024-06-04,1016.0,1,2790.0,Екатеринбург,Wildberries,Доставлен
503048,2024-03-26,1002.0,1,3500.0,Москва,Ozon,Доставлен
503354,2024-04-01,1003.0,1,3000.0,Регионы,Wildberries,Доставлен
509897,2024-10-07,1023.0,1,1050.0,Новосибирск,Wildberries,Доставлен
512586,2024-12-07,1007.0,1,1160.0,Екатеринбург,Ozon,Возврат
513321,2024-12-18,1012.0,1,2970.0,Екатеринбург,Wildberries,Доставлен
511613,2024-11-19,1009.0,1,1620.0,Москва,Wildberries,Доставлен
509561,2024-09-28,1008.0,1,4880.0,Регионы,Wildberries,Доставлен
504048,2024-04-21,1012.0,1,3300.0,Санкт-Петербург,Wildberries,Отменён
506849,2024-07-19,1001.0,1,1230.0,Екатеринбург,Wildberries,Возврат
501778,2024-02-27,1019.0,2,2140.0,Санкт-Петербург,Wildberries,Доставлен
513401,2024-12-20,1001.0,1,1220.0,Регионы,Wildberries,Доставлен
507828,2024-08-15,1016.0,1,2670.0,Санкт-Петербург,Ozon,Доставлен
508764,2024-09-07,1020.0,1,1550.0,Регионы,Ozon,Доставлен
500081,2024-01-03,1019.0,1,2380.0,Москва,Wildberries,Доставлен
505095,2024-05-24,1023.0,1,970.0,Регионы,Wildberries,Доставлен
500977,2024-02-03,1026.0,1,2670.0,Санкт-Петербург,Wildberries,Доставлен
504097,2024-04-22,1024.0,1,3650.0,Москва,Ozon,Доставлен
507116,2024-07-27,1019.0,2,2090.0,Санкт-Петербург,Wildberries,Доставлен
507013,2024-07-24,1019.0,1,1970.0,Москва,Wildberries,Доставлен
501158,2024-02-08,1026.0,1,2230.0,Екатеринбург,Wildberries,Доставлен
504597,2024-05-07,1018.0,1,760.0,Регионы,Wildberries,Отменён
510204,2024-10-17,1014.0,2,2230.0,Регионы,Ozon,Возврат
511374,2024-11-14,1012.0,1,2980.0,Москва,Wildberries,Доставлен
511230,2024-11-12,1004.0,1,2620.0,Москва,Wildberries,Доставлен
504543,2024-05-05,1026.0,1,2410.0,Новосибирск,Wildberries,Доставлен
503499,2024-04-05,1023.0,1,890.0,Санкт-Петербург,Wildberries,Доставлен
508031,2024-08-20,1024.0,1,3550.0,Москва,Wildberries,Доставлен
504351,2024-04-30,1003.0,1,3250.0,Екатеринбург,Wildberries,Возврат
508325,2024-08-27,1022.0,1,1580.0,Новосибирск,Wildberries,Доставлен
510317,2024-10-20,1013.0,1,2370.0,Регионы,Wildberries,Доставлен
513083,2024-12-14,1023.0,1,1000.0,Регионы,Wildberries,Доставлен
502317,2024-03-10,1016.0,2,2660.0,Регионы,Wildberries,Доставлен
511002,2024-11-07,1008.0,1,4120.0,Екатеринбург,Ozon,Доставлен
501336,2024-02-13,1026.0,1,2320.0,Москва,Ozon,Доставлен
505777,2024-06-15,1022.0,1,1480.0,Санкт-Петербург,Ozon,Доставлен
500024,2024-01-01,1021.0,2,1410.0,Москва,Wildberries,Отменён
504545,2024-05-06,1001.0,1,1240.0,Москва,Wildberries,Доставлен
512115,2024-11-29,1004.0,1,2320.0,Санкт-Петербург,Wildberries,Доставлен
509324,2024-09-22,1014.0,1,2550.0,Регионы,Wildberries,Доставлен
502993,2024-03-25,1003.0,1,3200.0,Регионы,Wildberries,Доставлен
501639,2024-02-23,1009.0,3,1610.0,Регионы,Ozon,Доставлен
500260,2024-01-09,1012.0,2,2700.0,Регионы,Wildberries,Доставлен
503074,2024-03-26,1017.0,1,1600.0,Регионы,Wildberries,Доставлен
503088,2024-03-26,1024.0,1,3600.0,Регионы,Ozon,Возврат
501436,2024-02-17,1007.0,1,1070.0,Москва,Ozon,Доставлен
503568,2024-04-08,1003.0,1,3120.0,Регионы,Wildberries,Доставлен
504518,2024-05-05,1008.0,1,4700.0,Регионы,Wildberries,Возврат
511942,2024-11-25,1009.0,1,1960.0,Новосибирск,Wildberries,Доставлен
512344,2024-12-03,1001.0,1,1400.0,Екатеринбург,Wildberries,Отменён
502969,2024-03-24,1012.0,1,2790.0,Регионы,Ozon,Доставлен
510601,2024-10-28,1017.0,1,1590.0,Регионы,Ozon,Доставлен
505159,2024-05-26,1023.0,1,1000.0,Новосибирск,Wildberries,Доставлен
501226,2024-02-10,1026.0,1,2660.0,Новосибирск,Ozon,Доставлен
513815,2024-12-27,1002.0,1,3780.0,Санкт-Петербург,Ozon,Доставлен
510381,2024-10-22,1024.0,2,3230.0,Санкт-Петербург,Ozon,Доставлен
505264,2024-05-30,1007.0,1,1320.0,Москва,Ozon,Доставлен
508862,2024-09-10,1014.0,1,2520.0,Екатеринбург,Ozon,Отменён
505137,2024-05-26,1006.0,2,4420.0,Москва,Ozon,Доставлен
508058,2024-08-21,1015.0,1,2110.0,Регионы,Wildberries,Возврат
506796,2024-07-17,1010.0,2,1340.0,Регионы,Ozon,Доставлен
506051,2024-06-23,1015.0,1,2550.0,Регионы,Wildberries,Доставлен
505437,2024-06-04,1020.0,1,1490.0,Санкт-Петербург,Ozon,Отменён
513872,2024-12-28,1003.0,1,3730.0,Санкт-Петербург,Wildberries,Доставлен
510846,2024-11-03,1010.0,1,1290.0,Регионы,Wildberries,Доставлен
507887,2024-08-16,1021.0,1,1380.0,Регионы,Ozon,Доставлен
506117,2024-06-25,1024.0,1,3540.0,Регионы,Wildberries,Отменён
508960,2024-09-12,1023.0,1,1000.0,Новосибирск,Wildberries,Доставлен
504092,2024-04-22,1022.0,1,1510.0,Москва,Ozon,Доставлен
511588,2024-11-18,1023.0,1,950.0,Екатеринбург,Wildberries,Доставлен
508046,2024-08-21,1005.0,1,2560.0,Регионы,Wildberries,Возврат
500671,2024-01-24,1012.0,1,3370.0,Регионы,Wildberries,Доставлен
502971,2024-03-24,1013.0,1,2450.0,Екатеринбург,Ozon,Доставлен
507584,2024-08-09,1012.0,1,3010.0,Регионы,Wildberries,Доставлен
510695,2024-10-31,1015.0,1,2490.0,Москва,Ozon,Доставлен
506633,2024-07-12,1006.0,1,4270.0,Екатеринбург,Wildberries,Доставлен
503169,2024-03-28,1013.0,1,2490.0,Санкт-Петербург,Wildberries,Доставлен
511758,2024-11-21,1025.0,1,2660.0,Регионы,Ozon,Доставлен
507621,2024-08-10,1004.0,1,2320.0,Регионы,Ozon,Доставлен
504567,2024-05-06,1019.0,2,2180.0,Регионы,Ozon,Доставлен
500277,2024-01-10,1002.0,1,3380.0,Регионы,Ozon,Доставлен
507310,2024-08-02,1011.0,1,3970.0,Санкт-Петербург,Wildberries,Доставлен
500941,2024-02-02,1025.0,1,2660.0,Регионы,Wildberries,Доставлен
511079,2024-11-08,1026.0,1,2660.0,Регионы,Wildberries,Отменён
508653,2024-09-05,1003.0,1,3390.0,Регионы,Wildberries,Доставлен
509519,2024-09-27,1004.0,1,2470.0,Регионы,Wildberries,Доставлен
512431,2024-12-04,1013.0,1,2210.0,Регионы,Ozon,Доставлен
507543,2024-08-08,1009.0,2,1780.0,Санкт-Петербург,Wildberries,Доставлен
500808,2024-01-29,1009.0,1,1840.0,Новосибирск,Ozon,Доставлен
503335,2024-03-31,1018.0,1,840.0,Санкт-Петербург,Wildberries,Доставлен
500373,2024-01-13,1022.0,1,1400.0,Москва,Wildberries,Доставлен
501375,2024-02-15,1006.0,1,4150.0,Москва,Ozon,Доставлен
510544,2024-10-27,1006.0,1,3950.0,Москва,Wildberries,Доставлен
510225,2024-10-18,1006.0,1,3720.0,Москва,Wildberries,Доставлен
512894,2024-12-11,1019.0,1,2190.0,Москва,Ozon,Доставлен
501581,2024-02-21,1017.0,1,1420.0,Регионы,Ozon,Доставлен
505424,2024-06-04,1014.0,1,2710.0,Санкт-Петербург,Ozon,Доставлен
503814,2024-04-15,1007.0,1,1090.0,Регионы,Wildberries,Доставлен
501168,2024-02-09,1004.0,1,2770.0,Санкт-Петербург,Wildberries,Доставлен
506321,2024-07-02,1015.0,1,2460.0,Екатеринбург,Wildberries,Доставлен
509705,2024-10-01,1022.0,1,1640.0,Санкт-Петербург,Ozon,Отменён
501662,2024-02-24,1002.0,1,3970.0,Москва,Wildberries,Доставлен
508864,2024-09-10,1014.0,1,2700.0,Регионы,Wildberries,Доставлен
511411,2024-11-15,1010.0,1,1230.0,Москва,Wildberries,Доставлен
513228,2024-12-17,1006.0,2,3700.0,Регионы,Ozon,Доставлен
501294,2024-02-12,1017.0,1,1560.0,Москва,Wildberries,Доставлен
508260,2024-08-26,1010.0,1,1240.0,Санкт-Петербург,Ozon,Доставлен
505899,2024-06-18,1023.0,1,840.0,Екатеринбург,Wildberries,Доставлен
513112,2024-12-15,1005.0,1,2310.0,Екатеринбург,Ozon,Возврат
511746,2024-11-21,1018.0,1,850.0,Санкт-Петербург,Wildberries,Доставлен
500832,2024-01-30,1009.0,1,1750.0,Новосибирск,Wildberries,Доставлен
511110,2024-11-09,1017.0,1,1450.0,Санкт-Петербург,Wildberries,Доставлен
508568,2024-09-03,1012.0,1,2800.0,Москва,Ozon,Доставлен
503461,2024-04-04,1005.0,1,2240.0,Москва,Wildberries,Доставлен
509120,2024-09-17,1002.0,1,3410.0,Новосибирск,Wildberries,Доставлен
504007,2024-04-20,1009.0,3,1790.0,Екатеринбург,Wildberries,Возврат
505609,2024-06-10,1019.0,1,2100.0,Москва,Ozon,Доставлен
507783,2024-08-14,1003.0,1,3100.0,Регионы,Ozon,Доставлен
502987,2024-03-24,1024.0,1,3250.0,Санкт-Петербург,Wildberries,Доставлен
502869,2024-03-22,1016.0,1,2700.0,Регионы,Wildberries,Доставлен
506490,2024-07-07,1021.0,1,1390.0,Регионы,Ozon,Доставлен
500186,2024-01-06,1016.0,2,2430.0,Санкт-Петербург,Wildberries,Доставлен
504945,2024-05-19,1017.0,1,1690.0,Санкт-Петербург,Ozon,Доставлен
501877,2024-03-01,1022.0,2,1610.0,Москва,Wildberries,Доставлен
500975,2024-02-03,1023.0,1,920.0,Москва,Wildberries,Доставлен
505661,2024-06-12,1006.0,1,4220.0,Регионы,Wildberries,Доставлен
505306,2024-05-31,1017.0,1,1620.0,Новосибирск,Wildberries,Доставлен
510550,2024-10-27,1010.0,1,1280.0,Москва,Ozon,Доставлен
510523,2024-10-26,1023.0,1,1040.0,Регионы,Wildberries,Отменён
505303,2024-05-31,1014.0,1,2210.0,Москва,Wildberries,Доставлен
506651,2024-07-12,1019.0,1,2110.0,Санкт-Петербург,Wildberries,Доставлен
512457,2024-12-05,1001.0,1,1230.0,Новосибирск,Ozon,Возврат
510854,2024-11-03,1016.0,1,2790.0,Регионы,Wildberries,Возврат
504979,2024-05-20,1018.0,2,720.0,Москва,Ozon,Доставлен
506427,2024-07-05,1021.0,1,1680.0,Новосибирск,Wildberries,Доставлен
506852,2024-07-19,1003.0,1,3050.0,Москва,Wildberries,Доставлен
503124,2024-03-27,1015.0,1,2200.0,Регионы,Wildberries,Доставлен
501798,2024-02-28,1008.0,1,4700.0,Санкт-Петербург,Ozon,Доставлен
501315,2024-02-13,1006.0,1,4110.0,Регионы,Ozon,Доставлен
505110,2024-05-25,1008.0,1,4260.0,Москва,Wildberries,Доставлен
500797,2024-01-28,1019.0,1,2220.0,Санкт-Петербург,Wildberries,Отменён
509362,2024-09-23,1009.0,1,1940.0,Регионы,Wildberries,Доставлен
505954,2024-06-20,1014.0,1,2530.0,Москва,Wildberries,Доставлен
506677,2024-07-13,1018.0,1,710.0,Регионы,Wildberries,Доставлен
502940,2024-03-23,1025.0,1,2640.0,Новосибирск,Wildberries,Доставлен
507839,2024-08-15,1021.0,1,1370.0,Москва,Wildberries,Доставлен
508273,2024-08-26,1017.0,1,1400.0,Регионы,Ozon,Возврат
504175,2024-04-25,1007.0,1,1200.0,Новосибирск,Wildberries,Доставлен
506783,2024-07-17,1003.0,2,3250.0,Новосибирск,Ozon,Доставлен
504679,2024-05-10,1010.0,1,1130.0,Санкт-Петербург,Ozon,Возврат
502426,2024-03-12,1022.0,1,1540.0,Регионы,Wildberries,Доставлен
508561,2024-09-03,1005.0,1,2570.0,Новосибирск,Ozon,Возврат
508455,2024-08-31,1009.0,1,1830.0,Санкт-Петербург,Wildberries,Доставлен
505853,2024-06-17,1025.0,1,2870.0,Екатеринбург,Ozon,Доставлен
510894,2024-11-04,1013.0,1,2260.0,Регионы,Wildberries,Доставлен
504556,2024-05-06,1011.0,3,3640.0,Санкт-Петербург,Wildberries,Доставлен
503110,2024-03-27,1006.0,1,4310.0,Санкт-Петербург,Ozon,Доставлен
505903,2024-06-18,1025.0,1,3230.0,Москва,Wildberries,Доставлен
508345,2024-08-28,1008.0,1,5030.0,Москва,Wildberries,Доставлен
506489,2024-07-07,1020.0,1,1260.0,Санкт-Петербург,Wildberries,Доставлен
504234,2024-04-26,1024.0,1,3140.0,Москва,Wildberries,Возврат
503528,2024-04-06,1026.0,1,2290.0,Екатеринбург,Wildberries,Доставлен
510975,2024-11-06,1015.0,1,2560.0,Регионы,Wildberries,Доставлен
507965,2024-08-19,1008.0,1,5030.0,Регионы,Wildberries,Доставлен
502054,2024-03-05,1005.0,1,2360.0,Москва,Ozon,Возврат
509546,2024-09-27,1025.0,2,2720.0,Санкт-Петербург,Wildberries,Доставлен
507803,2024-08-14,1021.0,1,1450.0,Регионы,Wildberries,Доставлен
503378,2024-04-01,1018.0,1,780.0,Регионы,Wildberries,Доставлен
506353,2024-07-03,1018.0,1,740.0,Москва,Wildberries,Доставлен
513658,2024-12-24,1012.0,1,3230.0,Москва,Ozon,Возврат
502467,2024-03-13,1018.0,1,800.0,Санкт-Петербург,Wildberries,Доставлен
514115,2024-12-31,1021.0,2,1400.0,Москва,Ozon,Возврат
510914,2024-11-05,1008.0,1,4190.0,Москва,Ozon,Доставлен
504459,2024-05-03,1011.0,1,3300.0,Регионы,Wildberries,Доставлен
509537,2024-09-27,1015.0,2,2360.0,Москва,Ozon,Доставлен
502822,2024-03-21,1020.0,1,1510.0,Санкт-Петербург,Wildberries,Возврат
506811,2024-07-17,1022.0,1,1640.0,Москва,Wildberries,Доставлен
512253,2024-12-01,1018.0,1,680.0,Санкт-Петербург,Ozon,Отменён
513415,2024-12-20,1008.0,1,4240.0,Санкт-Петербург,Wildberries,Доставлен
501900,2024-03-02,1002.0,2,3640.0,Регионы,Wildberries,Доставлен
502968,2024-03-24,1012.0,1,3060.0,Санкт-Петербург,Wildberries,Доставлен
508726,2024-09-06,1024.0,1,3700.0,Регионы,Ozon,Доставлен
508832,2024-09-09,1010.0,1,1130.0,Регионы,Ozon,Доставлен
511794,2024-11-22,1015.0,1,2520.0,Регионы,Wildberries,Доставлен
508470,2024-08-31,1018.0,1,820.0,Екатеринбург,Wildberries,Доставлен
503292,2024-03-30,1024.0,1,3700.0,Новосибирск,Wildberries,Доставлен
504952,2024-05-19,1021.0,1,1450.0,Санкт-Петербург,Wildberries,Доставлен
513602,2024-12-23,1014.0,1,2620.0,Регионы,Wildberries,Доставлен
508824,2024-09-09,1004.0,1,2750.0,Регионы,Ozon,Возврат
512255,2024-12-01,1019.0,1,2190.0,Регионы,Wildberries,Доставлен
500711,2024-01-25,1026.0,1,2270.0,Екатеринбург,Ozon,Доставлен
503153,2024-03-28,1002.0,1,3530.0,Санкт-Петербург,Wildberries,Доставлен
510610,2024-10-29,1001.0,2,1370.0,Регионы,Wildberries,Доставлен
507772,2024-08-13,1021.0,1,1700.0,Регионы,Ozon,Доставлен
504523,2024-05-05,1010.0,1,1330.0,Регионы,Wildberries,Доставлен
504489,2024-05-04,1008.0,1,4280.0,Регионы,Wildberries,Доставлен
501501,2024-02-19,1011.0,3,3350.0,Екатеринбург,Wildberries,Доставлен
513986,2024-12-29,1021.0,1,1700.0,Регионы,Ozon,Доставлен
503866,2024-04-16,1018.0,2,790.0,Москва,Ozon,Доставлен
502430,2024-03-12,1023.0,2,870.0,Москва,Wildberries,Доставлен
504233,2024-04-26,1024.0,1,3390.0,Новосибирск,Wildberries,Доставлен
507905,2024-08-17,1019.0,1,1970.0,Новосибирск,Ozon,Доставлен
503167,2024-03-28,1012.0,1,2740.0,Регионы,Wildberries,Доставлен
512522,2024-12-06,1002.0,1,3840.0,Регионы,Ozon,Доставлен
502418,2024-03-12,1017.0,3,1500.0,Регионы,Wildberries,Доставлен
502615,2024-03-16,1021.0,1,1570.0,Екатеринбург,Wildberries,Доставлен
505220,2024-05-28,1021.0,1,1720.0,Регионы,Wildberries,Доставлен
502175,2024-03-07,1011.0,1,3890.0,Регионы,Wildberries,Доставлен
511883,2024-11-24,1005.0,1,2700.0,Москва,Wildberries,Доставлен
508990,2024-09-13,1020.0,1,1470.0,Москва,Ozon,Возврат
508406,2024-08-30,1001.0,1,1190.0,Регионы,Wildberries,Доставлен
507687,2024-08-12,1001.0,1,1250.0,Санкт-Петербург,Wildberries,Доставлен
500532,2024-01-19,1014.0,1,2430.0,Москва,Wildberries,Доставлен
511358,2024-11-14,1005.0,2,2210.0,Екатеринбург,Wildberries,Доставлен
504064,2024-04-22,1004.0,1,2270.0,Екатеринбург,Wildberries,Возврат
505696,2024-06-13,1010.0,1,1090.0,Екатеринбург,Ozon,Возврат
504291,2024-04-28,1013.0,1,2480.0,Москва,Wildberries,Доставлен
501755,2024-02-27,1001.0,1,1110.0,Новосибирск,Wildberries,Возврат
508507,2024-09-01,1016.0,1,2310.0,Регионы,Ozon,Доставлен
506972,2024-07-22,1024.0,1,3730.0,Санкт-Петербург,Wildberries,Доставлен
503621,2024-04-09,1020.0,1,1470.0,Москва,Ozon,Возврат
513856,2024-12-27,1023.0,1,950.0,Новосибирск,Ozon,Доставлен
503112,2024-03-27,1007.0,1,1220.0,Регионы,Wildberries,Доставлен
512169,2024-11-30,1002.0,1,4170.0,Москва,Wildberries,Доставлен
505877,2024-06-18,1014.0,2,2700.0,Москва,Ozon,Доставлен
511552,2024-11-18,1003.0,2,3030.0,Москва,Wildberries,Доставлен
502721,2024-03-19,1009.0,1,2020.0,Санкт-Петербург,Wildberries,Доставлен
508427,2024-08-30,1013.0,2,2350.0,Москва,Ozon,Отменён
511846,2024-11-23,1013.0,1,2660.0,Екатеринбург,Ozon,Доставлен
503742,2024-04-13,1010.0,2,1170.0,Москва,Wildberries,Доставлен
511736,2024-11-21,1012.0,1,3190.0,Екатеринбург,Ozon,Доставлен
503608,2024-04-09,1015.0,1,2340.0,Регионы,Wildberries,Доставлен
513527,2024-12-22,1007.0,2,1050.0,Москва,Ozon,Возврат
502957,2024-03-24,1006.0,1,4410.0,Москва,Ozon,Доставлен
508580,2024-09-03,1019.0,1,2470.0,Санкт-Петербург,Wildberries,Доставлен
502905,2024-03-23,1003.0,1,3640.0,Москва,Ozon,Доставлен
513402,2024-12-20,1002.0,1,3520.0,Регионы,Wildberries,Доставлен
506372,2024-07-04,1007.0,1,1240.0,Екатеринбург,Wildberries,Доставлен
504644,2024-05-08,1024.0,1,3150.0,Москва,Wildberries,Возврат
513059,2024-12-14,1011.0,1,3910.0,Регионы,Wildberries,Отменён
503119,2024-03-27,1011.0,1,3970.0,Санкт-Петербург,Wildberries,Доставлен
504668,2024-05-09,1025.0,1,2990.0,Москва,Ozon,Доставлен
502821,2024-03-21,1018.0,1,840.0,Регионы,Ozon,Доставлен
512970,2024-12-12,1025.0,1,2990.0,Москва,Wildberries,Доставлен
500699,2024-01-25,1016.0,1,2440.0,Санкт-Петербург,Wildberries,Доставлен
509514,2024-09-26,1026.0,1,2340.0,Екатеринбург,Ozon,Доставлен
510460,2024-10-25,1004.0,1,2570.0,Москва,Ozon,Доставлен
513260,2024-12-17,1017.0,1,1750.0,Москва,Ozon,Доставлен
507281,2024-08-01,1016.0,1,2240.0,Москва,Ozon,Доставлен
511574,2024-11-18,1015.0,3,2430.0,Новосибирск,Wildberries,Доставлен
502170,2024-03-07,1007.0,1,1290.0,Регионы,Ozon,Доставлен
506885,2024-07-20,1008.0,1,4600.0,Москва,Wildberries,Возврат
510727,2024-11-01,1006.0,1,3800.0,Регионы,Ozon,Доставлен
500290,2024-01-10,1015.0,1,2520.0,Екатеринбург,Ozon,Доставлен
502232,2024-03-08,1017.0,1,1420.0,Москва,Ozon,Доставлен
502384,2024-03-11,1025.0,1,2970.0,Москва,Wildberries,Доставлен
508219,2024-08-25,1012.0,1,3200.0,Регионы,Ozon,Доставлен
501046,2024-02-05,1021.0,1,1620.0,Москва,Wildberries,Доставлен
513850,2024-12-27,1018.0,1,730.0,Екатеринбург,Ozon,Доставлен
506743,2024-07-15,1025.0,1,2970.0,Новосибирск,Wildberries,Доставлен
503016,2024-03-25,1016.0,1,2350.0,Регионы,Wildberries,Доставлен
500515,2024-01-18,1026.0,2,2430.0,Регионы,Wildberries,Доставлен
502591,2024-03-16,1001.0,1,1340.0,Москва,Ozon,Доставлен
510648,2024-10-30,1008.0,1,4730.0,Москва,Ozon,Доставлен
513276,2024-12-17,1023.0,1,850.0,Москва,Ozon,Доставлен
510134,2024-10-15,1014.0,1,2630.0,Санкт-Петербург,Wildberries,Доставлен
513463,2024-12-21,1004.0,1,2650.0,Москва,Ozon,Доставлен
509580,2024-09-28,1021.0,1,1430.0,Регионы,Wildberries,Доставлен
514093,2024-12-31,1010.0,1,1140.0,Новосибирск,Wildberries,Возврат
509188,2024-09-19,1001.0,1,1160.0,Регионы,Ozon,Доставлен
500256,2024-01-09,1008.0,1,4140.0,Москва,Wildberries,Доставлен
511279,2024-11-12,1026.0,1,2190.0,Екатеринбург,Ozon,Возврат
505045,2024-05-22,1020.0,1,1470.0,Регионы,Wildberries,Доставлен
508964,2024-09-13,1002.0,1,3850.0,Санкт-Петербург,Ozon,Доставлен
509895,2024-10-07,1023.0,1,880.0,Регионы,Ozon,Отменён
501056,2024-02-06,1002.0,1,3440.0,Регионы,Ozon,Доставлен
512554,2024-12-06,1018.0,1,800.0,Екатеринбург,Wildberries,Доставлен
507027,2024-07-25,1009.0,1,1940.0,Новосибирск,Ozon,Доставлен
506169,2024-06-27,1019.0,1,2170.0,Новосибирск,Ozon,Доставлен
509068,2024-09-15,1021.0,1,1650.0,Екатеринбург,Wildberries,Доставлен
507636,2024-08-10,1017.0,1,1640.0,Регионы,Wildberries,Доставлен
501391,2024-02-15,1017.0,2,1540.0,Екатеринбург,Wildberries,Доставлен
513139,2024-12-15,1014.0,1,2330.0,Регионы,Ozon,Доставлен
513207,2024-12-16,1020.0,1,1390.0,Москва,Wildberries,Доставлен
509257,2024-09-20,1022.0,1,1680.0,Санкт-Петербург,Ozon,Доставлен
504311,2024-04-29,1003.0,1,3060.0,Москва,Ozon,Возврат
513843,2024-12-27,1012.0,1,2780.0,Москва,Wildberries,Доставлен
502517,2024-03-14,1018.0,2,730.0,Екатеринбург,Ozon,Доставлен
509031,2024-09-14,1023.0,1,990.0,Регионы,Wildberries,Доставлен
513032,2024-12-14,1003.0,1,3350.0,Екатеринбург,Wildberries,Доставлен
506110,2024-06-25,1019.0,1,2480.0,Регионы,Ozon,Доставлен
503032,2024-03-25,1024.0,1,3260.0,Москва,Wildberries,Доставлен
504595,2024-05-07,1016.0,1,2730.0,Москва,Wildberries,Доставлен
509784,2024-10-04,1009.0,2,1990.0,Москва,Wildberries,Возврат
501261,2024-02-11,1021.0,1,1720.0,Регионы,Wildberries,Доставлен
506878,2024-07-19,1026.0,1,2150.0,Санкт-Петербург,Wildberries,Доставлен
500679,2024-01-24,1020.0,2,1420.0,Санкт-Петербург,Wildberries,Доставлен
505678,2024-06-12,1019.0,1,2500.0,Новосибирск,Ozon,Доставлен
512721,2024-12-09,1006.0,1,3810.0,Регионы,Ozon,Доставлен
503659,2024-04-11,1002.0,1,4150.0,Регионы,Ozon,Доставлен
508923,2024-09-11,1026.0,1,2520.0,Регионы,Wildberries,Доставлен
506239,2024-06-29,1025.0,1,3070.0,Москва,Wildberries,Доставлен
507170,2024-07-29,1008.0,1,4080.0,Москва,Wildberries,Доставлен
503052,2024-03-26,1004.0,1,2550.0,Санкт-Петербург,Wildberries,Доставлен
503266,2024-03-30,1008.0,1,4200.0,Екатеринбург,Ozon,Доставлен
508617,2024-09-04,1013.0,1,2480.0,Москва,Wildberries,Доставлен
503329,2024-03-31,1014.0,1,2340.0,Москва,Wildberries,Доставлен
507128,2024-07-28,1005.0,1,2810.0,Москва,Wildberries,Доставлен
506858,2024-07-19,1011.0,1,3210.0,Москва,Wildberries,Возврат
508817,2024-09-08,1026.0,1,2350.0,Москва,Wildberries,Возврат
501813,2024-02-28,1024.0,1,3090.0,Москва,Wildberries,Доставлен
505190,2024-05-27,1020.0,1,1270.0,Санкт-Петербург,Wildberries,Доставлен
512517,2024-12-05,1026.0,1,2600.0,Екатеринбург,Wildberries,Доставлен
514017,2024-12-30,1007.0,1,1200.0,Санкт-Петербург,Wildberries,Доставлен
510762,2024-11-01,1021.0,2,1470.0,Регионы,Ozon,Возврат
501259,2024-02-11,1019.0,1,2210.0,Новосибирск,Wildberries,Отменён
505346,2024-06-01,1024.0,1,3740.0,Регионы,Wildberries,Доставлен
503203,2024-03-29,1002.0,2,4140.0,Регионы,Wildberries,Отменён
504218,2024-04-26,1014.0,1,2340.0,Санкт-Петербург,Wildberries,Доставлен
501364,2024-02-14,1026.0,1,2450.0,Регионы,Wildberries,Доставлен
502360,2024-03-11,1014.0,1,2200.0,Регионы,Ozon,Доставлен
502336,2024-03-10,1026.0,2,2340.0,Санкт-Петербург,Wildberries,Отменён
508327,2024-08-27,1024.0,1,3410.0,Москва,Wildberries,Доставлен
502550,2024-03-15,1006.0,1,3820.0,Новосибирск,Wildberries,Доставлен
509640,2024-09-30,1005.0,1,2520.0,Новосибирск,Wildberries,Возврат
506007,2024-06-22,1009.0,1,1730.0,Регионы,Ozon,Доставлен
513814,2024-12-27,1002.0,1,3440.0,Регионы,Wildberries,Доставлен
502511,2024-03-14,1014.0,1,2480.0,Регионы,Wildberries,Доставлен
509576,2024-09-28,1021.0,1,1400.0,Москва,Wildberries,Доставлен
502774,2024-03-20,1011.0,1,3300.0,Москва,Ozon,Доставлен
508829,2024-09-09,1009.0,1,1860.0,Новосибирск,Wildberries,Возврат
510603,2024-10-28,1017.0,1,1750.0,Регионы,Wildberries,Доставлен
509607,2024-09-29,1010.0,1,1350.0,Санкт-Петербург,Ozon,Доставлен
513146,2024-12-15,1021.0,1,1490.0,Москва,Wildberries,Доставлен
512233,2024-12-01,1008.0,1,4420.0,Санкт-Петербург,Wildberries,Отменён
509883,2024-10-07,1011.0,2,3790.0,Регионы,Wildberries,Доставлен
504653,2024-05-09,1008.0,2,4500.0,Регионы,Wildberries,Доставлен
503703,2024-04-12,1007.0,1,1240.0,Регионы,Wildberries,Доставлен
509801,2024-10-04,1024.0,1,3180.0,Регионы,Wildberries,Отменён
500213,2024-01-07,1018.0,1,710.0,Санкт-Петербург,Ozon,Доставлен
500005,2024-01-01,1004.0,1,2750.0,Регионы,Wildberries,Доставлен
513011,2024-12-13,1016.0,3,2720.0,Новосибирск,Ozon,Доставлен
513587,2024-12-23,1006.0,1,4490.0,Регионы,Wildberries,Доставлен
512595,2024-12-07,1008.0,1,4370.0,Москва,Ozon,Доставлен
508393,2024-08-29,1021.0,1,1540.0,Москва,Ozon,Доставлен
509861,2024-10-06,1023.0,1,1060.0,Новосибирск,Wildberries,Доставлен
513934,2024-12-28,1024.0,1,3720.0,Екатеринбург,Wildberries,Доставлен
511285,2024-11-13,1002.0,1,4070.0,Санкт-Петербург,Wildberries,Возврат
510438,2024-10-24,1013.0,3,2470.0,Регионы,Wildberries,Доставлен
503178,2024-03-28,1017.0,1,1720.0,Новосибирск,Wildberries,Доставлен
500387,2024-01-14,1009.0,1,1920.0,Санкт-Петербург,Ozon,Возврат
500486,2024-01-18,1010.0,1,1350.0,Санкт-Петербург,Ozon,Доставлен
514076,2024-12-31,1003.0,2,3160.0,Регионы,Wildberries,Возврат
506024,2024-06-22,1018.0,2,760.0,Новосибирск,Ozon,Доставлен
500148,2024-01-05,1016.0,1,2720.0,Москва,Wildberries,Возврат
507869,2024-08-16,1017.0,1,1650.0,Екатеринбург,Wildberries,Возврат
508523,2024-09-02,1003.0,1,3440.0,Москва,Wildberries,Возврат
505641,2024-06-11,1012.0,1,3220.0,Екатеринбург,Wildberries,Возврат
507991,2024-08-19,1021.0,1,1460.0,Регионы,Wildberries,Доставлен
501570,2024-02-21,1009.0,1,1870.0,Москва,Wildberries,Доставлен
509986,2024-10-11,1001.0,1,1110.0,Новосибирск,Ozon,Доставлен
511994,2024-11-26,1019.0,1,2140.0,Москва,Wildberries,Доставлен
506727,2024-07-15,1013.0,1,2380.0,Санкт-Петербург,Wildberries,Доставлен
504483,2024-05-04,1005.0,1,2470.0,Санкт-Петербург,Ozon,Доставлен
500055,2024-01-02,1023.0,1,1030.0,Новосибирск,Wildberries,Доставлен
510787,2024-11-02,1009.0,1,1780.0,Новосибирск,Wildberries,Доставлен
502730,2024-03-19,1013.0,1,2450.0,Екатеринбург,Wildberries,Доставлен
507731,2024-08-12,1021.0,2,1540.0,Санкт-Петербург,Ozon,Доставлен
503791,2024-04-14,1014.0,1,2700.0,Москва,Wildberries,Доставлен
509411,2024-09-24,1012.0,1,3140.0,Новосибирск,Wildberries,Доставлен
513830,2024-12-27,1009.0,1,1600.0,Регионы,Ozon,Доставлен
506642,2024-07-12,1012.0,1,3250.0,Регионы,Wildberries,Доставлен
513983,2024-12-29,1020.0,1,1490.0,Санкт-Петербург,Wildberries,Доставлен
509923,2024-10-08,1017.0,1,1740.0,Екатеринбург,Wildberries,Возврат
503964,2024-04-19,1012.0,1,3220.0,Москва,Wildberries,Возврат
502863,2024-03-22,1015.0,1,2480.0,Новосибирск,Wildberries,Доставлен
510135,2024-10-15,1014.0,1,2360.0,Новосибирск,Wildberries,Возврат
507528,2024-08-08,1001.0,1,1120.0,Екатеринбург,Wildberries,Доставлен
506255,2024-06-30,1013.0,1,2640.0,Москва,Wildberries,Доставлен
504680,2024-05-10,1010.0,1,1300.0,Москва,Ozon,Доставлен
508706,2024-09-06,1010.0,2,1360.0,Регионы,Ozon,Доставлен
510242,2024-10-18,1015.0,1,2040.0,Регионы,Ozon,Доставлен
504401,2024-05-01,1019.0,1,2300.0,Регионы,Ozon,Возврат
500655,2024-01-23,1023.0,1,950.0,Москва,Ozon,Возврат
506769,2024-07-16,1020.0,1,1450.0,Москва,Wildberries,Доставлен
500223,2024-01-07,1026.0,1,2300.0,Санкт-Петербург,Wildberries,Доставлен
512063,2024-11-28,1007.0,1,1290.0,Москва,Ozon,Доставлен
509721,2024-10-02,1009.0,1,1810.0,Регионы,Wildberries,Возврат
504201,2024-04-26,1004.0,1,2710.0,Регионы,Ozon,Доставлен
509613,2024-09-29,1016.0,1,2780.0,Екатеринбург,Ozon,Возврат
509914,2024-10-08,1013.0,1,2420.0,Регионы,Wildberries,Доставлен
504435,2024-05-02,1018.0,1,820.0,Новосибирск,Wildberries,Отменён
504214,2024-04-26,1013.0,1,2100.0,Регионы,Ozon,Доставлен
507720,2024-08-12,1017.0,1,1400.0,Москва,Ozon,Доставлен
509253,2024-09-20,1018.0,1,830.0,Москва,Ozon,Доставлен
501861,2024-03-01,1011.0,1,3880.0,Санкт-Петербург,Wildberries,Доставлен
512241,2024-12-01,1011.0,1,3610.0,Москва,Wildberries,Доставлен
500385,2024-01-14,1006.0,1,3840.0,Екатеринбург,Ozon,Возврат
513770,2024-12-26,1010.0,1,1310.0,Регионы,Ozon,Доставлен
512862,2024-12-11,1007.0,1,1120.0,Регионы,Wildberries,Возврат
510519,2024-10-26,1021.0,1,1510.0,Санкт-Петербург,Wildberries,Доставлен
505375,2024-06-02,1016.0,1,2680.0,Москва,Wildberries,Отменён
506012,2024-06-22,1012.0,2,3200.0,Регионы,Ozon,Доставлен
507856,2024-08-16,1009.0,1,1810.0,Регионы,Wildberries,Доставлен
500423,2024-01-15,1023.0,2,990.0,Санкт-Петербург,Wildberries,Доставлен
509553,2024-09-28,1003.0,1,2980.0,Москва,Wildberries,Доставлен
503024,2024-03-25,1018.0,1,700.0,Москва,Ozon,Доставлен
509218,2024-09-19,1025.0,1,2960.0,Новосибирск,Ozon,Доставлен
510525,2024-10-26,1024.0,1,3510.0,Новосибирск,Wildberries,Доставлен
511917,2024-11-24,1021.0,1,1490.0,Москва,Wildberries,Доставлен
505280,2024-05-30,1017.0,1,1480.0,Москва,Ozon,Доставлен
506591,2024-07-11,1007.0,1,1100.0,Новосибирск,Wildberries,Доставлен
511174,2024-11-10,1025.0,1,2960.0,Санкт-Петербург,Wildberries,Отменён
503243,2024-03-29,1024.0,1,3300.0,Екатеринбург,Wildberries,Доставлен
508867,2024-09-10,1015.0,3,2370.0,Регионы,Ozon,Доставлен
504568,2024-05-06,1021.0,1,1380.0,Москва,Ozon,Доставлен
508197,2024-08-24,1024.0,1,3280.0,Москва,Wildberries,Доставлен
507129,2024-07-28,1006.0,1,4090.0,Регионы,Ozon,Доставлен
510632,2024-10-29,1015.0,1,2070.0,Новосибирск,Wildberries,Отменён
504750,2024-05-12,1015.0,1,2160.0,Санкт-Петербург,Wildberries,Доставлен
503326,2024-03-31,1013.0,1,2550.0,Москва,Ozon,Доставлен
514104,2024-12-31,1015.0,1,2160.0,Санкт-Петербург,Wildberries,Доставлен
511453,2024-11-16,1005.0,3,2560.0,Москва,Wildberries,Доставлен
502564,2024-03-15,1013.0,1,2300.0,Санкт-Петербург,Wildberries,Возврат
508446,2024-08-31,1001.0,1,1200.0,Москва,Wildberries,Доставлен
511308,2024-11-13,1010.0,1,1200.0,Москва,Wildberries,Доставлен
502218,2024-03-08,1006.0,1,4240.0,Регионы,Ozon,Доставлен
508578,2024-09-03,1018.0,2,740.0,Москва,Wildberries,Доставлен
509342,2024-09-22,1024.0,1,3150.0,Новосибирск,Wildberries,Доставлен
510497,2024-10-26,1010.0,1,1190.0,Регионы,Wildberries,Доставлен
506039,2024-06-23,1007.0,1,1110.0,Москва,Wildberries,Возврат
508140,2024-08-23,1014.0,2,2560.0,Екатеринбург,Ozon,Доставлен
505894,2024-06-18,1021.0,1,1410.0,Регионы,Wildberries,Доставлен
508385,2024-08-29,1017.0,1,1480.0,Регионы,Wildberries,Доставлен
507150,2024-07-28,1022.0,1,1470.0,Москва,Ozon,Доставлен
512915,2024-12-11,1024.0,1,3650.0,Екатеринбург,Wildberries,Доставлен
513702,2024-12-25,1006.0,2,4280.0,Санкт-Петербург,Ozon,Доставлен
503597,2024-04-09,1009.0,1,1690.0,Москва,Wildberries,Доставлен
511787,2024-11-22,1012.0,1,3270.0,Регионы,Ozon,Доставлен
508600,2024-09-04,1005.0,1,2710.0,Санкт-Петербург,Wildberries,Доставлен
500899,2024-02-01,1016.0,1,2270.0,Екатеринбург,Wildberries,Доставлен
508798,2024-09-08,1012.0,1,2770.0,Регионы,Ozon,Доставлен
511108,2024-11-09,1016.0,1,2330.0,Регионы,Wildberries,Доставлен
507081,2024-07-26,1023.0,1,1010.0,Екатеринбург,Wildberries,Доставлен
500588,2024-01-21,1011.0,2,3300.0,Санкт-Петербург,Ozon,Доставлен
509132,2024-09-17,1009.0,1,1710.0,Москва,Wildberries,Доставлен
513758,2024-12-26,1005.0,1,2690.0,Москва,Wildberries,Доставлен
503482,2024-04-05,1003.0,1,3370.0,Екатеринбург,Ozon,Доставлен
510723,2024-11-01,1003.0,1,3040.0,Регионы,Wildberries,Доставлен
506699,2024-07-14,1012.0,2,2710.0,Регионы,Wildberries,Доставлен
512489,2024-12-05,1011.0,1,3970.0,Екатеринбург,Ozon,Доставлен
507194,2024-07-29,1024.0,2,3590.0,Москва,Ozon,Доставлен
507797,2024-08-14,1017.0,1,1520.0,Регионы,Ozon,Доставлен
503361,2024-04-01,1006.0,1,3640.0,Регионы,Wildberries,Доставлен
512760,2024-12-09,1023.0,1,910.0,Регионы,Wildberries,Возврат
509525,2024-09-27,1006.0,1,3870.0,Москва,Ozon,Доставлен
508603,2024-09-04,1005.0,1,2590.0,Регионы,Wildberries,Доставлен
508473,2024-08-31,1018.0,1,820.0,Регионы,Wildberries,Доставлен
513445,2024-12-20,1023.0,1,1050.0,Новосибирск,Ozon,Доставлен
513345,2024-12-19,1001.0,1,1360.0,Санкт-Петербург,Wildberries,Доставлен
504342,2024-04-29,1024.0,1,2970.0,Регионы,Wildberries,Доставлен
509252,2024-09-20,1018.0,1,750.0,Регионы,Wildberries,Доставлен
504886,2024-05-17,1021.0,1,1450.0,Регионы,Wildberries,Доставлен
506936,2024-07-21,1022.0,2,1530.0,Екатеринбург,Wildberries,Доставлен
504059,2024-04-21,1026.0,1,2270.0,Москва,Wildberries,Доставлен
500523,2024-01-19,1007.0,1,1170.0,Регионы,Ozon,Доставлен
511350,2024-11-14,1003.0,1,2940.0,Санкт-Петербург,Wildberries,Доставлен
504339,2024-04-29,1024.0,1,3080.0,Москва,Ozon,Доставлен
509142,2024-09-17,1017.0,1,1590.0,Регионы,Wildberries,Возврат
503675,2024-04-11,1009.0,1,1880.0,Москва,Ozon,Отменён
503140,2024-03-27,1024.0,1,3420.0,Санкт-Петербург,Ozon,Доставлен
512143,2024-11-29,1015.0,1,2280.0,Санкт-Петербург,Ozon,Доставлен
509129,2024-09-17,1006.0,1,3600.0,Новосибирск,Wildberries,Возврат
504006,2024-04-20,1009.0,2,1790.0,Москва,Wildberries,Доставлен
511940,2024-11-25,1009.0,2,1870.0,Новосибирск,Wildberries,Доставлен
509113,2024-09-16,1026.0,1,2390.0,Регионы,Wildberries,Доставлен
507350,2024-08-03,1008.0,1,4640.0,Новосибирск,Wildberries,Доставлен
503287,2024-03-30,1023.0,2,870.0,Москва,Wildberries,Доставлен
501120,2024-02-07,1022.0,1,1470.0,Москва,Wildberries,Возврат
503076,2024-03-26,1019.0,2,2320.0,Екатеринбург,Wildberries,Доставлен
510713,2024-10-31,1025.0,1,3050.0,Санкт-Петербург,Wildberries,Доставлен
503842,2024-04-15,1024.0,1,3100.0,Санкт-Петербург,Ozon,Доставлен
503726,2024-04-12,1022.0,1,1420.0,Москва,Ozon,Доставлен
503480,2024-04-05,1001.0,1,1390.0,Регионы,Ozon,Доставлен
512148,2024-11-29,1017.0,1,1510.0,Санкт-Петербург,Ozon,Доставлен
500216,2024-01-07,1022.0,1,1450.0,Новосибирск,Wildberries,Отменён
506361,2024-07-03,1023.0,1,930.0,Санкт-Петербург,Ozon,Отменён
507462,2024-08-06,1007.0,1,1130.0,Москва,Ozon,Возврат
504815,2024-05-14,1025.0,1,3200.0,Москва,Ozon,Доставлен
502529,2024-03-14,1025.0,1,3040.0,Москва,Ozon,Доставлен
508091,2024-08-22,1006.0,1,4290.0,Санкт-Петербург,Wildberries,Доставлен
503353,2024-04-01,1003.0,1,3480.0,Новосибирск,Wildberries,Доставлен
504512,2024-05-05,1004.0,1,2840.0,Регионы,Ozon,Доставлен
507822,2024-08-15,1011.0,1,3270.0,Москва,Wildberries,Доставлен
501875,2024-03-01,1022.0,1,1570.0,Санкт-Петербург,Ozon,Доставлен
502324,2024-03-10,1022.0,1,1730.0,Москва,Ozon,Доставлен
511508,2024-11-17,1009.0,1,1630.0,Регионы,Wildberries,Доставлен
501671,2024-02-24,1008.0,1,4240.0,Новосибирск,Wildberries,Возврат
512237,2024-12-01,1009.0,1,1660.0,Москва,Ozon,Доставлен
506680,2024-07-13,1020.0,1,1510.0,Регионы,Wildberries,Доставлен
513264,2024-12-17,1019.0,1,2190.0,Москва,Ozon,Возврат
503800,2024-04-14,1025.0,1,2870.0,Регионы,Wildberries,Доставлен
507364,2024-08-03,1016.0,2,2340.0,Новосибирск,Wildberries,Доставлен
508844,2024-09-09,1020.0,2,1360.0,Новосибирск,Wildberries,Доставлен
509308,2024-09-21,1025.0,1,3040.0,Регионы,Wildberries,Доставлен
509024,2024-09-14,1017.0,1,1660.0,Санкт-Петербург,Wildberries,Доставлен
504732,2024-05-12,1001.0,1,1190.0,Регионы,Wildberries,Доставлен
510012,2024-10-11,1014.0,1,2230.0,Москва,Wildberries,Доставлен
512082,2024-11-28,1013.0,1,2210.0,Екатеринбург,Ozon,Доставлен
506919,2024-07-21,1011.0,1,3430.0,Москва,Wildberries,Доставлен
503220,2024-03-29,1013.0,1,2160.0,Регионы,Wildberries,Доставлен
502714,2024-03-19,1004.0,1,2580.0,Москва,Wildberries,Доставлен
507273,2024-08-01,1010.0,1,1190.0,Москва,Ozon,Доставлен
502031,2024-03-04,1023.0,2,910.0,Екатеринбург,Ozon,Доставлен
507744,2024-08-13,1007.0,1,1140.0,Москва,Wildberries,Доставлен
509587,2024-09-28,1025.0,1,2580.0,Регионы,Wildberries,Возврат
500493,2024-01-18,1013.0,1,2310.0,Москва,Wildberries,Доставлен
505841,2024-06-17,1014.0,1,2440.0,Москва,Wildberries,Доставлен
500668,2024-01-24,1009.0,1,1970.0,Санкт-Петербург,Wildberries,Доставлен
505990,2024-06-21,1018.0,1,690.0,Регионы,Wildberries,Доставлен
504760,2024-05-12,1024.0,1,3310.0,Москва,Wildberries,Доставлен
514014,2024-12-30,1007.0,1,1160.0,Москва,Wildberries,Доставлен
508588,2024-09-03,1022.0,1,1410.0,Москва,Ozon,Доставлен
502660,2024-03-17,1023.0,1,840.0,Регионы,Ozon,Доставлен
513911,2024-12-28,1016.0,1,2420.0,Регионы,Wildberries,Доставлен
502732,2024-03-19,1014.0,1,2470.0,Регионы,Wildberries,Доставлен
505385,2024-06-03,1001.0,1,1130.0,Москва,Wildberries,Доставлен
511369,2024-11-14,1010.0,1,1160.0,Регионы,Ozon,Доставлен
503026,2024-03-25,1022.0,1,1540.0,Новосибирск,Wildberries,Возврат
504693,2024-05-10,1018.0,1,870.0,Москва,Wildberries,Доставлен
508993,2024-09-13,1022.0,1,1600.0,Новосибирск,Wildberries,Доставлен
506420,2024-07-05,1016.0,1,2410.0,Регионы,Wildberries,Доставлен
509905,2024-10-08,1008.0,1,3980.0,Новосибирск,Wildberries,Доставлен
512573,2024-12-07,1002.0,2,4140.0,Москва,Wildberries,Доставлен
506702,2024-07-14,1017.0,1,1520.0,Регионы,Wildberries,Доставлен
501058,2024-02-06,1005.0,2,2610.0,Санкт-Петербург,Ozon,Возврат
507092,2024-07-27,1003.0,1,3070.0,Москва,Ozon,Отменён
507443,2024-08-05,1018.0,1,810.0,Санкт-Петербург,Wildberries,Доставлен
505776,2024-06-15,1020.0,1,1510.0,Санкт-Петербург,Wildberries,Доставлен
509735,2024-10-02,1018.0,1,840.0,Москва,Ozon,Доставлен
500284,2024-01-10,1011.0,1,3880.0,Новосибирск,Wildberries,Доставлен
509228,2024-09-20,1006.0,1,4450.0,Санкт-Петербург,Ozon,Возврат
508386,2024-08-29,1018.0,1,690.0,Регионы,Ozon,Отменён
511227,2024-11-12,1003.0,2,3740.0,Новосибирск,Wildberries,Доставлен
500040,2024-01-02,1015.0,1,2510.0,Москва,Ozon,Доставлен
504943,2024-05-19,1015.0,1,2050.0,Москва,Ozon,Доставлен
510872,2024-11-03,1025.0,2,3050.0,Регионы,Wildberries,Доставлен
514022,2024-12-30,1009.0,1,1830.0,Санкт-Петербург,Wildberries,Доставлен
506807,2024-07-17,1018.0,1,700.0,Регионы,Wildberries,Доставлен
505881,2024-06-18,1016.0,1,2460.0,Москва,Wildberries,Доставлен
501143,2024-02-08,1017.0,1,1470.0,Москва,Wildberries,Доставлен
500153,2024-01-05,1019.0,1,2320.0,Москва,Wildberries,Доставлен
512357,2024-12-03,1007.0,2,1260.0,Регионы,Ozon,Доставлен
507176,2024-07-29,1016.0,1,2650.0,Регионы,Wildberries,Доставлен
500885,2024-02-01,1003.0,1,3370.0,Москва,Wildberries,Доставлен
509536,2024-09-27,1015.0,1,2180.0,Санкт-Петербург,Wildberries,Доставлен
511590,2024-11-18,1024.0,1,3140.0,Регионы,Wildberries,Возврат
512636,2024-12-07,1026.0,2,2520.0,Регионы,Ozon,Доставлен
507937,2024-08-18,1012.0,1,2790.0,Москва,Wildberries,Доставлен
511593,2024-11-18,1024.0,1,3570.0,Москва,Wildberries,Доставлен
507373,2024-08-03,1020.0,1,1280.0,Регионы,Ozon,Доставлен
507778,2024-08-13,1024.0,3,3170.0,Регионы,Ozon,Доставлен
503881,2024-04-17,1001.0,1,1120.0,Москва,Ozon,Доставлен
509556,2024-09-28,1006.0,1,4580.0,Новосибирск,Wildberries,Возврат
511218,2024-11-11,1023.0,1,860.0,Новосибирск,Wildberries,Возврат
504160,2024-04-24,1021.0,1,1460.0,Регионы,Wildberries,Доставлен
501461,2024-02-18,1001.0,3,1160.0,Москва,Ozon,Доставлен
513279,2024-12-17,1024.0,1,3440.0,Санкт-Петербург,Wildberries,Доставлен
504318,2024-04-29,1007.0,2,1090.0,Санкт-Петербург,Ozon,Возврат
511105,2024-11-09,1015.0,1,2220.0,Регионы,Ozon,Доставлен
500583,2024-01-21,1008.0,1,4390.0,Санкт-Петербург,Ozon,Доставлен
511705,2024-11-20,1023.0,1,900.0,Новосибирск,Wildberries,Возврат
506957,2024-07-22,1012.0,1,2940.0,Екатеринбург,Ozon,Доставлен
504307,2024-04-29,1001.0,1,1210.0,Регионы,Ozon,Доставлен
511997,2024-11-26,1021.0,1,1700.0,Москва,Wildberries,Отменён
505032,2024-05-22,1009.0,1,1840.0,Москва,Wildberries,Доставлен
504924,2024-05-18,1022.0,1,1480.0,Санкт-Петербург,Wildberries,Доставлен
505622,2024-06-11,1005.0,1,2330.0,Москва,Wildberries,Доставлен
511089,2024-11-09,1008.0,1,4270.0,Москва,Ozon,Доставлен
512215,2024-12-01,1002.0,1,3380.0,Регионы,Ozon,Доставлен
503860,2024-04-16,1014.0,1,2520.0,Новосибирск,Wildberries,Доставлен
511636,2024-11-19,1019.0,1,1970.0,Москва,Ozon,Доставлен
513777,2024-12-26,1016.0,3,2720.0,Москва,Wildberries,Доставлен
502924,2024-03-23,1017.0,1,1620.0,Москва,Wildberries,Доставлен
512581,2024-12-07,1004.0,1,2560.0,Москва,Wildberries,Доставлен
506480,2024-07-07,1012.0,1,2750.0,Москва,Wildberries,Доставлен
506980,2024-07-23,1008.0,1,4780.0,Новосибирск,Ozon,Доставлен
508703,2024-09-06,1006.0,2,4460.0,Новосибирск,Wildberries,Доставлен
501944,2024-03-03,1002.0,1,3330.0,Москва,Wildberries,Доставлен
512817,2024-12-10,1019.0,1,2330.0,Москва,Wildberries,Доставлен
507245,2024-07-31,1017.0,1,1690.0,Регионы,Wildberries,Доставлен
504927,2024-05-19,1001.0,1,1120.0,Регионы,Wildberries,Доставлен
500969,2024-02-03,1020.0,1,1600.0,Москва,Wildberries,Доставлен
500496,2024-01-18,1015.0,1,2060.0,Санкт-Петербург,Ozon,Доставлен
513249,2024-12-17,1013.0,1,2430.0,Новосибирск,Wildberries,Доставлен
504416,2024-05-02,1006.0,1,3790.0,Санкт-Петербург,Wildberries,Доставлен
505532,2024-06-08,1004.0,1,2480.0,Екатеринбург,Ozon,Отменён
504657,2024-05-09,1014.0,1,2520.0,Регионы,Wildberries,Отменён
500206,2024-01-07,1008.0,2,4730.0,Регионы,Ozon,Возврат
510362,2024-10-22,1008.0,1,4660.0,Регионы,Ozon,Доставлен
506637,2024-07-12,1008.0,1,4070.0,Санкт-Петербург,Ozon,Возврат
508100,2024-08-22,1014.0,2,2350.0,Санкт-Петербург,Wildberries,Доставлен
506697,2024-07-14,1008.0,1,4740.0,Москва,Ozon,Отменён
501635,2024-02-23,1006.0,1,3770.0,Москва,Wildberries,Доставлен
513974,2024-12-29,1016.0,1,2510.0,Екатеринбург,Ozon,Доставлен
512597,2024-12-07,1009.0,1,2000.0,Новосибирск,Ozon,Доставлен
508508,2024-09-01,1017.0,1,1410.0,Регионы,Wildberries,Возврат
505251,2024-05-29,1021.0,2,1610.0,Москва,Ozon,Доставлен
504709,2024-05-11,1008.0,1,4290.0,Санкт-Петербург,Ozon,Доставлен
502425,2024-03-12,1019.0,1,2350.0,Москва,Wildberries,Доставлен
501758,2024-02-27,1003.0,1,3680.0,Москва,Wildberries,Доставлен
512191,2024-11-30,1018.0,1,800.0,Москва,Wildberries,Отменён
504246,2024-04-27,1010.0,3,1190.0,Москва,Wildberries,Доставлен
510337,2024-10-21,1008.0,1,5010.0,Москва,Ozon,Доставлен
505928,2024-06-19,1018.0,2,800.0,Екатеринбург,Wildberries,Доставлен
506422,2024-07-05,1017.0,1,1370.0,Екатеринбург,Ozon,Доставлен
502135,2024-03-06,1021.0,1,1430.0,Москва,Wildberries,Доставлен
508648,2024-09-05,1002.0,1,3640.0,Регионы,Wildberries,Доставлен
505293,2024-05-31,1003.0,2,2990.0,Санкт-Петербург,Ozon,Доставлен
505480,2024-06-06,1003.0,1,3320.0,Москва,Wildberries,Доставлен
507278,2024-08-01,1013.0,1,2510.0,Регионы,Ozon,Доставлен
501356,2024-02-14,1019.0,1,2080.0,Екатеринбург,Wildberries,Доставлен
509798,2024-10-04,1024.0,1,3420.0,Регионы,Wildberries,Отменён
502429,2024-03-12,1022.0,1,1640.0,Москва,Wildberries,Доставлен
506474,2024-07-07,1008.0,1,4310.0,Санкт-Петербург,Wildberries,Доставлен
510643,2024-10-30,1004.0,1,2340.0,Регионы,Ozon,Доставлен
505614,2024-06-10,1025.0,1,2820.0,Санкт-Петербург,Wildberries,Доставлен
505414,2024-06-04,1004.0,2,2360.0,Москва,Wildberries,Доставлен
513128,2024-12-15,1012.0,1,3080.0,Санкт-Петербург,Wildberries,Доставлен
504016,2024-04-20,1016.0,1,2360.0,Москва,Wildberries,Возврат
511408,2024-11-15,1008.0,1,4890.0,Регионы,Wildberries,Доставлен
508112,2024-08-22,1023.0,1,940.0,Москва,Wildberries,Доставлен
508044,2024-08-21,1004.0,1,2400.0,Москва,Wildberries,Доставлен
508681,2024-09-05,1021.0,1,1560.0,Регионы,Ozon,Доставлен
504964,2024-05-20,1002.0,1,3850.0,Регионы,Wildberries,Доставлен
500048,2024-01-02,1018.0,1,860.0,Регионы,Wildberries,Доставлен
510434,2024-10-24,1010.0,1,1330.0,Москва,Wildberries,Доставлен
501763,2024-02-27,1008.0,3,4100.0,Санкт-Петербург,Ozon,Возврат
509000,2024-09-13,1026.0,1,2520.0,Регионы,Ozon,Возврат
512652,2024-12-08,1004.0,1,2850.0,Регионы,Wildberries,Доставлен
500180,2024-01-06,1009.0,2,1620.0,Москва,Wildberries,Доставлен
509964,2024-10-10,1007.0,1,1140.0,Екатеринбург,Ozon,Доставлен
501497,2024-02-19,1006.0,1,4440.0,Новосибирск,Wildberries,Доставлен
506225,2024-06-29,1011.0,1,3960.0,Регионы,Ozon,Доставлен
511001,2024-11-07,1007.0,1,1320.0,Регионы,Wildberries,Доставлен
505254,2024-05-29,1025.0,1,2760.0,Санкт-Петербург,Wildberries,Доставлен
510729,2024-11-01,1006.0,2,3610.0,Екатеринбург,Wildberries,Доставлен
513044,2024-12-14,1007.0,1,1140.0,Екатеринбург,Ozon,Доставлен
507100,2024-07-27,1010.0,1,1160.0,Екатеринбург,Wildberries,Доставлен
500945,2024-02-03,1003.0,2,3130.0,Регионы,Wildberries,Доставлен
507298,2024-08-02,1002.0,1,3510.0,Регионы,Wildberries,Доставлен
504055,2024-04-21,1023.0,1,850.0,Новосибирск,Wildberries,Доставлен
503316,2024-03-31,1009.0,1,1710.0,Москва,Wildberries,Доставлен
508083,2024-08-22,1001.0,2,1110.0,Москва,Ozon,Доставлен
505356,2024-06-02,1007.0,1,1090.0,Новосибирск,Ozon,Доставлен
507555,2024-08-08,1017.0,1,1680.0,Новосибирск,Ozon,Доставлен
504735,2024-05-12,1004.0,1,2290.0,Санкт-Петербург,Ozon,Отменён
503753,2024-04-13,1019.0,1,2430.0,Регионы,Wildberries,Доставлен
506640,2024-07-12,1011.0,1,3990.0,Регионы,Ozon,Возврат
507164,2024-07-29,1006.0,1,4180.0,Санкт-Петербург,Wildberries,Доставлен
504259,2024-04-27,1016.0,2,2370.0,Санкт-Петербург,Wildberries,Доставлен
510741,2024-11-01,1010.0,1,1160.0,Санкт-Петербург,Wildberries,Доставлен
503923,2024-04-18,1014.0,1,2240.0,Екатеринбург,Wildberries,Доставлен
502984,2024-03-24,1022.0,1,1390.0,Регионы,Wildberries,Доставлен
503999,2024-04-20,1006.0,1,4140.0,Екатеринбург,Wildberries,Доставлен
501334,2024-02-13,1022.0,1,1740.0,Санкт-Петербург,Ozon,Доставлен
505634,2024-06-11,1010.0,1,1320.0,Регионы,Wildberries,Доставлен
513993,2024-12-29,1024.0,1,3330.0,Регионы,Wildberries,Доставлен
510066,2024-10-13,1010.0,1,1360.0,Москва,Wildberries,Доставлен
512011,2024-11-27,1003.0,2,3370.0,Москва,Ozon,Отменён
512212,2024-12-01,1001.0,2,1200.0,Регионы,Wildberries,Доставлен
512080,2024-11-28,1012.0,1,2900.0,Санкт-Петербург,Ozon,Доставлен
509794,2024-10-04,1017.0,1,1410.0,Москва,Wildberries,Доставлен
507840,2024-08-15,1021.0,1,1380.0,Санкт-Петербург,Wildberries,Возврат
512912,2024-12-11,1023.0,1,1010.0,Регионы,Ozon,Доставлен
513549,2024-12-22,1015.0,2,2220.0,Москва,Wildberries,Отменён
510940,2024-11-05,1024.0,1,3410.0,Екатеринбург,Wildberries,Доставлен
512705,2024-12-08,1022.0,1,1670.0,Санкт-Петербург,Wildberries,Доставлен
513887,2024-12-28,1009.0,1,1740.0,Москва,Wildberries,Доставлен
513440,2024-12-20,1021.0,1,1620.0,Екатеринбург,Wildberries,Доставлен
503627,2024-04-09,1025.0,1,2600.0,Москва,Wildberries,Доставлен
508314,2024-08-27,1019.0,2,2180.0,Регионы,Wildberries,Доставлен
503786,2024-04-14,1009.0,1,1620.0,Новосибирск,Wildberries,Доставлен
506170,2024-06-27,1019.0,1,2470.0,Екатеринбург,Ozon,Доставлен
507719,2024-08-12,1017.0,1,1630.0,Москва,Ozon,Доставлен
505026,2024-05-21,1026.0,1,2340.0,Москва,Wildberries,Доставлен
508812,2024-09-08,1022.0,2,1650.0,Москва,Ozon,Возврат
500728,2024-01-26,1015.0,1,2220.0,Санкт-Петербург,Wildberries,Отменён
502013,2024-03-04,1016.0,1,2630.0,Екатеринбург,Ozon,Возврат
507654,2024-08-11,1004.0,2,2670.0,Регионы,Wildberries,Доставлен
510960,2024-11-06,1008.0,1,4450.0,Москва,Wildberries,Доставлен
513501,2024-12-21,1022.0,2,1440.0,Екатеринбург,Wildberries,Доставлен
502424,2024-03-12,1019.0,1,2040.0,Регионы,Ozon,Доставлен
505281,2024-05-30,1017.0,1,1510.0,Регионы,Ozon,Доставлен
508320,2024-08-27,1020.0,1,1360.0,Санкт-Петербург,Wildberries,Доставлен
512728,2024-12-09,1008.0,1,4740.0,Регионы,Ozon,Доставлен
506782,2024-07-17,1002.0,1,3590.0,Санкт-Петербург,Wildberries,Доставлен
513025,2024-12-13,1022.0,1,1530.0,Екатеринбург,Wildberries,Доставлен
503743,2024-04-13,1012.0,1,2690.0,Москва,Ozon,Возврат
503711,2024-04-12,1015.0,1,2240.0,Москва,Wildberries,Доставлен
500393,2024-01-14,1012.0,1,3370.0,Москва,Wildberries,Доставлен
504445,2024-05-02,1026.0,1,2170.0,Новосибирск,Wildberries,Доставлен
501389,2024-02-15,1016.0,1,2360.0,Екатеринбург,Ozon,Отменён
502777,2024-03-20,1015.0,1,2470.0,Москва,Wildberries,Отменён
511610,2024-11-19,1007.0,1,1220.0,Новосибирск,Wildberries,Доставлен
510933,2024-11-05,1018.0,1,780.0,Санкт-Петербург,Wildberries,Доставлен
503468,2024-04-04,1009.0,2,1600.0,Регионы,Ozon,Доставлен
501486,2024-02-18,1023.0,2,860.0,Новосибирск,Ozon,Доставлен
512646,2024-12-08,1002.0,1,3350.0,Новосибирск,Ozon,Доставлен
507877,2024-08-16,1018.0,1,710.0,Регионы,Wildberries,Доставлен
509322,2024-09-22,1013.0,1,2330.0,Регионы,Ozon,Доставлен
504073,2024-04-22,1010.0,1,1250.0,Регионы,Ozon,Доставлен
501773,2024-02-27,1016.0,1,2230.0,Санкт-Петербург,Ozon,Доставлен
510081,2024-10-13,1021.0,1,1640.0,Москва,Wildberries,Доставлен
500438,2024-01-16,1015.0,2,2470.0,Санкт-Петербург,Ozon,Отменён
500453,2024-01-17,1002.0,1,3910.0,Регионы,Ozon,Возврат
506741,2024-07-15,1023.0,1,900.0,Санкт-Петербург,Wildberries,Доставлен
507643,2024-08-10,1020.0,1,1590.0,Регионы,Wildberries,Отменён
510495,2024-10-26,1010.0,1,1270.0,Москва,Wildberries,Доставлен
510466,2024-10-25,1009.0,2,1880.0,Регионы,Wildberries,Доставлен
512950,2024-12-12,1014.0,1,2190.0,Регионы,Wildberries,Доставлен
503252,2024-03-30,1002.0,1,4110.0,Екатеринбург,Ozon,Доставлен
503081,2024-03-26,1020.0,1,1490.0,Санкт-Петербург,Wildberries,Отменён
504712,2024-05-11,1009.0,1,1920.0,Москва,Wildberries,Доставлен
509628,2024-09-29,1026.0,1,2260.0,Екатеринбург,Ozon,Возврат
512614,2024-12-07,1016.0,1,2610.0,Регионы,Ozon,Доставлен
512259,2024-12-01,1019.0,2,2450.0,Регионы,Wildberries,Доставлен
512407,2024-12-04,1006.0,1,4340.0,Москва,Wildberries,Возврат
506487,2024-07-07,1019.0,1,2100.0,Москва,Ozon,Доставлен
510688,2024-10-31,1009.0,1,1670.0,Екатеринбург,Wildberries,Доставлен
513458,2024-12-21,1003.0,1,3340.0,Москва,Wildberries,Отменён
511310,2024-11-13,1010.0,1,1190.0,Санкт-Петербург,Wildberries,Возврат
505175,2024-05-27,1008.0,1,4080.0,Новосибирск,Wildberries,Доставлен
507000,2024-07-24,1002.0,1,3970.0,Регионы,Wildberries,Доставлен
500696,2024-01-25,1011.0,1,3760.0,Москва,Ozon,Доставлен
507650,2024-08-11,1002.0,1,3560.0,Регионы,Ozon,Доставлен
508998,2024-09-13,1025.0,1,2720.0,Санкт-Петербург,Wildberries,Возврат
504835,2024-05-15,1021.0,2,1550.0,Москва,Wildberries,Доставлен
509927,2024-10-08,1022.0,2,1730.0,Регионы,Wildberries,Доставлен
502282,2024-03-09,1021.0,2,1620.0,Москва,Ozon,Доставлен
502735,2024-03-19,1017.0,1,1670.0,Екатеринбург,Wildberries,Доставлен
510559,2024-10-27,1017.0,2,1540.0,Новосибирск,Wildberries,Доставлен
502831,2024-03-21,1023.0,1,840.0,Москва,Wildberries,Доставлен
505469,2024-06-05,1018.0,1,840.0,Регионы,Ozon,Доставлен
500381,2024-01-14,1003.0,1,3310.0,Москва,Ozon,Доставлен
512730,2024-12-09,1008.0,1,4010.0,Санкт-Петербург,Wildberries,Доставлен
505252,2024-05-29,1023.0,1,1060.0,Регионы,Ozon,Доставлен
501095,2024-02-07,1008.0,1,3960.0,Регионы,Ozon,Доставлен
511974,2024-11-26,1003.0,1,3280.0,Санкт-Петербург,Wildberries,Доставлен
504905,2024-05-18,1009.0,2,1690.0,Санкт-Петербург,Wildberries,Доставлен
507714,2024-08-12,1016.0,1,2260.0,Москва,Wildberries,Доставлен
501872,2024-03-01,1020.0,1,1360.0,Москва,Ozon,Доставлен
507737,2024-08-13,1001.0,1,1300.0,Новосибирск,Ozon,Доставлен
505613,2024-06-10,1024.0,2,3250.0,Москва,Wildberries,Доставлен
504292,2024-04-28,1014.0,1,2270.0,Регионы,Wildberries,Отменён
506761,2024-07-16,1017.0,1,1480.0,Екатеринбург,Ozon,Доставлен
501502,2024-02-19,1012.0,1,3160.0,Москва,Wildberries,Доставлен
513869,2024-12-28,1002.0,1,3420.0,Екатеринбург,Wildberries,Доставлен
506690,2024-07-14,1003.0,1,3640.0,Новосибирск,Wildberries,Отменён
500031,2024-01-02,1002.0,1,4200.0,Москва,Ozon,Доставлен
511103,2024-11-09,1013.0,1,2120.0,Москва,Ozon,Доставлен
504011,2024-04-20,1012.0,1,3080.0,Москва,Wildberries,Отменён
513509,2024-12-21,1026.0,1,2220.0,Регионы,Wildberries,Возврат
504900,2024-05-18,1004.0,1,2450.0,Новосибирск,Wildberries,Отменён
508383,2024-08-29,1017.0,2,1610.0,Регионы,Wildberries,Возврат
510227,2024-10-18,1007.0,1,1050.0,Новосибирск,Wildberries,Доставлен
506140,2024-06-26,1017.0,1,1400.0,Регионы,Wildberries,Доставлен
502989,2024-03-24,1024.0,1,3720.0,Москва,Wildberries,Доставлен
504913,2024-05-18,1014.0,1,2160.0,Санкт-Петербург,Ozon,Доставлен
512286,2024-12-02,1006.0,1,4230.0,Москва,Ozon,Доставлен
511594,2024-11-18,1025.0,1,2760.0,Регионы,Ozon,Доставлен
511749,2024-11-21,1020.0,1,1400.0,Москва,Wildberries,Доставлен
501856,2024-03-01,1008.0,1,4520.0,Москва,Wildberries,Доставлен
506355,2024-07-03,1019.0,1,2120.0,Регионы,Wildberries,Доставлен
506723,2024-07-15,1009.0,1,1850.0,Москва,Wildberries,Доставлен
500552,2024-01-20,1001.0,1,1180.0,Новосибирск,Ozon,Доставлен
508230,2024-08-25,1018.0,1,810.0,Санкт-Петербург,Wildberries,Доставлен
511711,2024-11-20,1025.0,1,2980.0,Екатеринбург,Wildberries,Доставлен
511423,2024-11-15,1015.0,1,2420.0,Регионы,Wildberries,Доставлен
511111,2024-11-09,1017.0,2,1530.0,Екатеринбург,Ozon,Доставлен
505847,2024-06-17,1021.0,2,1720.0,Регионы,Ozon,Доставлен
511965,2024-11-25,1025.0,1,3110.0,Новосибирск,Wildberries,Доставлен
503062,2024-03-26,1012.0,1,3300.0,Екатеринбург,Wildberries,Доставлен
507223,2024-07-30,1026.0,1,2620.0,Регионы,Ozon,Доставлен
500485,2024-01-18,1009.0,1,1980.0,Москва,Ozon,Доставлен
505761,2024-06-15,1011.0,1,3750.0,Новосибирск,Wildberries,Доставлен
501096,2024-02-07,1010.0,1,1340.0,Регионы,Ozon,Доставлен
507721,2024-08-12,1017.0,1,1380.0,Регионы,Wildberries,Доставлен
505002,2024-05-21,1008.0,1,4810.0,Москва,Ozon,Доставлен
510965,2024-11-06,1010.0,1,1240.0,Новосибирск,Ozon,Доставлен
504504,2024-05-04,1019.0,1,2150.0,Екатеринбург,Wildberries,Доставлен
505364,2024-06-02,1010.0,2,1110.0,Санкт-Петербург,Wildberries,Доставлен
512678,2024-12-08,1014.0,2,2280.0,Регионы,Wildberries,Доставлен
501418,2024-02-16,1012.0,1,3230.0,Москва,Wildberries,Доставлен
506616,2024-07-11,1022.0,1,1420.0,Санкт-Петербург,Wildberries,Доставлен
505163,2024-05-26,1024.0,1,2960.0,Новосибирск,Wildberries,Доставлен
510200,2024-10-17,1012.0,1,2880.0,Москва,Ozon,Доставлен
511196,2024-11-11,1010.0,1,1130.0,Регионы,Wildberries,Доставлен
509081,2024-09-16,1001.0,1,1260.0,Екатеринбург,Wildberries,Доставлен
503020,2024-03-25,1017.0,1,1530.0,Москва,Wildberries,Доставлен
511226,2024-11-12,1003.0,1,3170.0,Новосибирск,Ozon,Возврат
508307,2024-08-27,1012.0,1,2930.0,Москва,Wildberries,Доставлен
501847,2024-03-01,1002.0,1,3930.0,Москва,Wildberries,Доставлен
500188,2024-01-06,1020.0,1,1380.0,Санкт-Петербург,Wildberries,Доставлен
513183,2024-12-16,1011.0,1,3630.0,Новосибирск,Wildberries,Доставлен
513042,2024-12-14,1006.0,1,3660.0,Регионы,Wildberries,Доставлен
511011,2024-11-07,1015.0,1,2120.0,Санкт-Петербург,Wildberries,Доставлен
505795,2024-06-16,1012.0,1,3190.0,Регионы,Ozon,Доставлен
502879,2024-03-22,1018.0,1,710.0,Новосибирск,Ozon,Доставлен
513320,2024-12-18,1012.0,1,2860.0,Регионы,Wildberries,Доставлен
502094,2024-03-06,1002.0,1,3890.0,Регионы,Ozon,Доставлен
512617,2024-12-07,1020.0,1,1450.0,Новосибирск,Ozon,Доставлен
501398,2024-02-15,1023.0,1,860.0,Регионы,Ozon,Доставлен
503682,2024-04-11,1016.0,1,2530.0,Москва,Ozon,Доставлен
514065,2024-12-30,1024.0,1,3200.0,Регионы,Wildberries,Доставлен
504098,2024-04-22,1026.0,1,2320.0,Москва,Ozon,Доставлен
513143,2024-12-15,1018.0,1,740.0,Регионы,Ozon,Доставлен
512753,2024-12-09,1019.0,1,2500.0,Регионы,Wildberries,Отменён
504497,2024-05-04,1014.0,2,2480.0,Москва,Wildberries,Отменён
500054,2024-01-02,1023.0,1,920.0,Регионы,Ozon,Отменён
503734,2024-04-13,1004.0,1,2700.0,Новосибирск,Wildberries,Доставлен
507455,2024-08-05,1025.0,1,2950.0,Новосибирск,Ozon,Доставлен
509564,2024-09-28,1013.0,2,2460.0,Регионы,Wildberries,Возврат
503607,2024-04-09,1015.0,1,2070.0,Москва,Wildberries,Доставлен
504107,2024-04-23,1010.0,2,1140.0,Регионы,Wildberries,Доставлен
506460,2024-07-06,1023.0,1,840.0,Регионы,Wildberries,Доставлен
503245,2024-03-29,1025.0,3,2830.0,Москва,Ozon,Доставлен
501848,2024-03-01,1003.0,1,3500.0,Москва,Wildberries,Доставлен
503769,2024-04-14,1002.0,1,4150.0,Екатеринбург,Ozon,Доставлен
509356,2024-09-23,1005.0,1,2750.0,Москва,Ozon,Доставлен
506296,2024-07-01,1021.0,1,1600.0,Санкт-Петербург,Ozon,Возврат
509302,2024-09-21,1021.0,2,1540.0,Санкт-Петербург,Ozon,Доставлен
504843,2024-05-16,1004.0,2,2520.0,Санкт-Петербург,Wildberries,Доставлен
500564,2024-01-20,1013.0,1,2160.0,Регионы,Ozon,Доставлен
502960,2024-03-24,1008.0,1,5040.0,Санкт-Петербург,Wildberries,Доставлен
505949,2024-06-20,1013.0,1,2400.0,Екатеринбург,Wildberries,Доставлен
502387,2024-03-11,1025.0,1,3010.0,Москва,Ozon,Возврат
507494,2024-08-07,1009.0,1,1640.0,Москва,Ozon,Доставлен
511667,2024-11-20,1006.0,1,4530.0,Москва,Ozon,Доставлен
508425,2024-08-30,1013.0,2,2560.0,Москва,Wildberries,Отменён
501057,2024-02-06,1004.0,1,2400.0,Регионы,Wildberries,Доставлен
503982,2024-04-19,1020.0,1,1540.0,Москва,Ozon,Доставлен
508906,2024-09-11,1012.0,1,2730.0,Регионы,Ozon,Доставлен
510638,2024-10-29,1024.0,1,3600.0,Новосибирск,Ozon,Доставлен
504573,2024-05-07,1003.0,1,3330.0,Санкт-Петербург,Wildberries,Доставлен
511292,2024-11-13,1006.0,1,4060.0,Екатеринбург,Wildberries,Доставлен
512621,2024-12-07,1021.0,1,1450.0,Регионы,Ozon,Доставлен
507889,2024-08-16,1024.0,1,3420.0,Москва,Ozon,Доставлен
508252,2024-08-26,1004.0,1,2380.0,Санкт-Петербург,Ozon,Доставлен
507693,2024-08-12,1004.0,1,2720.0,Екатеринбург,Wildberries,Доставлен
501178,2024-02-09,1014.0,1,2640.0,Новосибирск,Wildberries,Доставлен
500246,2024-01-08,1025.0,1,3050.0,Новосибирск,Wildberries,Доставлен
500621,2024-01-22,1015.0,1,2370.0,Екатеринбург,Ozon,Доставлен
503905,2024-04-17,1025.0,1,2880.0,Москва,Wildberries,Доставлен
511400,2024-11-15,1003.0,1,3210.0,Екатеринбург,Wildberries,Доставлен
511661,2024-11-20,1004.0,1,2780.0,Новосибирск,Wildberries,Доставлен
512289,2024-12-02,1007.0,1,1300.0,Новосибирск,Wildberries,Доставлен
513475,2024-12-21,1007.0,1,1290.0,Регионы,Ozon,Доставлен
512065,2024-11-28,1007.0,1,1050.0,Регионы,Ozon,Доставлен
504365,2024-04-30,1024.0,1,3490.0,Регионы,Wildberries,Доставлен
504326,2024-04-29,1015.0,1,2370.0,Москва,Ozon,Доставлен
506091,2024-06-24,1025.0,1,3090.0,Регионы,Wildberries,Отменён
507030,2024-07-25,1012.0,1,2690.0,Новосибирск,Ozon,Доставлен
511612,2024-11-19,1009.0,1,1600.0,Регионы,Ozon,Доставлен
503285,2024-03-30,1023.0,1,1000.0,Регионы,Wildberries,Доставлен
503133,2024-03-27,1020.0,1,1390.0,Регионы,Wildberries,Доставлен
500682,2024-01-24,1025.0,1,2580.0,Санкт-Петербург,Ozon,Доставлен
510835,2024-11-03,1007.0,1,1310.0,Регионы,Ozon,Доставлен
510173,2024-10-16,1016.0,1,2250.0,Москва,Wildberries,Доставлен
512102,2024-11-28,1025.0,3,3100.0,Москва,Wildberries,Доставлен
506579,2024-07-10,1025.0,2,2590.0,Регионы,Wildberries,Доставлен
503688,2024-04-11,1023.0,1,910.0,Москва,Wildberries,Доставлен
503993,2024-04-20,1001.0,2,1140.0,Новосибирск,Ozon,Доставлен
503946,2024-04-19,1002.0,1,4040.0,Москва,Wildberries,Доставлен
502568,2024-03-15,1015.0,3,2370.0,Екатеринбург,Ozon,Возврат
503028,2024-03-25,1022.0,1,1690.0,Екатеринбург,Ozon,Отменён
512942,2024-12-12,1012.0,1,3360.0,Москва,Wildberries,Доставлен
511847,2024-11-23,1013.0,1,2590.0,Москва,Wildberries,Возврат
500778,2024-01-28,1005.0,1,2690.0,Москва,Wildberries,Доставлен
512387,2024-12-03,1024.0,1,2980.0,Москва,Wildberries,Доставлен
512815,2024-12-10,1018.0,1,860.0,Москва,Wildberries,Доставлен
500422,2024-01-15,1023.0,1,990.0,Екатеринбург,Wildberries,Доставлен
501721,2024-02-25,1024.0,1,3100.0,Регионы,Ozon,Доставлен
503172,2024-03-28,1014.0,1,2430.0,Новосибирск,Ozon,Доставлен
511639,2024-11-19,1019.0,1,2000.0,Екатеринбург,Wildberries,Возврат
505873,2024-06-18,1013.0,1,2520.0,Регионы,Wildberries,Отменён
509563,2024-09-28,1009.0,1,1860.0,Регионы,Ozon,Возврат
511496,2024-11-17,1002.0,1,3950.0,Регионы,Ozon,Доставлен
503127,2024-03-27,1016.0,1,2520.0,Санкт-Петербург,Ozon,Доставлен
511104,2024-11-09,1014.0,1,2530.0,Москва,Wildberries,Доставлен
502055,2024-03-05,1005.0,2,2800.0,Новосибирск,Ozon,Доставлен
500131,2024-01-05,1004.0,1,2530.0,Регионы,Ozon,Доставлен
506846,2024-07-18,1022.0,1,1670.0,Екатеринбург,Ozon,Доставлен
512451,2024-12-04,1024.0,1,3600.0,Регионы,Wildberries,Доставлен
511619,2024-11-19,1011.0,1,3150.0,Екатеринбург,Ozon,Доставлен
503213,2024-03-29,1009.0,1,1810.0,Москва,Ozon,Доставлен
506929,2024-07-21,1018.0,1,770.0,Екатеринбург,Wildberries,Доставлен
505099,2024-05-24,1025.0,1,3210.0,Санкт-Петербург,Wildberries,Доставлен
505400,2024-06-03,1018.0,1,850.0,Новосибирск,Wildberries,Отменён
510740,2024-11-01,1009.0,2,1880.0,Регионы,Ozon,Доставлен
512291,2024-12-02,1008.0,1,4110.0,Москва,Ozon,Доставлен
504589,2024-05-07,1013.0,1,2300.0,Регионы,Wildberries,Доставлен
502747,2024-03-19,1023.0,1,1000.0,Екатеринбург,Ozon,Доставлен
509320,2024-09-22,1010.0,2,1110.0,Москва,Wildberries,Доставлен
500855,2024-01-30,1025.0,1,3140.0,Москва,Wildberries,Доставлен
501947,2024-03-03,1002.0,1,3610.0,Екатеринбург,Ozon,Доставлен
513531,2024-12-22,1008.0,1,4790.0,Регионы,Wildberries,Доставлен
500942,2024-02-02,1026.0,1,2720.0,Санкт-Петербург,Wildberries,Доставлен
500802,2024-01-29,1002.0,1,3380.0,Санкт-Петербург,Wildberries,Доставлен
502474,2024-03-13,1021.0,1,1390.0,Регионы,Ozon,Доставлен
506402,2024-07-05,1004.0,1,2510.0,Москва,Ozon,Отменён
509263,2024-09-21,1001.0,2,1290.0,Екатеринбург,Ozon,Доставлен
507934,2024-08-18,1011.0,1,3630.0,Москва,Wildberries,Доставлен
502349,2024-03-11,1007.0,1,1220.0,Екатеринбург,Wildberries,Отменён
502733,2024-03-19,1016.0,1,2770.0,Новосибирск,Ozon,Возврат
513028,2024-12-13,1026.0,1,2410.0,Москва,Wildberries,Доставлен
513281,2024-12-17,1025.0,1,2940.0,Москва,Ozon,Отменён
505932,2024-06-19,1021.0,1,1530.0,Москва,Wildberries,Доставлен
509534,2024-09-27,1012.0,1,2990.0,Москва,Wildberries,Доставлен
505311,2024-05-31,1021.0,1,1580.0,Санкт-Петербург,Wildberries,Доставлен
502921,2024-03-23,1014.0,1,2670.0,Екатеринбург,Wildberries,Доставлен
505779,2024-06-16,1001.0,1,1390.0,Регионы,Wildberries,Доставлен
509105,2024-09-16,1016.0,1,2230.0,Санкт-Петербург,Ozon,Доставлен
514038,2024-12-30,1014.0,1,2700.0,Санкт-Петербург,Wildberries,Доставлен
505409,2024-06-03,1026.0,1,2520.0,Санкт-Петербург,Wildberries,Доставлен
506892,2024-07-20,1013.0,1,2610.0,Регионы,Ozon,Доставлен
500957,2024-02-03,1011.0,1,3850.0,Москва,Wildberries,Доставлен
512495,2024-12-05,1013.0,1,2520.0,Регионы,Ozon,Возврат
513412,2024-12-20,1007.0,1,1100.0,Москва,Ozon,Возврат
502897,2024-03-22,1026.0,1,2600.0,Москва,Ozon,Доставлен
513500,2024-12-21,1022.0,1,1420.0,Санкт-Петербург,Wildberries,Доставлен
505722,2024-06-14,1004.0,1,2350.0,Регионы,Ozon,Доставлен
505669,2024-06-12,1013.0,1,2490.0,Москва,Ozon,Доставлен
500906,2024-02-01,1024.0,1,3540.0,Москва,Ozon,Доставлен
503202,2024-03-29,1002.0,1,3810.0,Регионы,Ozon,Доставлен
513489,2024-12-21,1015.0,1,2560.0,Санкт-Петербург,Wildberries,Доставлен
509920,2024-10-08,1016.0,1,2650.0,Москва,Wildberries,Доставлен
506341,2024-07-03,1001.0,1,1390.0,Регионы,Wildberries,Доставлен
505481,2024-06-06,1003.0,1,3030.0,Новосибирск,Wildberries,Доставлен
500814,2024-01-29,1017.0,1,1390.0,Екатеринбург,Wildberries,Доставлен
500218,2024-01-07,1023.0,1,1030.0,Новосибирск,Wildberries,Доставлен
500462,2024-01-17,1011.0,1,3240.0,Москва,Wildberries,Доставлен
512587,2024-12-07,1007.0,1,1240.0,Москва,Wildberries,Доставлен
504460,2024-05-03,1013.0,1,2350.0,Санкт-Петербург,Wildberries,Доставлен
502744,2024-03-19,1023.0,1,900.0,Новосибирск,Wildberries,Отменён
512000,2024-11-26,1023.0,1,880.0,Екатеринбург,Wildberries,Доставлен
511116,2024-11-09,1020.0,1,1420.0,Москва,Ozon,Доставлен
500119,2024-01-04,1019.0,1,1990.0,Екатеринбург,Wildberries,Доставлен
506376,2024-07-04,1011.0,1,3820.0,Санкт-Петербург,Ozon,Доставлен
512777,2024-12-10,1005.0,1,2660.0,Регионы,Wildberries,Доставлен
502422,2024-03-12,1018.0,1,740.0,Санкт-Петербург,Ozon,Доставлен
512122,2024-11-29,1008.0,2,4370.0,Москва,Ozon,Доставлен
505372,2024-06-02,1015.0,1,2250.0,Новосибирск,Wildberries,Доставлен
510102,2024-10-14,1011.0,1,4010.0,Москва,Ozon,Доставлен
504907,2024-05-18,1011.0,1,3300.0,Екатеринбург,Wildberries,Доставлен
506664,2024-07-13,1008.0,1,4990.0,Москва,Ozon,Доставлен
500402,2024-01-14,1026.0,1,2550.0,Новосибирск,Wildberries,Возврат
511314,2024-11-13,1012.0,1,2790.0,Санкт-Петербург,Ozon,Доставлен
512546,2024-12-06,1011.0,1,3690.0,Москва,Wildberries,Отменён
500900,2024-02-01,1017.0,1,1460.0,Санкт-Петербург,Wildberries,Доставлен
501300,2024-02-12,1021.0,1,1350.0,Санкт-Петербург,Wildberries,Доставлен
512810,2024-12-10,1015.0,1,2190.0,Москва,Wildberries,Доставлен
513743,2024-12-25,1024.0,2,3330.0,Москва,Ozon,Доставлен
501634,2024-02-23,1001.0,1,1300.0,Екатеринбург,Ozon,Доставлен
507520,2024-08-07,1025.0,2,2570.0,Санкт-Петербург,Wildberries,Доставлен
507824,2024-08-15,1014.0,1,2520.0,Регионы,Wildberries,Доставлен
509283,2024-09-21,1011.0,1,3780.0,Москва,Wildberries,Доставлен
513957,2024-12-29,1007.0,1,1180.0,Москва,Wildberries,Доставлен
509108,2024-09-16,1019.0,1,1990.0,Регионы,Wildberries,Доставлен
510715,2024-10-31,1025.0,1,3100.0,Регионы,Ozon,Отменён
500647,2024-01-23,1013.0,1,2390.0,Москва,Ozon,Отменён
503235,2024-03-29,1021.0,2,1610.0,Санкт-Петербург,Wildberries,Возврат
512326,2024-12-02,1021.0,3,1710.0,Москва,Wildberries,Доставлен
506773,2024-07-16,1023.0,2,1030.0,Новосибирск,Wildberries,Доставлен
508859,2024-09-10,1009.0,2,1960.0,Новосибирск,Ozon,Доставлен
513535,2024-12-22,1009.0,1,1650.0,Санкт-Петербург,Wildberries,Доставлен
503450,2024-04-03,1022.0,1,1450.0,Регионы,Wildberries,Возврат
506513,2024-07-08,1015.0,1,2160.0,Москва,Wildberries,Доставлен
509085,2024-09-16,1003.0,1,3460.0,Регионы,Wildberries,Доставлен
512201,2024-11-30,1021.0,3,1370.0,Санкт-Петербург,Wildberries,Отменён
507809,2024-08-15,1003.0,1,3560.0,Регионы,Wildberries,Доставлен
508379,2024-08-29,1015.0,1,2260.0,Санкт-Петербург,Wildberries,Возврат
511951,2024-11-25,1017.0,3,1690.0,Регионы,Wildberries,Доставлен
508511,2024-09-01,1019.0,1,2140.0,Санкт-Петербург,Wildberries,Доставлен
509438,2024-09-25,1001.0,1,1200.0,Регионы,Wildberries,Доставлен
502328,2024-03-10,1024.0,2,3530.0,Екатеринбург,Wildberries,Отменён
504172,2024-04-25,1003.0,2,3020.0,Москва,Wildberries,Доставлен
513394,2024-12-19,1024.0,1,3490.0,Новосибирск,Wildberries,Отменён
509388,2024-09-23,1023.0,1,980.0,Санкт-Петербург,Wildberries,Доставлен
501990,2024-03-03,1026.0,1,2530.0,Новосибирск,Wildberries,Доставлен
500877,2024-01-31,1021.0,1,1350.0,Москва,Ozon,Доставлен
504052,2024-04-21,1015.0,1,2390.0,Новосибирск,Wildberries,Доставлен
507634,2024-08-10,1017.0,1,1460.0,Регионы,Wildberries,Возврат
501374,2024-02-15,1004.0,1,2500.0,Новосибирск,Ozon,Доставлен
510880,2024-11-04,1005.0,1,2360.0,Регионы,Wildberries,Доставлен
506079,2024-06-24,1017.0,1,1610.0,Регионы,Wildberries,Доставлен
503318,2024-03-31,1009.0,1,1700.0,Екатеринбург,Wildberries,Доставлен
509195,2024-09-19,1007.0,1,1240.0,Регионы,Ozon,Отменён
504766,2024-05-12,1025.0,1,2680.0,Санкт-Петербург,Wildberries,Доставлен
509061,2024-09-15,1018.0,1,860.0,Москва,Wildberries,Доставлен
510205,2024-10-17,1015.0,1,2340.0,Москва,Wildberries,Доставлен
509629,2024-09-29,1026.0,2,2620.0,Регионы,Ozon,Доставлен
511385,2024-11-14,1019.0,1,2210.0,Регионы,Wildberries,Доставлен
509110,2024-09-16,1019.0,1,2410.0,Санкт-Петербург,Wildberries,Доставлен
505294,2024-05-31,1004.0,1,2800.0,Москва,Ozon,Доставлен
501363,2024-02-14,1024.0,1,3200.0,Регионы,Ozon,Доставлен
501911,2024-03-02,1006.0,1,4420.0,Москва,Ozon,Доставлен
505581,2024-06-09,1019.0,1,2350.0,Новосибирск,Ozon,Доставлен
510832,2024-11-03,1006.0,1,3920.0,Санкт-Петербург,Ozon,Доставлен
505177,2024-05-27,1009.0,1,1630.0,Санкт-Петербург,Wildberries,Доставлен
500349,2024-01-12,1020.0,1,1590.0,Новосибирск,Ozon,Доставлен
506115,2024-06-25,1024.0,1,3650.0,Регионы,Wildberries,Доставлен
513996,2024-12-29,1026.0,2,2660.0,Новосибирск,Ozon,Доставлен
504725,2024-05-11,1021.0,1,1560.0,Москва,Ozon,Доставлен
512209,2024-11-30,1026.0,1,2480.0,Регионы,Ozon,Доставлен
513484,2024-12-21,1012.0,1,3060.0,Регионы,Wildberries,Доставлен
506721,2024-07-15,1006.0,1,3610.0,Санкт-Петербург,Wildberries,Доставлен
514118,2024-12-31,1024.0,1,3410.0,Санкт-Петербург,Wildberries,Доставлен
510734,2024-11-01,1007.0,1,1260.0,Москва,Ozon,Доставлен
508008,2024-08-20,1003.0,1,2960.0,Новосибирск,Ozon,Доставлен
510193,2024-10-17,1010.0,1,1110.0,Санкт-Петербург,Wildberries,Доставлен
509216,2024-09-19,1021.0,1,1570.0,Москва,Wildberries,Доставлен
511124,2024-11-09,1026.0,1,2460.0,Екатеринбург,Wildberries,Возврат
510916,2024-11-05,1008.0,1,4880.0,Новосибирск,Ozon,Возврат
509739,2024-10-02,1024.0,1,3160.0,Санкт-Петербург,Ozon,Доставлен
512714,2024-12-09,1002.0,1,3760.0,Новосибирск,Wildberries,Доставлен
508930,2024-09-12,1005.0,1,2730.0,Москва,Wildberries,Возврат
510437,2024-10-24,1011.0,1,3180.0,Москва,Wildberries,Доставлен
510061,2024-10-13,1006.0,1,3770.0,Регионы,Wildberries,Доставлен
505822,2024-06-16,1025.0,1,2580.0,Екатеринбург,Wildberries,Доставлен
507157,2024-07-28,1025.0,1,2740.0,Екатеринбург,Ozon,Доставлен
509872,2024-10-07,1002.0,1,4100.0,Екатеринбург,Wildberries,Доставлен
509021,2024-09-14,1013.0,2,2160.0,Екатеринбург,Wildberries,Доставлен
508869,2024-09-10,1018.0,1,730.0,Москва,Wildberries,Возврат
510568,2024-10-27,1025.0,1,2690.0,Екатеринбург,Wildberries,Доставлен
500874,2024-01-31,1019.0,1,2420.0,Москва,Wildberries,Доставлен
512508,2024-12-05,1020.0,1,1590.0,Санкт-Петербург,Ozon,Доставлен
501288,2024-02-12,1013.0,1,2170.0,Екатеринбург,Ozon,Доставлен
511199,2024-11-11,1012.0,1,2950.0,Москва,Ozon,Возврат
513538,2024-12-22,1010.0,2,1300.0,Екатеринбург,Wildberries,Доставлен
509791,2024-10-04,1013.0,1,2330.0,Москва,Ozon,Доставлен
505514,2024-06-07,1010.0,2,1360.0,Новосибирск,Wildberries,Доставлен
505422,2024-06-04,1013.0,1,2440.0,Санкт-Петербург,Wildberries,Доставлен
500103,2024-01-04,1007.0,2,1270.0,Москва,Wildberries,Доставлен
506139,2024-06-26,1017.0,1,1690.0,Регионы,Wildberries,Доставлен
511428,2024-11-15,1017.0,1,1410.0,Новосибирск,Wildberries,Отменён
508069,2024-08-21,1021.0,2,1720.0,Санкт-Петербург,Ozon,Отменён
505943,2024-06-20,1008.0,1,4000.0,Регионы,Wildberries,Доставлен
505430,2024-06-04,1017.0,2,1580.0,Регионы,Wildberries,Доставлен
511848,2024-11-23,1013.0,1,2460.0,Екатеринбург,Wildberries,Доставлен
501592,2024-02-22,1001.0,2,1390.0,Санкт-Петербург,Wildberries,Доставлен
502361,2024-03-11,1014.0,1,2560.0,Санкт-Петербург,Wildberries,Доставлен
511497,2024-11-17,1002.0,1,3610.0,Санкт-Петербург,Wildberries,Доставлен
502676,2024-03-18,1004.0,1,2470.0,Санкт-Петербург,Ozon,Доставлен
511347,2024-11-13,1026.0,2,2540.0,Екатеринбург,Ozon,Доставлен
505143,2024-05-26,1011.0,1,3760.0,Регионы,Wildberries,Доставлен
504280,2024-04-28,1006.0,1,3700.0,Москва,Wildberries,Доставлен
511070,2024-11-08,1023.0,1,940.0,Регионы,Wildberries,Доставлен
501229,2024-02-11,1003.0,1,3720.0,Москва,Wildberries,Отменён
510310,2024-10-20,1009.0,1,2030.0,Регионы,Ozon,Доставлен
501127,2024-02-07,1025.0,1,2770.0,Екатеринбург,Wildberries,Отменён
502285,2024-03-09,1022.0,1,1490.0,Москва,Wildberries,Отменён
506182,2024-06-28,1002.0,1,3890.0,Регионы,Wildberries,Доставлен
504062,2024-04-22,1003.0,1,2990.0,Санкт-Петербург,Ozon,Доставлен
500952,2024-02-03,1008.0,1,4240.0,Новосибирск,Wildberries,Доставлен
508338,2024-08-28,1003.0,1,3510.0,Екатеринбург,Wildberries,Доставлен
512537,2024-12-06,1008.0,1,4910.0,Регионы,Ozon,Отменён
507867,2024-08-16,1016.0,1,2510.0,Новосибирск,Wildberries,Доставлен
501388,2024-02-15,1016.0,1,2250.0,Екатеринбург,Wildberries,Доставлен
509172,2024-09-18,1016.0,1,2360.0,Санкт-Петербург,Ozon,Доставлен
501555,2024-02-21,1003.0,1,3080.0,Москва,Wildberries,Доставлен
501131,2024-02-08,1005.0,1,2540.0,Москва,Ozon,Доставлен
505357,2024-06-02,1008.0,1,4170.0,Регионы,Wildberries,Доставлен
506018,2024-06-22,1014.0,1,2490.0,Регионы,Wildberries,Доставлен
513086,2024-12-14,1024.0,1,3330.0,Екатеринбург,Wildberries,Доставлен
502499,2024-03-14,1006.0,1,4480.0,Санкт-Петербург,Ozon,Доставлен
501886,2024-03-01,1024.0,1,2960.0,Екатеринбург,Wildberries,Доставлен
505711,2024-06-13,1019.0,1,2110.0,Регионы,Ozon,Доставлен
509386,2024-09-23,1022.0,1,1550.0,Новосибирск,Wildberries,Возврат
507672,2024-08-11,1020.0,1,1590.0,Санкт-Петербург,Ozon,Доставлен
511396,2024-11-14,1026.0,1,2600.0,Санкт-Петербург,Wildberries,Возврат
500675,2024-01-24,1014.0,1,2320.0,Москва,Wildberries,Доставлен
504147,2024-04-24,1006.0,1,4220.0,Екатеринбург,Wildberries,Доставлен
511865,2024-11-23,1024.0,1,3560.0,Регионы,Wildberries,Доставлен
512020,2024-11-27,1008.0,2,4920.0,Регионы,Ozon,Доставлен
514060,2024-12-30,1022.0,1,1460.0,Москва,Ozon,Доставлен
500388,2024-01-14,1011.0,1,3350.0,Новосибирск,Wildberries,Доставлен
506124,2024-06-26,1005.0,1,2600.0,Санкт-Петербург,Wildberries,Доставлен
502521,2024-03-14,1022.0,1,1720.0,Санкт-Петербург,Wildberries,Отменён
504215,2024-04-26,1014.0,1,2700.0,Регионы,Ozon,Доставлен
505129,2024-05-25,1021.0,1,1560.0,Новосибирск,Wildberries,Доставлен
513375,2024-12-19,1016.0,1,2710.0,Санкт-Петербург,Wildberries,Доставлен
514008,2024-12-30,1006.0,1,3800.0,Екатеринбург,Ozon,Доставлен
501474,2024-02-18,1007.0,2,1290.0,Санкт-Петербург,Wildberries,Доставлен
509267,2024-09-21,1004.0,1,2640.0,Новосибирск,Wildberries,Отменён
503458,2024-04-04,1002.0,1,4100.0,Екатеринбург,Wildberries,Возврат
500703,2024-01-25,1020.0,1,1350.0,Новосибирск,Wildberries,Доставлен
502727,2024-03-19,1013.0,1,2370.0,Москва,Ozon,Доставлен
512216,2024-12-01,1002.0,1,3490.0,Москва,Wildberries,Доставлен
507736,2024-08-12,1026.0,1,2440.0,Москва,Wildberries,Доставлен
508691,2024-09-05,1026.0,1,2550.0,Регионы,Wildberries,Отменён
500461,2024-01-17,1010.0,1,1360.0,Регионы,Ozon,Возврат
503531,2024-04-07,1003.0,1,3710.0,Санкт-Петербург,Wildberries,Отменён
505290,2024-05-30,1025.0,1,3160.0,Санкт-Петербург,Wildberries,Доставлен
505461,2024-06-05,1010.0,1,1280.0,Москва,Wildberries,Доставлен
506988,2024-07-23,1018.0,1,770.0,Москва,Ozon,Отменён
508084,2024-08-22,1001.0,2,1210.0,Регионы,Wildberries,Отменён
508033,2024-08-20,1025.0,1,3210.0,Екатеринбург,Ozon,Доставлен
502668,2024-03-17,1026.0,1,2640.0,Регионы,Wildberries,Доставлен
508208,2024-08-25,1005.0,1,2460.0,Регионы,Wildberries,Доставлен
510306,2024-10-20,1005.0,1,2770.0,Екатеринбург,Wildberries,Доставлен
505866,2024-06-18,1009.0,1,2010.0,Москва,Ozon,Доставлен
509471,2024-09-25,1024.0,1,3560.0,Новосибирск,Wildberries,Доставлен
512397,2024-12-04,1003.0,1,3240.0,Новосибирск,Ozon,Возврат
508484,2024-08-31,1025.0,1,2560.0,Москва,Wildberries,Доставлен
508932,2024-09-12,1006.0,2,3600.0,Санкт-Петербург,Wildberries,Доставлен
510100,2024-10-14,1011.0,1,3560.0,Регионы,Ozon,Доставлен
513378,2024-12-19,1016.0,1,2350.0,Регионы,Wildberries,Доставлен
504411,2024-05-02,1005.0,2,2620.0,Регионы,Wildberries,Доставлен
511687,2024-11-20,1012.0,1,2960.0,Регионы,Wildberries,Доставлен
503091,2024-03-26,1025.0,2,3060.0,Москва,Wildberries,Доставлен
505563,2024-06-09,1004.0,1,2370.0,Новосибирск,Ozon,Доставлен
513754,2024-12-26,1004.0,1,2750.0,Регионы,Wildberries,Доставлен
506408,2024-07-05,1008.0,1,4420.0,Екатеринбург,Ozon,Доставлен
500790,2024-01-28,1015.0,1,2490.0,Москва,Wildberries,Доставлен
506393,2024-07-04,1025.0,1,2560.0,Регионы,Ozon,Возврат
508628,2024-09-04,1020.0,1,1530.0,Новосибирск,Wildberries,Доставлен
509567,2024-09-28,1016.0,1,2260.0,Санкт-Петербург,Ozon,Возврат
510612,2024-10-29,1002.0,1,4130.0,Регионы,Ozon,Доставлен
507519,2024-08-07,1025.0,1,2900.0,Санкт-Петербург,Wildberries,Доставлен
510987,2024-11-06,1026.0,1,2560.0,Регионы,Wildberries,Возврат
512575,2024-12-07,1002.0,1,3510.0,Екатеринбург,Ozon,Доставлен
504666,2024-05-09,1025.0,1,3060.0,Регионы,Wildberries,Доставлен
510214,2024-10-17,1023.0,1,1010.0,Регионы,Wildberries,Доставлен
507338,2024-08-02,1026.0,1,2490.0,Регионы,Ozon,Доставлен
508449,2024-08-31,1006.0,1,4010.0,Регионы,Wildberries,Доставлен
506467,2024-07-07,1001.0,1,1180.0,Регионы,Ozon,Доставлен
509080,2024-09-15,1026.0,1,2270.0,Регионы,Ozon,Доставлен
513303,2024-12-18,1007.0,1,1050.0,Регионы,Wildberries,Доставлен
508980,2024-09-13,1014.0,1,2460.0,Регионы,Ozon,Доставлен
503530,2024-04-06,1026.0,1,2350.0,Новосибирск,Ozon,Доставлен
501082,2024-02-06,1023.0,1,940.0,Екатеринбург,Wildberries,Возврат
503583,2024-04-08,1019.0,1,2000.0,Новосибирск,Ozon,Доставлен
506809,2024-07-17,1021.0,1,1650.0,Регионы,Ozon,Доставлен
502287,2024-03-09,1024.0,1,3050.0,Новосибирск,Ozon,Доставлен
508032,2024-08-20,1025.0,1,2560.0,Москва,Wildberries,Доставлен
504198,2024-04-26,1002.0,1,3660.0,Регионы,Wildberries,Доставлен
505411,2024-06-04,1001.0,3,1110.0,Санкт-Петербург,Wildberries,Возврат
506928,2024-07-21,1018.0,1,780.0,Москва,Wildberries,Возврат
501441,2024-02-17,1012.0,2,3060.0,Екатеринбург,Wildberries,Возврат
510243,2024-10-18,1015.0,3,2290.0,Москва,Wildberries,Доставлен
502283,2024-03-09,1022.0,1,1430.0,Екатеринбург,Ozon,Доставлен
512729,2024-12-09,1008.0,1,4170.0,Новосибирск,Wildberries,Доставлен
507619,2024-08-10,1002.0,1,3490.0,Москва,Wildberries,Доставлен
511559,2024-11-18,1007.0,1,1210.0,Екатеринбург,Ozon,Доставлен
513371,2024-12-19,1014.0,1,2220.0,Санкт-Петербург,Ozon,Доставлен
504317,2024-04-29,1007.0,1,1270.0,Екатеринбург,Wildberries,Доставлен
505769,2024-06-15,1016.0,1,2500.0,Регионы,Ozon,Доставлен
505793,2024-06-16,1011.0,1,3300.0,Регионы,Wildberries,Доставлен
506592,2024-07-11,1008.0,2,4170.0,Екатеринбург,Wildberries,Доставлен
501573,2024-02-21,1011.0,1,4000.0,Регионы,Ozon,Доставлен
505260,2024-05-30,1004.0,1,2450.0,Санкт-Петербург,Wildberries,Доставлен
502597,2024-03-16,1003.0,1,3440.0,Москва,Wildberries,Доставлен
502227,2024-03-08,1013.0,1,2190.0,Москва,Wildberries,Доставлен
506021,2024-06-22,1015.0,1,2250.0,Москва,Wildberries,Доставлен
512906,2024-12-11,1021.0,1,1520.0,Санкт-Петербург,Wildberries,Отменён
504525,2024-05-05,1014.0,1,2270.0,Регионы,Wildberries,Доставлен
512083,2024-11-28,1013.0,1,2140.0,Москва,Wildberries,Доставлен
501912,2024-03-02,1008.0,1,4910.0,Екатеринбург,Ozon,Доставлен
513061,2024-12-14,1011.0,1,3960.0,Регионы,Wildberries,Доставлен
512930,2024-12-12,1007.0,1,1040.0,Регионы,Wildberries,Доставлен
513282,2024-12-17,1025.0,1,2640.0,Москва,Wildberries,Доставлен
502572,2024-03-15,1019.0,1,2360.0,Новосибирск,Wildberries,Отменён
510103,2024-10-14,1015.0,1,2360.0,Регионы,Ozon,Отменён
512819,2024-12-10,1019.0,1,2360.0,Москва,Wildberries,Доставлен
500684,2024-01-25,1001.0,1,1290.0,Москва,Wildberries,Доставлен
502366,2024-03-11,1017.0,1,1620.0,Санкт-Петербург,Wildberries,Возврат
503184,2024-03-28,1022.0,1,1700.0,Москва,Wildberries,Доставлен
503815,2024-04-15,1008.0,1,4540.0,Екатеринбург,Wildberries,Доставлен
504315,2024-04-29,1005.0,2,2560.0,Регионы,Ozon,Доставлен
508634,2024-09-04,1023.0,3,1020.0,Регионы,Ozon,Возврат
505588,2024-06-10,1001.0,1,1340.0,Москва,Ozon,Доставлен
507476,2024-08-06,1019.0,1,2220.0,Москва,Wildberries,Доставлен
500010,2024-01-01,1006.0,1,3870.0,Москва,Ozon,Доставлен
500162,2024-01-05,1024.0,1,3070.0,Санкт-Петербург,Wildberries,Возврат
508350,2024-08-28,1011.0,1,3560.0,Регионы,Wildberries,Доставлен
505927,2024-06-19,1017.0,1,1610.0,Москва,Wildberries,Доставлен
511832,2024-11-23,1008.0,1,4290.0,Регионы,Wildberries,Возврат
504551,2024-05-06,1006.0,1,3740.0,Новосибирск,Ozon,Доставлен
501207,2024-02-10,1013.0,1,2520.0,Москва,Ozon,Доставлен
506131,2024-06-26,1014.0,1,2430.0,Санкт-Петербург,Wildberries,Доставлен
506305,2024-07-02,1004.0,1,2670.0,Москва,Wildberries,Доставлен
507332,2024-08-02,1021.0,1,1480.0,Москва,Ozon,Возврат
500925,2024-02-02,1011.0,1,3140.0,Екатеринбург,Wildberries,Доставлен
501922,2024-03-02,1013.0,1,2490.0,Москва,Wildberries,Доставлен
513172,2024-12-16,1005.0,1,2720.0,Санкт-Петербург,Wildberries,Доставлен
500771,2024-01-27,1024.0,1,3580.0,Новосибирск,Ozon,Возврат
513861,2024-12-27,1025.0,1,3090.0,Москва,Ozon,Доставлен
507396,2024-08-04,1011.0,1,3520.0,Екатеринбург,Ozon,Возврат
502297,2024-03-10,1003.0,1,3040.0,Регионы,Wildberries,Доставлен
505308,2024-05-31,1017.0,1,1450.0,Екатеринбург,Ozon,Доставлен
513768,2024-12-26,1010.0,1,1100.0,Регионы,Wildberries,Доставлен
505965,2024-06-20,1021.0,1,1640.0,Регионы,Wildberries,Доставлен
507250,2024-07-31,1019.0,1,1960.0,Новосибирск,Wildberries,Доставлен
507642,2024-08-10,1020.0,1,1320.0,Регионы,Ozon,Доставлен
504283,2024-04-28,1007.0,1,1170.0,Санкт-Петербург,Wildberries,Доставлен
510576,2024-10-28,1002.0,1,3320.0,Регионы,Wildberries,Возврат
508267,2024-08-26,1013.0,1,2150.0,Москва,Wildberries,Доставлен
505201,2024-05-28,1005.0,1,2520.0,Регионы,Ozon,Доставлен
503984,2024-04-19,1022.0,1,1480.0,Москва,Wildberries,Доставлен
508389,2024-08-29,1018.0,1,690.0,Регионы,Wildberries,Доставлен
510005,2024-10-11,1010.0,1,1140.0,Екатеринбург,Ozon,Возврат
512631,2024-12-07,1025.0,1,3040.0,Москва,Wildberries,Доставлен
510600,2024-10-28,1016.0,2,2730.0,Регионы,Ozon,Отменён
508814,2024-09-08,1023.0,1,960.0,Екатеринбург,Wildberries,Возврат
511133,2024-11-10,1005.0,1,2530.0,Москва,Wildberries,Доставлен
512814,2024-12-10,1017.0,1,1750.0,Санкт-Петербург,Ozon,Доставлен
508808,2024-09-08,1018.0,2,760.0,Санкт-Петербург,Wildberries,Доставлен
510911,2024-11-05,1006.0,1,4530.0,Регионы,Wildberries,Отменён
506435,2024-07-06,1006.0,1,3690.0,Регионы,Wildberries,Доставлен
513482,2024-12-21,1011.0,2,3640.0,Москва,Wildberries,Возврат
513931,2024-12-28,1023.0,1,960.0,Регионы,Wildberries,Доставлен
501307,2024-02-12,1026.0,2,2460.0,Регионы,Wildberries,Возврат
503783,2024-04-14,1009.0,1,1750.0,Москва,Wildberries,Доставлен
512793,2024-12-10,1008.0,1,4260.0,Санкт-Петербург,Ozon,Доставлен
505472,2024-06-05,1021.0,1,1610.0,Регионы,Wildberries,Возврат
514018,2024-12-30,1007.0,1,1170.0,Регионы,Ozon,Доставлен
509076,2024-09-15,1024.0,1,2970.0,Екатеринбург,Ozon,Доставлен
508278,2024-08-26,1018.0,1,740.0,Санкт-Петербург,Wildberries,Доставлен
502893,2024-03-22,1025.0,1,2690.0,Регионы,Ozon,Доставлен
505684,2024-06-12,1022.0,1,1550.0,Москва,Ozon,Доставлен
513456,2024-12-21,1002.0,1,3660.0,Санкт-Петербург,Wildberries,Доставлен
503429,2024-04-03,1005.0,1,2630.0,Регионы,Wildberries,Доставлен
513140,2024-12-15,1015.0,2,2380.0,Регионы,Wildberries,Доставлен
503830,2024-04-15,1017.0,1,1560.0,Регионы,Wildberries,Доставлен
501483,2024-02-18,1016.0,1,2390.0,Регионы,Wildberries,Доставлен
508788,2024-09-08,1004.0,1,2440.0,Регионы,Wildberries,Доставлен
508332,2024-08-28,1001.0,1,1260.0,Регионы,Wildberries,Отменён
501225,2024-02-10,1024.0,1,3730.0,Санкт-Петербург,Wildberries,Доставлен
503300,2024-03-30,1026.0,1,2320.0,Регионы,Wildberries,Доставлен
505413,2024-06-04,1003.0,1,3720.0,Екатеринбург,Ozon,Доставлен
503107,2024-03-27,1005.0,1,2240.0,Регионы,Wildberries,Доставлен
505805,2024-06-16,1018.0,1,700.0,Екатеринбург,Wildberries,Доставлен
500685,2024-01-25,1001.0,1,1120.0,Москва,Wildberries,Доставлен
509276,2024-09-21,1007.0,1,1290.0,Москва,Ozon,Доставлен
510416,2024-10-24,1001.0,1,1180.0,Санкт-Петербург,Wildberries,Доставлен
502190,2024-03-07,1019.0,1,2390.0,Новосибирск,Wildberries,Возврат
504178,2024-04-25,1010.0,1,1110.0,Регионы,Ozon,Доставлен
508535,2024-09-02,1011.0,1,3250.0,Регионы,Ozon,Доставлен
508666,2024-09-05,1013.0,1,2300.0,Екатеринбург,Ozon,Доставлен
511120,2024-11-09,1025.0,1,2970.0,Санкт-Петербург,Ozon,Доставлен
501270,2024-02-12,1007.0,1,1100.0,Екатеринбург,Wildberries,Доставлен
503567,2024-04-08,1002.0,1,3770.0,Новосибирск,Ozon,Доставлен
509434,2024-09-24,1026.0,1,2220.0,Москва,Wildberries,Доставлен
510178,2024-10-16,1017.0,2,1470.0,Регионы,Wildberries,Доставлен
501125,2024-02-07,1024.0,1,3420.0,Екатеринбург,Ozon,Доставлен
509015,2024-09-14,1011.0,1,4000.0,Москва,Ozon,Доставлен
501790,2024-02-28,1001.0,1,1330.0,Санкт-Петербург,Wildberries,Доставлен
505895,2024-06-18,1021.0,2,1690.0,Регионы,Wildberries,Возврат
501434,2024-02-17,1002.0,1,3750.0,Регионы,Ozon,Доставлен
503251,2024-03-30,1002.0,2,3930.0,Москва,Wildberries,Доставлен
504794,2024-05-13,1026.0,1,2500.0,Екатеринбург,Ozon,Доставлен
509980,2024-10-10,1023.0,1,850.0,Москва,Wildberries,Доставлен
503565,2024-04-07,1025.0,1,2670.0,Регионы,Wildberries,Доставлен
505544,2024-06-08,1013.0,1,2560.0,Москва,Ozon,Доставлен
507884,2024-08-16,1020.0,3,1390.0,Регионы,Ozon,Доставлен
511837,2024-11-23,1009.0,2,1820.0,Москва,Wildberries,Доставлен
507031,2024-07-25,1013.0,1,2460.0,Москва,Wildberries,Доставлен
502937,2024-03-23,1025.0,1,0.0,Регионы,Wildberries,Возврат
513562,2024-12-22,1023.0,1,890.0,Москва,Ozon,Доставлен
510489,2024-10-26,1006.0,1,3990.0,Москва,Wildberries,Доставлен
513175,2024-12-16,1007.0,1,1100.0,Новосибирск,Wildberries,Доставлен
500392,2024-01-14,1012.0,1,2830.0,Москва,Ozon,Доставлен
509180,2024-09-18,1021.0,3,1440.0,Москва,Ozon,Доставлен
508581,2024-09-03,1019.0,1,1980.0,Регионы,Wildberries,Доставлен
505057,2024-05-23,1008.0,1,4330.0,Москва,Wildberries,Доставлен
506340,2024-07-03,1001.0,1,1280.0,Москва,Wildberries,Доставлен
510119,2024-10-15,1004.0,1,2530.0,Москва,Ozon,Доставлен
505016,2024-05-21,1020.0,1,1460.0,Регионы,Wildberries,Доставлен
508132,2024-08-23,1010.0,1,1200.0,Регионы,Ozon,Доставлен
513304,2024-12-18,1007.0,1,1240.0,Екатеринбург,Ozon,Доставлен
509273,2024-09-21,1006.0,1,4350.0,Санкт-Петербург,Wildberries,Доставлен
508569,2024-09-03,1013.0,1,2100.0,Москва,Wildberries,Отменён
508626,2024-09-04,1019.0,1,2400.0,Новосибирск,Wildberries,Доставлен
501969,2024-03-03,1008.0,1,4870.0,Санкт-Петербург,Wildberries,Отменён
513689,2024-12-24,1025.0,1,2940.0,Регионы,Wildberries,Доставлен
512470,2024-12-05,1004.0,3,2430.0,Регионы,Wildberries,Доставлен
506027,2024-06-22,1021.0,1,1450.0,Регионы,Wildberries,Возврат
500507,2024-01-18,1022.0,1,1660.0,Екатеринбург,Ozon,Доставлен
502126,2024-03-06,1014.0,1,2700.0,Санкт-Петербург,Wildberries,Доставлен
505884,2024-06-18,1017.0,1,1630.0,Екатеринбург,Ozon,Доставлен
510673,2024-10-30,1022.0,1,1570.0,Москва,Wildberries,Возврат
510177,2024-10-16,1017.0,1,1480.0,Новосибирск,Wildberries,Доставлен
509950,2024-10-09,1022.0,1,1500.0,Новосибирск,Wildberries,Возврат
500416,2024-01-15,1018.0,1,860.0,Москва,Wildberries,Доставлен
500021,2024-01-01,1015.0,1,2510.0,Регионы,Wildberries,Доставлен
509678,2024-10-01,1004.0,2,2610.0,Санкт-Петербург,Wildberries,Доставлен
501087,2024-02-07,1001.0,2,1330.0,Санкт-Петербург,Wildberries,Доставлен
511628,2024-11-19,1015.0,1,2460.0,Регионы,Ozon,Доставлен
512327,2024-12-02,1022.0,1,1610.0,Регионы,Wildberries,Возврат
502679,2024-03-18,1005.0,1,2420.0,Санкт-Петербург,Wildberries,Доставлен
504206,2024-04-26,1007.0,1,1110.0,Регионы,Ozon,Доставлен
509082,2024-09-16,1002.0,1,3680.0,Екатеринбург,Ozon,Доставлен
503882,2024-04-17,1001.0,1,1380.0,Москва,Wildberries,Доставлен
513975,2024-12-29,1016.0,2,2760.0,Санкт-Петербург,Ozon,Доставлен
513072,2024-12-14,1018.0,1,830.0,Санкт-Петербург,Wildberries,Доставлен
512748,2024-12-09,1017.0,1,1420.0,Москва,Wildberries,Доставлен
513024,2024-12-13,1022.0,1,1400.0,Москва,Wildberries,Доставлен
506515,2024-07-08,1017.0,2,1730.0,Санкт-Петербург,Wildberries,Доставлен
507789,2024-08-14,1011.0,1,3300.0,Санкт-Петербург,Wildberries,Доставлен
501612,2024-02-22,1014.0,1,2360.0,Москва,Wildberries,Доставлен
514071,2024-12-30,1026.0,1,2230.0,Москва,Wildberries,Доставлен
501871,2024-03-01,1019.0,1,2070.0,Санкт-Петербург,Ozon,Возврат
506649,2024-07-12,1018.0,2,830.0,Санкт-Петербург,Ozon,Доставлен
508179,2024-08-24,1017.0,1,1740.0,Москва,Wildberries,Доставлен
513672,2024-12-24,1019.0,1,2460.0,Екатеринбург,Ozon,Доставлен
508322,2024-08-27,1021.0,1,1600.0,Екатеринбург,Wildberries,Возврат
505339,2024-06-01,1017.0,1,1560.0,Санкт-Петербург,Wildberries,Доставлен
503931,2024-04-18,1018.0,1,860.0,Екатеринбург,Wildberries,Доставлен
509911,2024-10-08,1013.0,3,2520.0,Екатеринбург,Wildberries,Отменён
505741,2024-06-14,1023.0,1,1040.0,Екатеринбург,Wildberries,Отменён
504022,2024-04-20,1022.0,1,1570.0,Новосибирск,Ozon,Доставлен
509698,2024-10-01,1016.0,1,2220.0,Регионы,Ozon,Доставлен
504232,2024-04-26,1024.0,1,3680.0,Москва,Ozon,Доставлен
509502,2024-09-26,1020.0,1,1390.0,Москва,Wildberries,Доставлен
503613,2024-04-09,1018.0,1,740.0,Регионы,Wildberries,Доставлен
509197,2024-09-19,1009.0,1,1850.0,Санкт-Петербург,Wildberries,Доставлен
510793,2024-11-02,1010.0,1,1360.0,Москва,Ozon,Доставлен
513556,2024-12-22,1018.0,1,750.0,Санкт-Петербург,Wildberries,Доставлен
512194,2024-11-30,1019.0,1,2190.0,Москва,Wildberries,Возврат
501772,2024-02-27,1015.0,1,2510.0,Регионы,Wildberries,Доставлен
506221,2024-06-29,1008.0,1,4150.0,Новосибирск,Wildberries,Доставлен
510068,2024-10-13,1012.0,1,3330.0,Новосибирск,Wildberries,Доставлен
511615,2024-11-19,1010.0,1,1160.0,Москва,Wildberries,Доставлен
504254,2024-04-27,1013.0,1,2420.0,Регионы,Wildberries,Доставлен
503550,2024-04-07,1020.0,1,1430.0,Санкт-Петербург,Wildberries,Доставлен
511777,2024-11-22,1008.0,1,4720.0,Санкт-Петербург,Ozon,Доставлен
505934,2024-06-19,1023.0,1,930.0,Регионы,Wildberries,Доставлен
508848,2024-09-09,1025.0,1,2850.0,Москва,Ozon,Доставлен
513038,2024-12-14,1004.0,1,2420.0,Регионы,Ozon,Доставлен
506923,2024-07-21,1013.0,1,2340.0,Санкт-Петербург,Wildberries,Доставлен
500365,2024-01-13,1014.0,2,2230.0,Регионы,Ozon,Возврат
509469,2024-09-25,1024.0,1,3440.0,Санкт-Петербург,Wildberries,Доставлен
500730,2024-01-26,1018.0,1,780.0,Новосибирск,Wildberries,Доставлен
505538,2024-06-08,1008.0,2,4140.0,Регионы,Ozon,Доставлен
512187,2024-11-30,1017.0,2,1590.0,Новосибирск,Wildberries,Доставлен
508540,2024-09-02,1019.0,1,2070.0,Санкт-Петербург,Wildberries,Доставлен
507885,2024-08-16,1020.0,1,1310.0,Москва,Ozon,Доставлен
509370,2024-09-23,1013.0,1,2560.0,Москва,Wildberries,Доставлен
504464,2024-05-03,1017.0,1,1510.0,Регионы,Ozon,Доставлен
513326,2024-12-18,1015.0,1,2310.0,Новосибирск,Wildberries,Доставлен
510828,2024-11-03,1005.0,1,2350.0,Санкт-Петербург,Wildberries,Отменён
505218,2024-05-28,1018.0,1,690.0,Регионы,Ozon,Доставлен
503312,2024-03-31,1007.0,1,1050.0,Регионы,Ozon,Доставлен
510760,2024-11-01,1018.0,1,850.0,Екатеринбург,Ozon,Доставлен
501345,2024-02-14,1007.0,1,1270.0,Екатеринбург,Ozon,Доставлен
511233,2024-11-12,1005.0,1,2320.0,Москва,Wildberries,Возврат
506871,2024-07-19,1020.0,2,1440.0,Москва,Wildberries,Доставлен
508374,2024-08-29,1009.0,1,1850.0,Москва,Wildberries,Доставлен
500542,2024-01-19,1019.0,2,2130.0,Москва,Wildberries,Доставлен
507757,2024-08-13,1015.0,1,2520.0,Москва,Ozon,Доставлен
503657,2024-04-10,1026.0,1,2320.0,Москва,Ozon,Доставлен
508380,2024-08-29,1016.0,1,2450.0,Москва,Wildberries,Доставлен
506177,2024-06-27,1025.0,2,2770.0,Москва,Ozon,Доставлен
501684,2024-02-24,1014.0,1,2180.0,Регионы,Wildberries,Доставлен
500382,2024-01-14,1004.0,2,2410.0,Регионы,Ozon,Доставлен
511357,2024-11-14,1005.0,1,2340.0,Регионы,Ozon,Возврат
509543,2024-09-27,1023.0,2,1040.0,Москва,Ozon,Доставлен
510796,2024-11-02,1012.0,1,3280.0,Регионы,Wildberries,Доставлен
500512,2024-01-18,1024.0,1,3760.0,Москва,Ozon,Возврат
512632,2024-12-07,1025.0,1,2670.0,Новосибирск,Ozon,Доставлен
503144,2024-03-27,1025.0,1,2640.0,Регионы,Wildberries,Отменён
504896,2024-05-17,1026.0,1,2270.0,Санкт-Петербург,Ozon,Доставлен
504878,2024-05-17,1013.0,1,2430.0,Москва,Wildberries,Возврат
504775,2024-05-13,1007.0,3,1290.0,Регионы,Ozon,Доставлен
507203,2024-07-30,1010.0,1,1140.0,Санкт-Петербург,Ozon,Отменён
514066,2024-12-30,1024.0,1,3480.0,Регионы,Ozon,Доставлен
502926,2024-03-23,1018.0,1,730.0,Регионы,Ozon,Отменён
505058,2024-05-23,1009.0,1,1620.0,Санкт-Петербург,Ozon,Возврат
513407,2024-12-20,1004.0,1,2570.0,Регионы,Wildberries,Доставлен
510454,2024-10-25,1001.0,1,1130.0,Новосибирск,Wildberries,Доставлен
511805,2024-11-22,1021.0,1,1500.0,Санкт-Петербург,Wildberries,Отменён
500902,2024-02-01,1019.0,1,2470.0,Регионы,Wildberries,Доставлен
509737,2024-10-02,1024.0,2,3040.0,Екатеринбург,Ozon,Возврат
509032,2024-09-14,1023.0,1,980.0,Москва,Ozon,Доставлен
505333,2024-06-01,1010.0,1,1340.0,Регионы,Ozon,Доставлен
500460,2024-01-17,1010.0,1,1250.0,Москва,Wildberries,Возврат
504851,2024-05-16,1012.0,2,2970.0,Регионы,Ozon,Доставлен
506396,2024-07-05,1001.0,1,1230.0,Москва,Wildberries,Доставлен
506364,2024-07-03,1024.0,2,3730.0,Екатеринбург,Wildberries,Доставлен
511631,2024-11-19,1016.0,1,2320.0,Регионы,Wildberries,Доставлен
514080,2024-12-31,1005.0,1,2430.0,Регионы,Wildberries,Доставлен
510981,2024-11-06,1023.0,1,970.0,Москва,Wildberries,Доставлен
510428,2024-10-24,1006.0,1,4230.0,Регионы,Wildberries,Возврат
501512,2024-02-19,1022.0,1,1370.0,Новосибирск,Wildberries,Доставлен
508119,2024-08-23,1001.0,1,1290.0,Санкт-Петербург,Ozon,Доставлен
513885,2024-12-28,1008.0,2,4310.0,Москва,Ozon,Возврат
502563,2024-03-15,1012.0,2,2720.0,Москва,Wildberries,Возврат
510885,2024-11-04,1007.0,1,1170.0,Екатеринбург,Ozon,Доставлен
501464,2024-02-18,1002.0,1,3920.0,Санкт-Петербург,Wildberries,Доставлен
506856,2024-07-19,1007.0,3,1120.0,Санкт-Петербург,Wildberries,Доставлен
508831,2024-09-09,1010.0,1,1340.0,Москва,Wildberries,Доставлен
501242,2024-02-11,1008.0,1,4080.0,Регионы,Wildberries,Доставлен
513098,2024-12-15,1001.0,2,1300.0,Регионы,Ozon,Доставлен
500135,2024-01-05,1008.0,1,4790.0,Регионы,Wildberries,Отменён
504598,2024-05-07,1019.0,1,2490.0,Регионы,Wildberries,Доставлен
511390,2024-11-14,1022.0,1,1370.0,Москва,Ozon,Доставлен
509381,2024-09-23,1019.0,1,2430.0,Регионы,Wildberries,Отменён
502346,2024-03-11,1006.0,1,4230.0,Регионы,Wildberries,Доставлен
509672,2024-09-30,1025.0,2,2780.0,Новосибирск,Wildberries,Доставлен
510617,2024-10-29,1006.0,1,4370.0,Екатеринбург,Wildberries,Доставлен
502355,2024-03-11,1012.0,1,3150.0,Регионы,Wildberries,Доставлен
502435,2024-03-12,1024.0,1,3390.0,Новосибирск,Wildberries,Доставлен
513191,2024-12-16,1013.0,1,2290.0,Регионы,Wildberries,Возврат
501740,2024-02-26,1015.0,1,2460.0,Новосибирск,Ozon,Доставлен
513234,2024-12-17,1008.0,1,5050.0,Москва,Wildberries,Возврат
500267,2024-01-09,1021.0,1,1360.0,Екатеринбург,Wildberries,Отменён
506863,2024-07-19,1016.0,1,2400.0,Санкт-Петербург,Wildberries,Доставлен
513499,2024-12-21,1021.0,1,1520.0,Регионы,Wildberries,Доставлен
505302,2024-05-31,1014.0,1,2330.0,Москва,Wildberries,Доставлен
502534,2024-03-14,1025.0,2,2990.0,Москва,Wildberries,Доставлен
510321,2024-10-20,1017.0,1,1500.0,Екатеринбург,Wildberries,Возврат
511713,2024-11-21,1001.0,1,1290.0,Санкт-Петербург,Wildberries,Возврат
512623,2024-12-07,1022.0,1,1610.0,Екатеринбург,Wildberries,Доставлен
501539,2024-02-20,1015.0,1,2520.0,Санкт-Петербург,Wildberries,Доставлен
511724,2024-11-21,1006.0,1,3730.0,Санкт-Петербург,Wildberries,Доставлен
510076,2024-10-13,1018.0,1,830.0,Москва,Wildberries,Доставлен
500767,2024-01-27,1021.0,1,1460.0,Санкт-Петербург,Wildberries,Доставлен
505855,2024-06-17,1026.0,2,2710.0,Регионы,Wildberries,Доставлен
507444,2024-08-05,1019.0,1,2430.0,Екатеринбург,Ozon,Отменён
504169,2024-04-25,1002.0,2,3850.0,Москва,Wildberries,Доставлен
513476,2024-12-21,1008.0,3,4980.0,Москва,Wildberries,Доставлен
513990,2024-12-29,1023.0,1,960.0,Новосибирск,Wildberries,Доставлен
513573,2024-12-23,1001.0,1,1380.0,Регионы,Wildberries,Доставлен
500729,2024-01-26,1017.0,3,1460.0,Санкт-Петербург,Wildberries,Доставлен
501171,2024-02-09,1006.0,1,4170.0,Санкт-Петербург,Ozon,Возврат
507732,2024-08-12,1023.0,1,1010.0,Регионы,Ozon,Доставлен
507115,2024-07-27,1019.0,1,2110.0,Регионы,Wildberries,Возврат
508988,2024-09-13,1020.0,3,1550.0,Екатеринбург,Wildberries,Доставлен
507729,2024-08-12,1021.0,1,1440.0,Регионы,Wildberries,Доставлен
508280,2024-08-26,1018.0,1,840.0,Регионы,Ozon,Доставлен
511443,2024-11-16,1001.0,2,1150.0,Екатеринбург,Ozon,Доставлен
504505,2024-05-04,1019.0,1,2440.0,Москва,Wildberries,Доставлен
508881,2024-09-10,1025.0,1,2630.0,Регионы,Wildberries,Доставлен
506624,2024-07-12,1001.0,1,1150.0,Регионы,Ozon,Доставлен
509760,2024-10-03,1011.0,1,3210.0,Москва,Ozon,Доставлен
510259,2024-10-18,1022.0,1,1590.0,Екатеринбург,Ozon,Доставлен
510657,2024-10-30,1014.0,1,2270.0,Регионы,Wildberries,Доставлен
502296,2024-03-10,1002.0,1,3510.0,Новосибирск,Wildberries,Доставлен
506090,2024-06-24,1023.0,1,870.0,Регионы,Wildberries,Доставлен
509680,2024-10-01,1004.0,1,2830.0,Екатеринбург,Wildberries,Доставлен
503904,2024-04-17,1024.0,1,3430.0,Санкт-Петербург,Ozon,Доставлен
507209,2024-07-30,1015.0,1,2350.0,Москва,Wildberries,Доставлен
504841,2024-05-16,1004.0,1,2360.0,Регионы,Wildberries,Доставлен
502839,2024-03-22,1001.0,1,1210.0,Регионы,Wildberries,Доставлен
510797,2024-11-02,1013.0,2,2460.0,Регионы,Ozon,Доставлен
510464,2024-10-25,1007.0,1,1150.0,Москва,Wildberries,Доставлен
501377,2024-02-15,1008.0,1,4990.0,Москва,Ozon,Доставлен
501602,2024-02-22,1006.0,1,4170.0,Санкт-Петербург,Wildberries,Доставлен
500193,2024-01-06,1022.0,1,1690.0,Екатеринбург,Wildberries,Доставлен
511102,2024-11-09,1012.0,1,2850.0,Регионы,Ozon,Доставлен
511381,2024-11-14,1017.0,1,1380.0,Москва,Ozon,Возврат
505772,2024-06-15,1017.0,1,1650.0,Регионы,Wildberries,Доставлен
502375,2024-03-11,1022.0,1,1600.0,Москва,Wildberries,Доставлен
505345,2024-06-01,1022.0,1,1590.0,Новосибирск,Wildberries,Доставлен
513738,2024-12-25,1021.0,1,1690.0,Регионы,Wildberries,Доставлен
510328,2024-10-20,1024.0,1,3390.0,Регионы,Wildberries,Доставлен
500071,2024-01-03,1012.0,1,3180.0,Регионы,Ozon,Доставлен
501711,2024-02-25,1019.0,1,1990.0,Санкт-Петербург,Ozon,Доставлен
508340,2024-08-28,1004.0,1,2400.0,Регионы,Ozon,Доставлен
501831,2024-02-29,1015.0,1,2280.0,Регионы,Ozon,Доставлен
501035,2024-02-05,1014.0,1,2650.0,Регионы,Wildberries,Доставлен
503003,2024-03-25,1006.0,1,4410.0,Регионы,Wildberries,Доставлен
503535,2024-04-07,1006.0,1,3910.0,Новосибирск,Ozon,Доставлен
513007,2024-12-13,1014.0,2,2400.0,Санкт-Петербург,Wildberries,Доставлен
500434,2024-01-16,1009.0,2,1930.0,Новосибирск,Wildberries,Доставлен
509234,2024-09-20,1009.0,1,1910.0,Москва,Wildberries,Доставлен
508249,2024-08-26,1003.0,1,2980.0,Екатеринбург,Wildberries,Доставлен
511298,2024-11-13,1008.0,1,4850.0,Санкт-Петербург,Wildberries,Доставлен
505312,2024-05-31,1022.0,1,1710.0,Санкт-Петербург,Ozon,Возврат
506625,2024-07-12,1001.0,2,1220.0,Санкт-Петербург,Wildberries,Доставлен
509288,2024-09-21,1014.0,1,2140.0,Регионы,Ozon,Доставлен
506089,2024-06-24,1023.0,1,1020.0,Екатеринбург,Wildberries,Доставлен
507242,2024-07-31,1017.0,1,1580.0,Екатеринбург,Ozon,Доставлен
508567,2024-09-03,1012.0,1,2770.0,Регионы,Wildberries,Доставлен
502148,2024-03-06,1023.0,1,910.0,Санкт-Петербург,Wildberries,Доставлен
502293,2024-03-10,1001.0,2,1290.0,Регионы,Wildberries,Возврат
512174,2024-11-30,1005.0,1,2420.0,Санкт-Петербург,Ozon,Доставлен
512746,2024-12-09,1016.0,1,2790.0,Новосибирск,Wildberries,Доставлен
505069,2024-05-23,1023.0,3,910.0,Регионы,Wildberries,Доставлен
511961,2024-11-25,1022.0,1,1570.0,Регионы,Wildberries,Доставлен
503606,2024-04-09,1014.0,1,2530.0,Санкт-Петербург,Wildberries,Доставлен
502449,2024-03-13,1003.0,1,3300.0,Москва,Ozon,Возврат
500674,2024-01-24,1013.0,1,2420.0,Санкт-Петербург,Ozon,Доставлен
506822,2024-07-18,1006.0,1,4280.0,Регионы,Wildberries,Доставлен
504474,2024-05-03,1026.0,2,2540.0,Москва,Wildberries,Доставлен
500759,2024-01-27,1014.0,1,2620.0,Регионы,Ozon,Доставлен
500751,2024-01-27,1011.0,1,3540.0,Москва,Wildberries,Доставлен
506503,2024-07-08,1005.0,1,2760.0,Екатеринбург,Ozon,Доставлен
509184,2024-09-18,1025.0,1,3160.0,Санкт-Петербург,Ozon,Доставлен
507213,2024-07-30,1019.0,1,2330.0,Регионы,Ozon,Доставлен
505908,2024-06-19,1003.0,1,3420.0,Москва,Ozon,Доставлен
510825,2024-11-03,1004.0,1,2330.0,Екатеринбург,Wildberries,Доставлен
503674,2024-04-11,1009.0,2,1910.0,Регионы,Wildberries,Доставлен
507703,2024-08-12,1011.0,1,4000.0,Санкт-Петербург,Wildberries,Доставлен
508921,2024-09-11,1024.0,1,3500.0,Регионы,Wildberries,Доставлен
511373,2024-11-14,1011.0,1,3510.0,Регионы,Wildberries,Возврат
506082,2024-06-24,1018.0,3,740.0,Санкт-Петербург,Wildberries,Доставлен
509803,2024-10-05,1001.0,2,1380.0,Регионы,Ozon,Доставлен
502690,2024-03-18,1015.0,2,2440.0,Регионы,Ozon,Доставлен
507548,2024-08-08,1013.0,1,2550.0,Новосибирск,Ozon,Доставлен
504524,2024-05-05,1011.0,1,3800.0,Санкт-Петербург,Wildberries,Доставлен
506374,2024-07-04,1009.0,1,1660.0,Москва,Ozon,Доставлен
503614,2024-04-09,1018.0,1,740.0,Новосибирск,Ozon,Доставлен
511533,2024-11-17,1022.0,2,1700.0,Москва,Wildberries,Доставлен
512974,2024-12-13,1001.0,1,1380.0,Регионы,Wildberries,Доставлен
513056,2024-12-14,1010.0,1,1100.0,Санкт-Петербург,Wildberries,Возврат
511224,2024-11-11,1026.0,1,2230.0,Москва,Ozon,Доставлен
511900,2024-11-24,1009.0,1,1890.0,Екатеринбург,Wildberries,Доставлен
513622,2024-12-23,1022.0,2,1410.0,Регионы,Wildberries,Доставлен
500804,2024-01-29,1006.0,1,3750.0,Москва,Ozon,Доставлен
505145,2024-05-26,1012.0,1,2830.0,Москва,Ozon,Доставлен
507445,2024-08-05,1019.0,1,2470.0,Санкт-Петербург,Ozon,Доставлен
500451,2024-01-16,1026.0,2,2200.0,Москва,Ozon,Доставлен
506562,2024-07-10,1007.0,1,1120.0,Новосибирск,Ozon,Доставлен
510574,2024-10-28,1001.0,1,1360.0,Москва,Ozon,Доставлен
507069,2024-07-26,1011.0,1,3230.0,Санкт-Петербург,Wildberries,Доставлен
500613,2024-01-22,1008.0,1,4480.0,Екатеринбург,Ozon,Доставлен
510335,2024-10-21,1004.0,1,2760.0,Регионы,Wildberries,Доставлен
513117,2024-12-15,1008.0,1,4500.0,Москва,Ozon,Доставлен
511633,2024-11-19,1016.0,1,2310.0,Регионы,Wildberries,Возврат
500547,2024-01-19,1023.0,2,880.0,Екатеринбург,Ozon,Отменён
508000,2024-08-19,1024.0,1,3690.0,Новосибирск,Wildberries,Доставлен
500241,2024-01-08,1020.0,1,1400.0,Москва,Wildberries,Доставлен
512805,2024-12-10,1013.0,2,2620.0,Новосибирск,Wildberries,Доставлен
500937,2024-02-02,1022.0,2,1700.0,Москва,Ozon,Доставлен
509618,2024-09-29,1019.0,1,2460.0,Москва,Wildberries,Возврат
504075,2024-04-22,1010.0,2,1280.0,Регионы,Ozon,Доставлен
510305,2024-10-20,1005.0,1,2340.0,Регионы,Ozon,Доставлен
504480,2024-05-04,1003.0,1,2980.0,Регионы,Ozon,Возврат
502040,2024-03-04,1026.0,2,2200.0,Регионы,Ozon,Доставлен
514044,2024-12-30,1018.0,1,760.0,Регионы,Wildberries,Доставлен
510278,2024-10-19,1011.0,1,3500.0,Екатеринбург,Ozon,Доставлен
509839,2024-10-06,1003.0,1,3460.0,Регионы,Wildberries,Отменён
510219,2024-10-17,1026.0,1,2430.0,Москва,Wildberries,Доставлен
508206,2024-08-25,1004.0,1,2490.0,Москва,Wildberries,Отменён
506066,2024-06-24,1002.0,1,4020.0,Новосибирск,Wildberries,Доставлен
505441,2024-06-04,1021.0,1,1440.0,Москва,Ozon,Отменён
506924,2024-07-21,1013.0,1,2470.0,Москва,Wildberries,Доставлен
500446,2024-01-16,1022.0,1,1510.0,Москва,Wildberries,Отменён
501791,2024-02-28,1001.0,1,1320.0,Москва,Wildberries,Доставлен
504122,2024-04-23,1022.0,1,1510.0,Санкт-Петербург,Wildberries,Доставлен
501738,2024-02-26,1014.0,1,2620.0,Санкт-Петербург,Wildberries,Возврат
509374,2024-09-23,1016.0,1,2740.0,Санкт-Петербург,Wildberries,Возврат
500672,2024-01-24,1013.0,1,2320.0,Регионы,Ozon,Доставлен
506806,2024-07-17,1018.0,1,780.0,Москва,Wildberries,Возврат
504204,2024-04-26,1005.0,1,2810.0,Регионы,Ozon,Доставлен
509859,2024-10-06,1022.0,1,1400.0,Екатеринбург,Wildberries,Доставлен
501892,2024-03-01,1026.0,1,2640.0,Санкт-Петербург,Wildberries,Доставлен
505241,2024-05-29,1014.0,1,2650.0,Санкт-Петербург,Ozon,Возврат
504949,2024-05-19,1019.0,2,2190.0,Регионы,Ozon,Доставлен
504542,2024-05-05,1025.0,1,2710.0,Москва,Wildberries,Отменён
511068,2024-11-08,1021.0,1,1550.0,Регионы,Wildberries,Доставлен
501998,2024-03-04,1003.0,1,3630.0,Москва,Wildberries,Доставлен
512402,2024-12-04,1004.0,1,2750.0,Санкт-Петербург,Ozon,Доставлен
511092,2024-11-09,1009.0,2,1700.0,Москва,Ozon,Доставлен
513593,2024-12-23,1010.0,3,1230.0,Санкт-Петербург,Ozon,Доставлен
509579,2024-09-28,1021.0,1,1430.0,Москва,Wildberries,Доставлен
508397,2024-08-29,1023.0,2,1050.0,Москва,Ozon,Доставлен
500447,2024-01-16,1024.0,1,3090.0,Регионы,Wildberries,Доставлен
508123,2024-08-23,1003.0,1,3560.0,Москва,Wildberries,Доставлен
509039,2024-09-15,1002.0,1,3710.0,Санкт-Петербург,Wildberries,Доставлен
504991,2024-05-20,1026.0,1,2570.0,Новосибирск,Wildberries,Доставлен
510802,2024-11-02,1015.0,1,2330.0,Москва,Ozon,Доставлен
502949,2024-03-24,1003.0,2,3390.0,Санкт-Петербург,Wildberries,Доставлен
509655,2024-09-30,1017.0,2,1670.0,Москва,Wildberries,Доставлен
502265,2024-03-09,1006.0,2,3920.0,Регионы,Wildberries,Отменён
512023,2024-11-27,1008.0,2,5040.0,Регионы,Wildberries,Отменён
500478,2024-01-17,1026.0,1,2150.0,Санкт-Петербург,Ozon,Доставлен
510477,2024-10-25,1024.0,1,3520.0,Москва,Ozon,Возврат
509933,2024-10-08,1026.0,2,2360.0,Москва,Wildberries,Доставлен
500530,2024-01-19,1013.0,1,2430.0,Москва,Wildberries,Доставлен
508159,2024-08-24,1004.0,1,2500.0,Регионы,Ozon,Доставлен
504763,2024-05-12,1025.0,1,2670.0,Санкт-Петербург,Ozon,Доставлен
508381,2024-08-29,1017.0,2,1440.0,Москва,Wildberries,Доставлен
503382,2024-04-01,1020.0,2,1310.0,Регионы,Ozon,Доставлен
513541,2024-12-22,1012.0,1,3250.0,Екатеринбург,Ozon,Доставлен
508305,2024-08-27,1011.0,1,3220.0,Москва,Wildberries,Доставлен
506186,2024-06-28,1006.0,1,3980.0,Регионы,Wildberries,Доставлен
504894,2024-05-17,1024.0,1,3750.0,Москва,Wildberries,Доставлен
501266,2024-02-11,1026.0,1,2240.0,Москва,Wildberries,Доставлен
505747,2024-06-15,1003.0,1,2980.0,Регионы,Ozon,Возврат
512870,2024-12-11,1010.0,1,1090.0,Екатеринбург,Wildberries,Доставлен
500666,2024-01-24,1008.0,1,4700.0,Санкт-Петербург,Wildberries,Доставлен
504340,2024-04-29,1024.0,3,3410.0,Москва,Wildberries,Доставлен
506675,2024-07-13,1018.0,1,760.0,Екатеринбург,Ozon,Доставлен
509789,2024-10-04,1012.0,1,2680.0,Санкт-Петербург,Wildberries,Доставлен
512097,2024-11-28,1023.0,2,1000.0,Санкт-Петербург,Wildberries,Доставлен
507776,2024-08-13,1024.0,1,3090.0,Екатеринбург,Wildberries,Возврат
511352,2024-11-14,1003.0,1,3730.0,Екатеринбург,Wildberries,Доставлен
505315,2024-05-31,1024.0,1,3690.0,Новосибирск,Ozon,Возврат
511312,2024-11-13,1012.0,1,2820.0,Москва,Wildberries,Доставлен
504857,2024-05-16,1021.0,1,1690.0,Москва,Wildberries,Доставлен
514103,2024-12-31,1014.0,1,2200.0,Регионы,Wildberries,Доставлен
500014,2024-01-01,1009.0,2,1930.0,Регионы,Wildberries,Доставлен
511300,2024-11-13,1008.0,1,4260.0,Москва,Wildberries,Доставлен
512418,2024-12-04,1007.0,1,1320.0,Новосибирск,Wildberries,Доставлен
504148,2024-04-24,1006.0,1,4470.0,Регионы,Wildberries,Доставлен
508287,2024-08-26,1021.0,2,1670.0,Москва,Wildberries,Отменён
507467,2024-08-06,1013.0,1,2490.0,Санкт-Петербург,Wildberries,Возврат
510751,2024-11-01,1014.0,1,2580.0,Регионы,Wildberries,Доставлен
511527,2024-11-17,1021.0,2,1680.0,Санкт-Петербург,Ozon,Доставлен
508837,2024-09-09,1014.0,1,2420.0,Новосибирск,Wildberries,Доставлен
506736,2024-07-15,1020.0,1,1270.0,Регионы,Ozon,Возврат
513413,2024-12-20,1007.0,1,1080.0,Москва,Ozon,Доставлен
509343,2024-09-22,1024.0,1,3300.0,Москва,Wildberries,Доставлен
501709,2024-02-25,1014.0,1,2190.0,Санкт-Петербург,Ozon,Доставлен
503439,2024-04-03,1012.0,1,2760.0,Регионы,Ozon,Отменён
512029,2024-11-27,1010.0,1,1310.0,Регионы,Ozon,Доставлен
501907,2024-03-02,1005.0,1,2800.0,Регионы,Ozon,Доставлен
502776,2024-03-20,1012.0,2,2720.0,Регионы,Ozon,Возврат
510545,2024-10-27,1007.0,1,1130.0,Москва,Wildberries,Доставлен
507042,2024-07-25,1017.0,1,1490.0,Екатеринбург,Wildberries,Доставлен
503754,2024-04-13,1020.0,2,1430.0,Екатеринбург,Wildberries,Доставлен
503018,2024-03-25,1016.0,2,2560.0,Екатеринбург,Wildberries,Доставлен
508410,2024-08-30,1002.0,1,4160.0,Москва,Wildberries,Возврат
513852,2024-12-27,1019.0,1,2040.0,Москва,Wildberries,Доставлен
509372,2024-09-23,1015.0,2,2070.0,Санкт-Петербург,Wildberries,Возврат
503031,2024-03-25,1024.0,1,3190.0,Регионы,Wildberries,Доставлен
503327,2024-03-31,1013.0,1,2660.0,Регионы,Ozon,Доставлен
503720,2024-04-12,1021.0,1,1540.0,Москва,Ozon,Доставлен
511249,2024-11-12,1011.0,1,3600.0,Москва,Ozon,Доставлен
502656,2024-03-17,1022.0,1,1640.0,Регионы,Wildberries,Доставлен
508863,2024-09-10,1014.0,1,2650.0,Новосибирск,Ozon,Доставлен
502453,2024-03-13,1008.0,2,4260.0,Москва,Ozon,Доставлен
510358,2024-10-22,1002.0,1,3760.0,Регионы,Ozon,Доставлен
511429,2024-11-15,1018.0,2,800.0,Екатеринбург,Ozon,Возврат
503563,2024-04-07,1025.0,1,3020.0,Санкт-Петербург,Ozon,Доставлен
509758,2024-10-03,1010.0,1,1140.0,Регионы,Ozon,Доставлен
505317,2024-05-31,1025.0,1,2890.0,Регионы,Wildberries,Доставлен
505101,2024-05-25,1002.0,1,3980.0,Екатеринбург,Wildberries,Доставлен
513797,2024-12-26,1022.0,1,1690.0,Новосибирск,Wildberries,Доставлен
511475,2024-11-16,1016.0,1,2430.0,Регионы,Wildberries,Доставлен
512993,2024-12-13,1010.0,1,1220.0,Екатеринбург,Ozon,Доставлен
508210,2024-08-25,1007.0,2,1090.0,Санкт-Петербург,Ozon,Доставлен
513576,2024-12-23,1003.0,1,3120.0,Москва,Ozon,Доставлен
504707,2024-05-11,1007.0,1,1100.0,Санкт-Петербург,Wildberries,Возврат
509314,2024-09-22,1002.0,1,3500.0,Екатеринбург,Wildberries,Доставлен
512410,2024-12-04,1006.0,1,3680.0,Регионы,Wildberries,Доставлен
512738,2024-12-09,1011.0,1,3570.0,Регионы,Wildberries,Доставлен
502928,2024-03-23,1020.0,1,1520.0,Новосибирск,Wildberries,Доставлен
507137,2024-07-28,1013.0,1,2350.0,Екатеринбург,Wildberries,Доставлен
508463,2024-08-31,1013.0,2,2420.0,Москва,Wildberries,Доставлен
504530,2024-05-05,1016.0,2,2480.0,Москва,Wildberries,Доставлен
513882,2024-12-28,1007.0,3,1210.0,Екатеринбург,Wildberries,Доставлен
511458,2024-11-16,1008.0,1,4970.0,Регионы,Wildberries,Доставлен
513855,2024-12-27,1022.0,1,1730.0,Екатеринбург,Wildberries,Доставлен
504648,2024-05-09,1003.0,1,3600.0,Москва,Ozon,Доставлен
512613,2024-12-07,1016.0,1,2730.0,Регионы,Ozon,Отменён
509192,2024-09-19,1006.0,1,4160.0,Санкт-Петербург,Ozon,Доставлен
513835,2024-12-27,1010.0,1,1340.0,Москва,Wildberries,Возврат
509975,2024-10-10,1018.0,1,770.0,Новосибирск,Wildberries,Доставлен
508293,2024-08-26,1026.0,2,2350.0,Екатеринбург,Ozon,Доставлен
508645,2024-09-05,1001.0,1,1250.0,Екатеринбург,Ozon,Доставлен
505955,2024-06-20,1015.0,1,2140.0,Санкт-Петербург,Wildberries,Доставлен
500341,2024-01-12,1008.0,1,4020.0,Регионы,Wildberries,Доставлен
508251,2024-08-26,1004.0,1,2430.0,Екатеринбург,Wildberries,Доставлен
504024,2024-04-20,1022.0,1,1460.0,Новосибирск,Ozon,Доставлен
501100,2024-02-07,1011.0,1,3620.0,Санкт-Петербург,Wildberries,Отменён
510338,2024-10-21,1009.0,2,1690.0,Москва,Wildberries,Доставлен
510618,2024-10-29,1006.0,1,4110.0,Новосибирск,Wildberries,Доставлен
500313,2024-01-11,1013.0,1,2340.0,Москва,Wildberries,Доставлен
503749,2024-04-13,1017.0,1,1450.0,Москва,Wildberries,Возврат
503758,2024-04-13,1023.0,1,860.0,Новосибирск,Ozon,Доставлен
504453,2024-05-03,1005.0,1,2210.0,Регионы,Ozon,Доставлен
507895,2024-08-17,1007.0,1,1140.0,Регионы,Ozon,Отменён
500052,2024-01-02,1021.0,1,1480.0,Регионы,Ozon,Доставлен
509472,2024-09-25,1025.0,1,2840.0,Екатеринбург,Wildberries,Доставлен
513373,2024-12-19,1015.0,1,2590.0,Регионы,Wildberries,Доставлен
500786,2024-01-28,1012.0,1,3240.0,Регионы,Ozon,Отменён
510597,2024-10-28,1014.0,1,2160.0,Новосибирск,Ozon,Доставлен
511403,2024-11-15,1005.0,1,2290.0,Регионы,Wildberries,Доставлен
500039,2024-01-02,1013.0,1,2220.0,Москва,Wildberries,Доставлен
503992,2024-04-19,1026.0,1,2530.0,Санкт-Петербург,Ozon,Доставлен
506781,2024-07-17,1001.0,1,1220.0,Регионы,Ozon,Доставлен
514034,2024-12-30,1013.0,1,2140.0,Москва,Ozon,Доставлен
505500,2024-06-06,1018.0,1,760.0,Регионы,Wildberries,Доставлен
506428,2024-07-05,1023.0,1,870.0,Санкт-Петербург,Wildberries,Доставлен
508394,2024-08-29,1021.0,1,1570.0,Санкт-Петербург,Wildberries,Доставлен
510353,2024-10-21,1024.0,1,3450.0,Санкт-Петербург,Wildberries,Возврат
500285,2024-01-10,1012.0,1,2700.0,Регионы,Ozon,Доставлен
500997,2024-02-04,1009.0,1,2000.0,Регионы,Wildberries,Доставлен
513215,2024-12-17,1001.0,1,1100.0,Санкт-Петербург,Ozon,Доставлен
506395,2024-07-05,1001.0,1,1250.0,Регионы,Wildberries,Возврат
502133,2024-03-06,1019.0,1,2290.0,Москва,Wildberries,Доставлен
506011,2024-06-22,1012.0,1,3010.0,Москва,Wildberries,Доставлен
508105,2024-08-22,1017.0,1,1370.0,Санкт-Петербург,Wildberries,Доставлен
502658,2024-03-17,1023.0,1,970.0,Екатеринбург,Ozon,Доставлен
509318,2024-09-22,1006.0,1,4110.0,Москва,Wildberries,Доставлен
505219,2024-05-28,1020.0,1,1470.0,Москва,Wildberries,Доставлен
513570,2024-12-23,1001.0,1,1320.0,Санкт-Петербург,Wildberries,Доставлен
505604,2024-06-10,1015.0,1,2060.0,Регионы,Wildberries,Доставлен
504642,2024-05-08,1024.0,2,3160.0,Новосибирск,Ozon,Возврат
513504,2024-12-21,1023.0,1,1050.0,Екатеринбург,Wildberries,Доставлен
503237,2024-03-29,1022.0,1,1370.0,Регионы,Wildberries,Возврат
508873,2024-09-10,1019.0,1,2170.0,Екатеринбург,Ozon,Доставлен
500484,2024-01-18,1008.0,1,4610.0,Санкт-Петербург,Wildberries,Доставлен
502400,2024-03-12,1005.0,1,2260.0,Регионы,Ozon,Доставлен
508177,2024-08-24,1017.0,1,1390.0,Новосибирск,Wildberries,Доставлен
509338,2024-09-22,1021.0,1,1490.0,Санкт-Петербург,Wildberries,Доставлен
509582,2024-09-28,1022.0,1,1520.0,Екатеринбург,Ozon,Возврат
502688,2024-03-18,1014.0,1,2340.0,Екатеринбург,Wildberries,Доставлен
504774,2024-05-13,1005.0,2,2520.0,Регионы,Ozon,Доставлен
511757,2024-11-21,1024.0,1,3400.0,Регионы,Wildberries,Доставлен
500327,2024-01-11,1024.0,2,3370.0,Регионы,Ozon,Доставлен
509989,2024-10-11,1002.0,1,3400.0,Санкт-Петербург,Ozon,Доставлен
506900,2024-07-20,1019.0,2,2120.0,Санкт-Петербург,Ozon,Доставлен
513153,2024-12-15,1023.0,1,1030.0,Екатеринбург,Wildberries,Доставлен
501818,2024-02-29,1004.0,2,2370.0,Санкт-Петербург,Ozon,Доставлен
510350,2024-10-21,1018.0,1,750.0,Регионы,Wildberries,Доставлен
507267,2024-08-01,1007.0,1,1190.0,Регионы,Wildberries,Доставлен
514110,2024-12-31,1019.0,2,2010.0,Москва,Wildberries,Доставлен
502898,2024-03-22,1026.0,1,2300.0,Регионы,Wildberries,Доставлен
504904,2024-05-18,1009.0,1,1930.0,Регионы,Wildberries,Доставлен
508098,2024-08-22,1012.0,1,2800.0,Регионы,Ozon,Возврат
500917,2024-02-02,1005.0,1,2690.0,Регионы,Ozon,Доставлен
508509,2024-09-01,1018.0,1,830.0,Регионы,Ozon,Возврат
503789,2024-04-14,1012.0,1,3360.0,Москва,Ozon,Доставлен
513312,2024-12-18,1010.0,1,1350.0,Москва,Wildberries,Доставлен
512780,2024-12-10,1006.0,1,3730.0,Регионы,Wildberries,Доставлен
502985,2024-03-24,1022.0,1,1400.0,Регионы,Wildberries,Возврат
507469,2024-08-06,1013.0,1,2140.0,Регионы,Ozon,Доставлен
513727,2024-12-25,1016.0,1,2230.0,Санкт-Петербург,Wildberries,Доставлен
511548,2024-11-18,1001.0,2,1370.0,Новосибирск,Ozon,Возврат
501167,2024-02-09,1003.0,1,3710.0,Екатеринбург,Wildberries,Доставлен
507025,2024-07-25,1006.0,1,4480.0,Регионы,Wildberries,Доставлен
513073,2024-12-14,1020.0,1,1350.0,Регионы,Wildberries,Доставлен
513369,2024-12-19,1014.0,1,2210.0,Екатеринбург,Wildberries,Доставлен
502779,2024-03-20,1016.0,2,2210.0,Москва,Ozon,Доставлен
504880,2024-05-17,1014.0,1,2620.0,Екатеринбург,Wildberries,Доставлен
504643,2024-05-08,1024.0,1,3640.0,Екатеринбург,Wildberries,Доставлен
504691,2024-05-10,1017.0,2,1720.0,Екатеринбург,Ozon,Доставлен
511834,2024-11-23,1009.0,1,1860.0,Москва,Wildberries,Доставлен
513663,2024-12-24,1014.0,2,2190.0,Екатеринбург,Ozon,Доставлен
513750,2024-12-26,1002.0,1,3770.0,Регионы,Wildberries,Доставлен
505162,2024-05-26,1023.0,1,1030.0,Москва,Ozon,Возврат
511073,2024-11-08,1023.0,1,1020.0,Екатеринбург,Ozon,Отменён
503224,2024-03-29,1016.0,1,2580.0,Регионы,Wildberries,Отменён
508081,2024-08-21,1026.0,1,2190.0,Екатеринбург,Wildberries,Доставлен
511297,2024-11-13,1008.0,1,4140.0,Санкт-Петербург,Wildberries,Доставлен
507395,2024-08-04,1011.0,1,3900.0,Москва,Ozon,Отменён
514077,2024-12-31,1004.0,1,2830.0,Санкт-Петербург,Wildberries,Доставлен
509886,2024-10-07,1015.0,1,2180.0,Регионы,Ozon,Доставлен
508302,2024-08-27,1007.0,1,1110.0,Регионы,Wildberries,Доставлен
505733,2024-06-14,1013.0,3,2370.0,Регионы,Ozon,Доставлен
510132,2024-10-15,1013.0,2,2310.0,Екатеринбург,Ozon,Доставлен
509379,2024-09-23,1018.0,1,690.0,Москва,Wildberries,Доставлен
501189,2024-02-09,1025.0,1,2890.0,Москва,Wildberries,Возврат
509714,2024-10-02,1004.0,1,2830.0,Санкт-Петербург,Ozon,Возврат
508351,2024-08-28,1011.0,1,3650.0,Санкт-Петербург,Ozon,Доставлен
511906,2024-11-24,1013.0,1,2400.0,Москва,Wildberries,Доставлен
503954,2024-04-19,1006.0,1,3900.0,Санкт-Петербург,Ozon,Доставлен
501516,2024-02-19,1023.0,1,950.0,Екатеринбург,Wildberries,Доставлен
500758,2024-01-27,1014.0,1,2200.0,Регионы,Wildberries,Доставлен
507468,2024-08-06,1013.0,1,2140.0,Регионы,Ozon,Возврат
506531,2024-07-09,1006.0,2,3690.0,Екатеринбург,Wildberries,Доставлен
501708,2024-02-25,1014.0,1,2260.0,Екатеринбург,Wildberries,Доставлен
506411,2024-07-05,1009.0,1,1620.0,Регионы,Wildberries,Доставлен
501339,2024-02-14,1002.0,1,3920.0,Санкт-Петербург,Wildberries,Доставлен
506700,2024-07-14,1014.0,1,2240.0,Санкт-Петербург,Wildberries,Доставлен
509045,2024-09-15,1004.0,1,2310.0,Москва,Ozon,Доставлен
509720,2024-10-02,1008.0,1,4670.0,Санкт-Петербург,Wildberries,Доставлен
509652,2024-09-30,1013.0,1,2560.0,Москва,Wildberries,Возврат
508502,2024-09-01,1010.0,1,1230.0,Регионы,Wildberries,Доставлен
511372,2024-11-14,1011.0,1,3670.0,Санкт-Петербург,Ozon,Возврат
506094,2024-06-24,1026.0,1,2240.0,Регионы,Ozon,Доставлен
504528,2024-05-05,1015.0,1,2470.0,Регионы,Ozon,Доставлен
513069,2024-12-14,1017.0,1,1740.0,Регионы,Ozon,Доставлен
508563,2024-09-03,1007.0,2,1280.0,Регионы,Wildberries,Доставлен
503479,2024-04-04,1026.0,1,2150.0,Регионы,Wildberries,Доставлен
510023,2024-10-11,1024.0,1,3380.0,Регионы,Ozon,Доставлен
510982,2024-11-06,1024.0,2,3640.0,Санкт-Петербург,Wildberries,Доставлен
507688,2024-08-12,1002.0,1,3780.0,Санкт-Петербург,Wildberries,Доставлен
501055,2024-02-06,1002.0,1,3880.0,Регионы,Ozon,Доставлен
511843,2024-11-23,1012.0,1,2910.0,Москва,Wildberries,Отменён
511732,2024-11-21,1010.0,1,1130.0,Санкт-Петербург,Wildberries,Доставлен
504477,2024-05-04,1002.0,1,3430.0,Новосибирск,Wildberries,Доставлен
510065,2024-10-13,1010.0,1,1280.0,Москва,Wildberries,Доставлен
503045,2024-03-26,1001.0,1,1150.0,Екатеринбург,Wildberries,Отменён
511375,2024-11-14,1013.0,1,2370.0,Москва,Wildberries,Доставлен
506146,2024-06-26,1021.0,1,1550.0,Москва,Ozon,Доставлен
510346,2024-10-21,1014.0,1,2570.0,Екатеринбург,Ozon,Доставлен
508071,2024-08-21,1022.0,1,1510.0,Москва,Ozon,Доставлен
506295,2024-07-01,1021.0,2,1420.0,Москва,Wildberries,Доставлен
509096,2024-09-16,1010.0,1,1210.0,Регионы,Ozon,Доставлен
509600,2024-09-29,1006.0,2,3950.0,Регионы,Ozon,Доставлен
502234,2024-03-08,1019.0,1,1990.0,Регионы,Wildberries,Доставлен
513781,2024-12-26,1017.0,2,1600.0,Новосибирск,Wildberries,Доставлен
510736,2024-11-01,1007.0,1,1260.0,Москва,Wildberries,Доставлен
513487,2024-12-21,1014.0,1,2690.0,Регионы,Ozon,Доставлен
511159,2024-11-10,1016.0,1,2510.0,Санкт-Петербург,Ozon,Доставлен
503864,2024-04-16,1016.0,1,2730.0,Регионы,Wildberries,Доставлен
500178,2024-01-06,1007.0,1,1190.0,Санкт-Петербург,Wildberries,Доставлен
507214,2024-07-30,1020.0,2,1260.0,Екатеринбург,Ozon,Доставлен
507104,2024-07-27,1012.0,1,3160.0,Регионы,Wildberries,Доставлен
505380,2024-06-02,1020.0,1,1520.0,Екатеринбург,Ozon,Доставлен
513000,2024-12-13,1010.0,1,1310.0,Санкт-Петербург,Wildberries,Доставлен
504798,2024-05-14,1002.0,1,3590.0,Москва,Wildberries,Доставлен
505403,2024-06-03,1021.0,1,1480.0,Санкт-Петербург,Wildberries,Доставлен
510951,2024-11-06,1003.0,1,3700.0,Москва,Ozon,Доставлен
507756,2024-08-13,1015.0,1,2340.0,Москва,Wildberries,Доставлен
508121,2024-08-23,1002.0,1,3880.0,Санкт-Петербург,Wildberries,Доставлен
513630,2024-12-23,1025.0,1,2920.0,Новосибирск,Wildberries,Доставлен
513693,2024-12-25,1001.0,2,1190.0,Новосибирск,Wildberries,Доставлен
505198,2024-05-28,1002.0,1,4170.0,Москва,Wildberries,Доставлен
500181,2024-01-06,1009.0,1,1680.0,Москва,Wildberries,Доставлен
513101,2024-12-15,1002.0,1,3800.0,Москва,Ozon,Доставлен
502015,2024-03-04,1016.0,2,2260.0,Москва,Ozon,Возврат
511530,2024-11-17,1021.0,1,1470.0,Санкт-Петербург,Ozon,Доставлен
512921,2024-12-12,1002.0,1,4000.0,Екатеринбург,Ozon,Возврат
507159,2024-07-29,1001.0,1,1110.0,Санкт-Петербург,Wildberries,Доставлен
514083,2024-12-31,1006.0,1,3610.0,Екатеринбург,Wildberries,Возврат
502466,2024-03-13,1015.0,1,2370.0,Москва,Ozon,Доставлен
510413,2024-10-23,1025.0,2,2970.0,Санкт-Петербург,Wildberries,Доставлен
502783,2024-03-20,1021.0,2,1420.0,Москва,Wildberries,Доставлен
513182,2024-12-16,1011.0,2,3280.0,Москва,Wildberries,Доставлен
508430,2024-08-30,1017.0,1,1400.0,Санкт-Петербург,Ozon,Доставлен
511084,2024-11-09,1003.0,1,3320.0,Москва,Wildberries,Доставлен
505811,2024-06-16,1021.0,1,1720.0,Регионы,Wildberries,Доставлен
501012,2024-02-04,1016.0,1,2390.0,Новосибирск,Wildberries,Доставлен
509316,2024-09-22,1006.0,2,4580.0,Санкт-Петербург,Ozon,Доставлен
505100,2024-05-24,1025.0,1,2590.0,Москва,Wildberries,Возврат
510989,2024-11-07,1002.0,1,3320.0,Регионы,Wildberries,Доставлен
513572,2024-12-23,1001.0,1,1230.0,Санкт-Петербург,Wildberries,Доставлен
502681,2024-03-18,1005.0,1,2310.0,Санкт-Петербург,Wildberries,Доставлен
511299,2024-11-13,1008.0,1,4630.0,Регионы,Wildberries,Возврат
504658,2024-05-09,1014.0,1,2660.0,Регионы,Ozon,Доставлен
505545,2024-06-08,1013.0,1,2200.0,Регионы,Ozon,Доставлен
505694,2024-06-13,1007.0,1,1160.0,Санкт-Петербург,Ozon,Доставлен
504827,2024-05-15,1020.0,1,1600.0,Новосибирск,Wildberries,Доставлен
504179,2024-04-25,1011.0,2,3590.0,Москва,Wildberries,Доставлен
513211,2024-12-16,1026.0,2,2510.0,Москва,Wildberries,Доставлен
511674,2024-11-20,1008.0,1,4840.0,Регионы,Wildberries,Доставлен
501133,2024-02-08,1009.0,1,1690.0,Новосибирск,Ozon,Доставлен
509222,2024-09-20,1002.0,1,3910.0,Санкт-Петербург,Wildberries,Доставлен
509069,2024-09-15,1021.0,1,1690.0,Санкт-Петербург,Ozon,Доставлен
509810,2024-10-05,1007.0,1,1040.0,Москва,Ozon,Доставлен
509719,2024-10-02,1008.0,1,4220.0,Москва,Wildberries,Доставлен
503363,2024-04-01,1007.0,2,1260.0,Екатеринбург,Wildberries,Доставлен
513481,2024-12-21,1011.0,1,3270.0,Екатеринбург,Wildberries,Возврат
504936,2024-05-19,1008.0,2,4080.0,Регионы,Wildberries,Доставлен
509402,2024-09-24,1005.0,1,2650.0,Новосибирск,Ozon,Доставлен
507420,2024-08-04,1025.0,1,2810.0,Санкт-Петербург,Wildberries,Возврат
510140,2024-10-15,1017.0,1,1680.0,Регионы,Wildberries,Доставлен
508749,2024-09-07,1012.0,1,2700.0,Санкт-Петербург,Ozon,Доставлен
511505,2024-11-17,1008.0,1,4760.0,Москва,Wildberries,Доставлен
512430,2024-12-04,1013.0,1,2430.0,Екатеринбург,Ozon,Доставлен
506672,2024-07-13,1015.0,1,2360.0,Санкт-Петербург,Wildberries,Доставлен
511432,2024-11-15,1020.0,1,1490.0,Регионы,Wildberries,Возврат
505225,2024-05-28,1025.0,2,2720.0,Москва,Wildberries,Доставлен
500084,2024-01-03,1022.0,1,1440.0,Москва,Ozon,Доставлен
512751,2024-12-09,1018.0,1,840.0,Новосибирск,Ozon,Возврат
502155,2024-03-06,1025.0,1,2590.0,Москва,Ozon,Доставлен
501992,2024-03-03,1026.0,1,2170.0,Санкт-Петербург,Wildberries,Доставлен
502110,2024-03-06,1009.0,2,1640.0,Москва,Wildberries,Доставлен
501893,2024-03-01,1026.0,1,2680.0,Санкт-Петербург,Wildberries,Доставлен
503835,2024-04-15,1019.0,1,2500.0,Москва,Ozon,Доставлен
501995,2024-03-04,1001.0,3,1100.0,Регионы,Wildberries,Доставлен
505692,2024-06-13,1005.0,1,2810.0,Екатеринбург,Wildberries,Доставлен
503262,2024-03-30,1006.0,1,4340.0,Регионы,Wildberries,Доставлен
503778,2024-04-14,1006.0,1,4270.0,Регионы,Ozon,Доставлен
509781,2024-10-04,1007.0,1,1140.0,Санкт-Петербург,Ozon,Доставлен
509301,2024-09-21,1021.0,1,1590.0,Санкт-Петербург,Ozon,Отменён
505573,2024-06-09,1010.0,1,1300.0,Новосибирск,Wildberries,Возврат
502749,2024-03-19,1024.0,1,3630.0,Новосибирск,Wildberries,Доставлен
513939,2024-12-28,1026.0,1,2570.0,Москва,Wildberries,Отменён
511816,2024-11-22,1026.0,1,2730.0,Санкт-Петербург,Ozon,Доставлен
511184,2024-11-11,1002.0,1,3530.0,Регионы,Ozon,Доставлен
505452,2024-06-05,1005.0,1,2330.0,Москва,Ozon,Доставлен
510772,2024-11-02,1001.0,1,1230.0,Москва,Ozon,Доставлен
502080,2024-03-05,1017.0,1,1610.0,Екатеринбург,Wildberries,Доставлен
502393,2024-03-12,1001.0,1,1310.0,Новосибирск,Ozon,Доставлен
508313,2024-08-27,1019.0,2,2220.0,Новосибирск,Ozon,Доставлен
511034,2024-11-08,1002.0,1,3470.0,Регионы,Wildberries,Доставлен
511885,2024-11-24,1006.0,2,4030.0,Екатеринбург,Wildberries,Отменён
500132,2024-01-05,1008.0,1,4290.0,Екатеринбург,Wildberries,Возврат
504186,2024-04-25,1019.0,1,2450.0,Регионы,Wildberries,Доставлен
504942,2024-05-19,1015.0,1,2430.0,Санкт-Петербург,Wildberries,Доставлен
501547,2024-02-20,1024.0,1,3250.0,Санкт-Петербург,Ozon,Отменён
503174,2024-03-28,1015.0,1,2460.0,Москва,Ozon,Отменён
510158,2024-10-16,1003.0,1,3710.0,Москва,Ozon,Доставлен
501365,2024-02-15,1001.0,1,1390.0,Екатеринбург,Wildberries,Отменён
512170,2024-11-30,1002.0,1,3660.0,Екатеринбург,Ozon,Доставлен
505133,2024-05-26,1001.0,1,1140.0,Москва,Wildberries,Доставлен
510266,2024-10-19,1003.0,1,3530.0,Регионы,Wildberries,Доставлен
509900,2024-10-08,1001.0,3,1280.0,Новосибирск,Wildberries,Возврат
502224,2024-03-08,1010.0,1,1220.0,Москва,Wildberries,Возврат
500742,2024-01-27,1005.0,1,2410.0,Регионы,Wildberries,Возврат
511856,2024-11-23,1018.0,1,840.0,Санкт-Петербург,Wildberries,Доставлен
508057,2024-08-21,1015.0,2,2300.0,Регионы,Wildberries,Доставлен
508690,2024-09-05,1026.0,1,2330.0,Москва,Wildberries,Доставлен
511012,2024-11-07,1015.0,1,2400.0,Москва,Ozon,Доставлен
510369,2024-10-22,1012.0,1,3000.0,Новосибирск,Ozon,Доставлен
507487,2024-08-07,1002.0,1,3410.0,Санкт-Петербург,Wildberries,Доставлен
502271,2024-03-09,1012.0,1,2960.0,Регионы,Wildberries,Доставлен
512590,2024-12-07,1008.0,1,4450.0,Москва,Wildberries,Доставлен
505531,2024-06-08,1001.0,1,1390.0,Санкт-Петербург,Wildberries,Доставлен
512626,2024-12-07,1023.0,1,950.0,Москва,Wildberries,Доставлен
508991,2024-09-13,1021.0,1,1670.0,Регионы,Wildberries,Доставлен
500982,2024-02-04,1003.0,1,3550.0,Регионы,Wildberries,Доставлен
507052,2024-07-25,1025.0,1,2930.0,Регионы,Ozon,Доставлен
507134,2024-07-28,1010.0,1,1280.0,Новосибирск,Wildberries,Доставлен
508137,2024-08-23,1012.0,1,3300.0,Санкт-Петербург,Ozon,Доставлен
513546,2024-12-22,1013.0,1,2490.0,Санкт-Петербург,Ozon,Доставлен
500041,2024-01-02,1016.0,1,2530.0,Екатеринбург,Ozon,Доставлен
511499,2024-11-17,1003.0,1,3280.0,Регионы,Wildberries,Отменён
514039,2024-12-30,1015.0,1,2180.0,Москва,Wildberries,Возврат
503516,2024-04-06,1020.0,1,1440.0,Санкт-Петербург,Ozon,Доставлен
500649,2024-01-23,1014.0,1,2460.0,Екатеринбург,Ozon,Отменён
510955,2024-11-06,1005.0,2,2420.0,Новосибирск,Wildberries,Доставлен
511597,2024-11-18,1026.0,1,2320.0,Москва,Wildberries,Доставлен
506615,2024-07-11,1022.0,1,1600.0,Санкт-Петербург,Wildberries,Отменён
514078,2024-12-31,1004.0,1,2440.0,Санкт-Петербург,Ozon,Доставлен
500457,2024-01-17,1008.0,2,4360.0,Москва,Wildberries,Возврат
508111,2024-08-22,1023.0,2,940.0,Санкт-Петербург,Ozon,Доставлен
513368,2024-12-19,1013.0,1,2550.0,Екатеринбург,Ozon,Доставлен
502685,2024-03-18,1012.0,1,2900.0,Регионы,Wildberries,Доставлен
502918,2024-03-23,1012.0,1,3290.0,Екатеринбург,Wildberries,Доставлен
502326,2024-03-10,1023.0,1,950.0,Москва,Wildberries,Доставлен
512103,2024-11-28,1026.0,3,2440.0,Москва,Ozon,Доставлен
506441,2024-07-06,1013.0,2,2350.0,Регионы,Wildberries,Доставлен
509249,2024-09-20,1017.0,1,1400.0,Регионы,Ozon,Доставлен
500441,2024-01-16,1018.0,1,850.0,Санкт-Петербург,Wildberries,Доставлен
506153,2024-06-26,1025.0,1,3170.0,Регионы,Wildberries,Доставлен
513288,2024-12-18,1002.0,1,3430.0,Москва,Wildberries,Доставлен
500099,2024-01-04,1004.0,1,2440.0,Санкт-Петербург,Ozon,Доставлен
503360,2024-04-01,1005.0,3,2370.0,Регионы,Wildberries,Доставлен
508929,2024-09-12,1005.0,2,2300.0,Новосибирск,Ozon,Доставлен
503735,2024-04-13,1005.0,1,2350.0,Санкт-Петербург,Ozon,Возврат
513577,2024-12-23,1003.0,1,3050.0,Регионы,Wildberries,Доставлен
508762,2024-09-07,1019.0,1,2090.0,Регионы,Wildberries,Доставлен
510002,2024-10-11,1009.0,2,2010.0,Новосибирск,Ozon,Доставлен
504304,2024-04-28,1025.0,1,2880.0,Новосибирск,Wildberries,Доставлен
510055,2024-10-13,1001.0,1,1300.0,Москва,Wildberries,Доставлен
505905,2024-06-19,1001.0,2,1220.0,Москва,Wildberries,Доставлен
506483,2024-07-07,1015.0,1,2160.0,Екатеринбург,Wildberries,Доставлен
501442,2024-02-17,1012.0,1,3250.0,Новосибирск,Ozon,Доставлен
502417,2024-03-12,1017.0,1,1440.0,Санкт-Петербург,Wildberries,Доставлен
508671,2024-09-05,1015.0,1,2470.0,Москва,Ozon,Доставлен
500890,2024-02-01,1009.0,1,1980.0,Новосибирск,Wildberries,Доставлен
500744,2024-01-27,1006.0,1,3910.0,Екатеринбург,Wildberries,Доставлен
507372,2024-08-03,1020.0,1,1370.0,Москва,Ozon,Доставлен
511470,2024-11-16,1011.0,1,3440.0,Москва,Wildberries,Доставлен
503481,2024-04-05,1001.0,1,1390.0,Санкт-Петербург,Ozon,Доставлен
503017,2024-03-25,1016.0,1,2490.0,Санкт-Петербург,Ozon,Доставлен
505554,2024-06-08,1022.0,1,1510.0,Регионы,Wildberries,Возврат
503485,2024-04-05,1009.0,1,1760.0,Санкт-Петербург,Wildberries,Возврат
505578,2024-06-09,1015.0,1,2440.0,Регионы,Wildberries,Доставлен
512503,2024-12-05,1017.0,2,1420.0,Екатеринбург,Ozon,Доставлен
503054,2024-03-26,1005.0,3,2270.0,Екатеринбург,Wildberries,Доставлен
506926,2024-07-21,1015.0,1,2560.0,Регионы,Wildberries,Возврат
508950,2024-09-12,1018.0,1,870.0,Регионы,Ozon,Доставлен
512696,2024-12-08,1020.0,1,1400.0,Регионы,Wildberries,Доставлен
509862,2024-10-06,1024.0,1,3400.0,Москва,Ozon,Доставлен
512980,2024-12-13,1003.0,1,3540.0,Регионы,Wildberries,Доставлен
500194,2024-01-06,1023.0,2,920.0,Екатеринбург,Wildberries,Доставлен
511481,2024-11-16,1018.0,1,840.0,Новосибирск,Wildberries,Доставлен
503115,2024-03-27,1010.0,1,1110.0,Москва,Ozon,Возврат
505205,2024-05-28,1008.0,1,4540.0,Регионы,Wildberries,Доставлен
504249,2024-04-27,1011.0,1,3570.0,Регионы,Ozon,Доставлен
512884,2024-12-11,1016.0,1,2610.0,Санкт-Петербург,Wildberries,Доставлен
508288,2024-08-26,1021.0,1,1560.0,Екатеринбург,Ozon,Доставлен
504499,2024-05-04,1014.0,1,2150.0,Санкт-Петербург,Ozon,Отменён
508253,2024-08-26,1004.0,1,2720.0,Регионы,Wildberries,Доставлен
508723,2024-09-06,1023.0,2,1060.0,Регионы,Wildberries,Отменён
511550,2024-11-18,1002.0,1,3910.0,Регионы,Ozon,Доставлен
506495,2024-07-07,1022.0,1,1540.0,Санкт-Петербург,Ozon,Возврат
505186,2024-05-27,1016.0,2,2310.0,Регионы,Wildberries,Возврат
509491,2024-09-26,1013.0,1,2600.0,Москва,Wildberries,Доставлен
509277,2024-09-21,1007.0,2,1200.0,Регионы,Wildberries,Доставлен
507062,2024-07-26,1008.0,1,4400.0,Москва,Ozon,Доставлен
510174,2024-10-16,1016.0,1,2770.0,Санкт-Петербург,Wildberries,Доставлен
510798,2024-11-02,1013.0,1,2080.0,Москва,Wildberries,Доставлен
501655,2024-02-23,1022.0,1,1450.0,Новосибирск,Wildberries,Доставлен
506276,2024-07-01,1008.0,1,4980.0,Регионы,Wildberries,Возврат
503505,2024-04-06,1006.0,1,4390.0,Регионы,Ozon,Доставлен
505204,2024-05-28,1008.0,1,4630.0,Санкт-Петербург,Ozon,Доставлен
510579,2024-10-28,1004.0,1,2600.0,Регионы,Wildberries,Доставлен
500352,2024-01-12,1025.0,1,3020.0,Регионы,Wildberries,Доставлен
501228,2024-02-11,1001.0,1,1360.0,Москва,Wildberries,Доставлен
508356,2024-08-28,1016.0,1,2200.0,Санкт-Петербург,Ozon,Доставлен
510246,2024-10-18,1016.0,1,2340.0,Санкт-Петербург,Wildberries,Возврат
506793,2024-07-17,1009.0,1,1860.0,Москва,Wildberries,Отменён
511113,2024-11-09,1018.0,1,740.0,Санкт-Петербург,Wildberries,Доставлен
505371,2024-06-02,1014.0,1,2590.0,Екатеринбург,Wildberries,Возврат
510309,2024-10-20,1009.0,1,1810.0,Санкт-Петербург,Wildberries,Возврат
513197,2024-12-16,1016.0,1,2340.0,Регионы,Wildberries,Доставлен
512009,2024-11-26,1026.0,1,2590.0,Москва,Ozon,Доставлен
504655,2024-05-09,1013.0,1,2160.0,Москва,Ozon,Доставлен
508619,2024-09-04,1014.0,1,2450.0,Москва,Ozon,Отменён
513984,2024-12-29,1020.0,1,1500.0,Москва,Ozon,Возврат
502902,2024-03-23,1002.0,1,3330.0,Регионы,Ozon,Доставлен
501750,2024-02-26,1026.0,2,2360.0,Москва,Ozon,Доставлен
512024,2024-11-27,1009.0,1,1800.0,Москва,Wildberries,Доставлен
504004,2024-04-20,1008.0,1,4010.0,Москва,Wildberries,Доставлен
503130,2024-03-27,1017.0,1,1710.0,Москва,Ozon,Доставлен
504491,2024-05-04,1012.0,2,3260.0,Москва,Ozon,Доставлен
510342,2024-10-21,1011.0,1,3980.0,Новосибирск,Ozon,Доставлен
507442,2024-08-05,1018.0,1,820.0,Москва,Wildberries,Доставлен
513982,2024-12-29,1020.0,1,1270.0,Регионы,Ozon,Доставлен
510551,2024-10-27,1010.0,2,1150.0,Екатеринбург,Ozon,Доставлен
504193,2024-04-25,1023.0,2,990.0,Москва,Wildberries,Отменён
505550,2024-06-08,1018.0,1,730.0,Санкт-Петербург,Ozon,Доставлен
502001,2024-03-04,1005.0,1,2590.0,Москва,Wildberries,Доставлен
513997,2024-12-29,1026.0,1,2290.0,Москва,Ozon,Доставлен
512550,2024-12-06,1013.0,1,2090.0,Новосибирск,Ozon,Доставлен
506510,2024-07-08,1009.0,1,1780.0,Москва,Wildberries,Отменён
502956,2024-03-24,1006.0,1,3640.0,Санкт-Петербург,Wildberries,Доставлен
511857,2024-11-23,1018.0,1,730.0,Екатеринбург,Ozon,Доставлен
500408,2024-01-15,1006.0,1,4400.0,Регионы,Wildberries,Доставлен
501041,2024-02-05,1015.0,1,2190.0,Санкт-Петербург,Ozon,Доставлен
500083,2024-01-03,1021.0,1,1540.0,Екатеринбург,Wildberries,Доставлен
511049,2024-11-08,1010.0,1,1260.0,Регионы,Ozon,Отменён
510739,2024-11-01,1009.0,1,1900.0,Регионы,Ozon,Доставлен
508777,2024-09-07,1026.0,1,2430.0,Регионы,Ozon,Доставлен
500096,2024-01-04,1001.0,1,1200.0,Регионы,Ozon,Отменён
512384,2024-12-03,1022.0,2,1560.0,Москва,Wildberries,Доставлен
507784,2024-08-14,1005.0,1,2460.0,Санкт-Петербург,Ozon,Возврат
512551,2024-12-06,1015.0,1,2120.0,Новосибирск,Wildberries,Доставлен
504231,2024-04-26,1022.0,1,1740.0,Москва,Wildberries,Отменён
509043,2024-09-15,1004.0,1,2830.0,Москва,Ozon,Доставлен
510969,2024-11-06,1012.0,2,2700.0,Санкт-Петербург,Ozon,Доставлен
503595,2024-04-09,1008.0,1,4020.0,Санкт-Петербург,Wildberries,Доставлен
510843,2024-11-03,1009.0,1,1600.0,Регионы,Wildberries,Доставлен
510313,2024-10-20,1012.0,1,2810.0,Санкт-Петербург,Wildberries,Доставлен
510800,2024-11-02,1015.0,1,2070.0,Москва,Ozon,Доставлен
512113,2024-11-29,1003.0,1,3100.0,Москва,Ozon,Доставлен
504165,2024-04-24,1026.0,1,2580.0,Екатеринбург,Ozon,Доставлен
500585,2024-01-21,1009.0,1,1750.0,Регионы,Ozon,Доставлен
509835,2024-10-06,1001.0,1,1380.0,Новосибирск,Wildberries,Доставлен
507106,2024-07-27,1014.0,1,2490.0,Москва,Wildberries,Доставлен
500688,2024-01-25,1004.0,1,2640.0,Екатеринбург,Wildberries,Доставлен
511652,2024-11-19,1026.0,1,2440.0,Регионы,Wildberries,Возврат
513255,2024-12-17,1014.0,1,2580.0,Санкт-Петербург,Wildberries,Доставлен
500597,2024-01-21,1018.0,1,850.0,Регионы,Ozon,Доставлен
508715,2024-09-06,1020.0,1,1380.0,Новосибирск,Ozon,Доставлен
508922,2024-09-11,1025.0,1,3230.0,Регионы,Wildberries,Доставлен
509445,2024-09-25,1004.0,1,2670.0,Москва,Wildberries,Доставлен
511699,2024-11-20,1020.0,2,1460.0,Новосибирск,Wildberries,Доставлен
501660,2024-02-23,1026.0,1,2710.0,Москва,Wildberries,Возврат
502005,2024-03-04,1009.0,1,1820.0,Санкт-Петербург,Wildberries,Доставлен
508570,2024-09-03,1014.0,1,2730.0,Новосибирск,Ozon,Доставлен
513823,2024-12-27,1007.0,1,1280.0,Москва,Wildberries,Доставлен
504466,2024-05-03,1019.0,1,2490.0,Москва,Ozon,Доставлен
509447,2024-09-25,1004.0,1,2560.0,Регионы,Wildberries,Отменён
502504,2024-03-14,1011.0,2,3960.0,Регионы,Ozon,Доставлен
506868,2024-07-19,1018.0,1,800.0,Москва,Wildberries,Доставлен
508623,2024-09-04,1017.0,1,1660.0,Регионы,Ozon,Доставлен
501603,2024-02-22,1008.0,1,5050.0,Москва,Ozon,Доставлен
500951,2024-02-03,1008.0,1,4240.0,Москва,Ozon,Возврат
501767,2024-02-27,1013.0,1,2140.0,Санкт-Петербург,Wildberries,Доставлен
500410,2024-01-15,1008.0,1,4430.0,Санкт-Петербург,Wildberries,Доставлен
506312,2024-07-02,1008.0,1,4760.0,Москва,Wildberries,Возврат
510236,2024-10-18,1012.0,1,2960.0,Регионы,Ozon,Доставлен
511962,2024-11-25,1022.0,1,1550.0,Санкт-Петербург,Wildberries,Доставлен
504838,2024-05-15,1025.0,1,3150.0,Регионы,Wildberries,Доставлен
512618,2024-12-07,1020.0,1,1540.0,Новосибирск,Wildberries,Доставлен
502202,2024-03-07,1025.0,2,2910.0,Регионы,Ozon,Доставлен
509948,2024-10-09,1016.0,2,2380.0,Екатеринбург,Ozon,Доставлен
500896,2024-02-01,1012.0,1,2780.0,Москва,Ozon,Доставлен
506902,2024-07-20,1020.0,1,1560.0,Новосибирск,Ozon,Доставлен
503770,2024-04-14,1002.0,2,4030.0,Москва,Ozon,Возврат
511606,2024-11-19,1007.0,1,1300.0,Москва,Ozon,Доставлен
510099,2024-10-14,1010.0,1,1290.0,Регионы,Ozon,Возврат
510624,2024-10-29,1009.0,1,1780.0,Екатеринбург,Wildberries,Доставлен
504343,2024-04-29,1024.0,1,3110.0,Санкт-Петербург,Wildberries,Доставлен
502251,2024-03-08,1026.0,2,2230.0,Регионы,Wildberries,Доставлен
512569,2024-12-06,1026.0,1,2490.0,Регионы,Wildberries,Доставлен
503612,2024-04-09,1017.0,1,1430.0,Санкт-Петербург,Wildberries,Доставлен
500950,2024-02-03,1007.0,1,1160.0,Новосибирск,Wildberries,Доставлен
500250,2024-01-09,1003.0,1,3110.0,Регионы,Wildberries,Доставлен
502070,2024-03-05,1012.0,2,2880.0,Регионы,Wildberries,Доставлен
507571,2024-08-09,1005.0,1,2690.0,Москва,Wildberries,Возврат
508300,2024-08-27,1006.0,1,3850.0,Москва,Ozon,Доставлен
510115,2024-10-14,1024.0,1,3360.0,Екатеринбург,Wildberries,Доставлен
513325,2024-12-18,1014.0,1,2730.0,Регионы,Wildberries,Доставлен
509686,2024-10-01,1007.0,1,1230.0,Москва,Ozon,Доставлен
504885,2024-05-17,1019.0,1,2090.0,Новосибирск,Wildberries,Доставлен
502629,2024-03-17,1001.0,1,1290.0,Екатеринбург,Ozon,Доставлен
508139,2024-08-23,1013.0,1,2490.0,Санкт-Петербург,Wildberries,Отменён
508125,2024-08-23,1005.0,1,2430.0,Екатеринбург,Wildberries,Возврат
508784,2024-09-08,1002.0,1,3500.0,Регионы,Wildberries,Доставлен
513376,2024-12-19,1016.0,1,2690.0,Москва,Wildberries,Доставлен
505433,2024-06-04,1017.0,1,1510.0,Санкт-Петербург,Ozon,Доставлен
507329,2024-08-02,1021.0,1,1440.0,Регионы,Wildberries,Доставлен
500140,2024-01-05,1010.0,1,1120.0,Регионы,Wildberries,Отменён
512354,2024-12-03,1004.0,1,2260.0,Санкт-Петербург,Wildberries,Доставлен
503633,2024-04-10,1006.0,1,4380.0,Екатеринбург,Ozon,Доставлен
503601,2024-04-09,1010.0,1,1130.0,Регионы,Wildberries,Доставлен
505935,2024-06-19,1023.0,2,970.0,Екатеринбург,Ozon,Доставлен
508106,2024-08-22,1019.0,1,2100.0,Москва,Wildberries,Доставлен
504241,2024-04-27,1005.0,1,2660.0,Регионы,Wildberries,Доставлен
509390,2024-09-23,1023.0,1,970.0,Санкт-Петербург,Wildberries,Доставлен
510547,2024-10-27,1008.0,1,5040.0,Москва,Wildberries,Доставлен
501618,2024-02-22,1019.0,2,2280.0,Екатеринбург,Wildberries,Доставлен
502380,2024-03-11,1023.0,1,930.0,Регионы,Ozon,Доставлен
504817,2024-05-14,1025.0,2,2740.0,Санкт-Петербург,Ozon,Доставлен
505705,2024-06-13,1016.0,2,2630.0,Новосибирск,Ozon,Доставлен
507673,2024-08-11,1020.0,2,1580.0,Новосибирск,Ozon,Доставлен
505967,2024-06-20,1021.0,1,1510.0,Новосибирск,Wildberries,Доставлен
511277,2024-11-12,1026.0,2,2600.0,Санкт-Петербург,Wildberries,Доставлен
513961,2024-12-29,1009.0,1,1840.0,Москва,Ozon,Возврат
504933,2024-05-19,1006.0,2,4450.0,Регионы,Wildberries,Доставлен
507993,2024-08-19,1021.0,1,1550.0,Регионы,Wildberries,Доставлен
507886,2024-08-16,1021.0,1,1520.0,Москва,Wildberries,Доставлен
507734,2024-08-12,1025.0,1,2780.0,Новосибирск,Ozon,Доставлен
501128,2024-02-08,1001.0,1,1320.0,Санкт-Петербург,Ozon,Доставлен
513597,2024-12-23,1011.0,2,3280.0,Екатеринбург,Ozon,Отменён
503219,2024-03-29,1012.0,1,3330.0,Регионы,Wildberries,Доставлен
513596,2024-12-23,1011.0,1,3350.0,Новосибирск,Ozon,Доставлен
506758,2024-07-16,1014.0,1,2170.0,Москва,Ozon,Доставлен
506854,2024-07-19,1004.0,1,2400.0,Екатеринбург,Ozon,Доставлен
505305,2024-05-31,1016.0,1,2570.0,Регионы,Wildberries,Возврат
508036,2024-08-21,1001.0,1,1200.0,Санкт-Петербург,Ozon,Возврат
510302,2024-10-20,1003.0,1,3050.0,Регионы,Wildberries,Возврат
513701,2024-12-25,1005.0,2,2300.0,Регионы,Ozon,Доставлен
505035,2024-05-22,1011.0,2,3670.0,Новосибирск,Wildberries,Доставлен
503268,2024-03-30,1009.0,1,1860.0,Екатеринбург,Wildberries,Доставлен
503471,2024-04-04,1014.0,1,2350.0,Москва,Ozon,Доставлен
506802,2024-07-17,1014.0,1,2730.0,Регионы,Wildberries,Возврат
504005,2024-04-20,1008.0,1,4080.0,Регионы,Ozon,Доставлен
502482,2024-03-13,1025.0,1,2870.0,Санкт-Петербург,Wildberries,Доставлен
504296,2024-04-28,1016.0,1,2710.0,Санкт-Петербург,Ozon,Доставлен
512331,2024-12-02,1023.0,1,880.0,Санкт-Петербург,Wildberries,Доставлен
502696,2024-03-18,1021.0,1,1410.0,Регионы,Wildberries,Доставлен
505418,2024-06-04,1007.0,1,1160.0,Москва,Wildberries,Доставлен
506368,2024-07-03,1025.0,3,2910.0,Новосибирск,Wildberries,Доставлен
501475,2024-02-18,1008.0,1,4440.0,Регионы,Wildberries,Доставлен
510188,2024-10-17,1004.0,1,2430.0,Регионы,Ozon,Доставлен
508981,2024-09-13,1015.0,1,2380.0,Новосибирск,Wildberries,Доставлен
505561,2024-06-09,1002.0,1,3450.0,Москва,Wildberries,Доставлен
505130,2024-05-25,1022.0,1,1710.0,Москва,Ozon,Доставлен
506644,2024-07-12,1013.0,1,2440.0,Регионы,Ozon,Доставлен
505056,2024-05-23,1008.0,1,4310.0,Новосибирск,Ozon,Доставлен
511449,2024-11-16,1004.0,1,2400.0,Санкт-Петербург,Wildberries,Доставлен
502114,2024-03-06,1009.0,1,1980.0,Регионы,Wildberries,Доставлен
513287,2024-12-18,1002.0,1,3440.0,Регионы,Wildberries,Доставлен
503466,2024-04-04,1008.0,2,4920.0,Санкт-Петербург,Ozon,Доставлен
507962,2024-08-19,1006.0,2,3600.0,Санкт-Петербург,Ozon,Возврат
506735,2024-07-15,1018.0,3,730.0,Новосибирск,Ozon,Доставлен
506191,2024-06-28,1011.0,2,3450.0,Москва,Wildberries,Возврат
510352,2024-10-21,1020.0,1,1330.0,Екатеринбург,Wildberries,Доставлен
508364,2024-08-28,1025.0,2,3210.0,Регионы,Ozon,Доставлен
502646,2024-03-17,1016.0,1,2490.0,Санкт-Петербург,Wildberries,Доставлен
512245,2024-12-01,1013.0,2,2540.0,Новосибирск,Ozon,Доставлен
512260,2024-12-01,1020.0,1,1290.0,Москва,Wildberries,Доставлен
501878,2024-03-01,1022.0,1,1580.0,Регионы,Wildberries,Доставлен
512018,2024-11-27,1007.0,1,1200.0,Москва,Wildberries,Доставлен
506834,2024-07-18,1014.0,1,2630.0,Регионы,Ozon,Доставлен
508038,2024-08-21,1002.0,1,4100.0,Санкт-Петербург,Wildberries,Доставлен
512008,2024-11-26,1025.0,2,2590.0,Санкт-Петербург,Wildberries,Возврат
504294,2024-04-28,1015.0,1,2240.0,Новосибирск,Wildberries,Доставлен
507718,2024-08-12,1016.0,1,2510.0,Санкт-Петербург,Wildberries,Доставлен
501964,2024-03-03,1005.0,1,2710.0,Москва,Ozon,Доставлен
503225,2024-03-29,1016.0,1,2570.0,Москва,Wildberries,Доставлен
504203,2024-04-26,1005.0,2,2250.0,Москва,Ozon,Доставлен
507857,2024-08-16,1010.0,1,1340.0,Регионы,Ozon,Доставлен
509047,2024-09-15,1006.0,2,3890.0,Новосибирск,Wildberries,Доставлен
502874,2024-03-22,1017.0,1,1670.0,Москва,Ozon,Доставлен
504715,2024-05-11,1014.0,1,2550.0,Москва,Wildberries,Отменён
507386,2024-08-03,1026.0,1,2640.0,Новосибирск,Ozon,Возврат
503913,2024-04-18,1005.0,1,2520.0,Москва,Wildberries,Доставлен
508317,2024-08-27,1019.0,1,2420.0,Москва,Wildberries,Доставлен
513417,2024-12-20,1008.0,1,4770.0,Москва,Wildberries,Доставлен
511969,2024-11-25,1026.0,1,2410.0,Регионы,Wildberries,Доставлен
504995,2024-05-21,1005.0,1,2810.0,Москва,Wildberries,Доставлен
509808,2024-10-05,1004.0,1,2300.0,Москва,Wildberries,Возврат
507072,2024-07-26,1013.0,1,2520.0,Москва,Wildberries,Доставлен
504252,2024-04-27,1012.0,1,3140.0,Екатеринбург,Wildberries,Доставлен
501001,2024-02-04,1011.0,1,3790.0,Новосибирск,Ozon,Доставлен
500406,2024-01-15,1005.0,1,2560.0,Москва,Wildberries,Доставлен
500062,2024-01-03,1007.0,2,1080.0,Регионы,Wildberries,Доставлен
505271,2024-05-30,1013.0,1,2300.0,Регионы,Ozon,Доставлен
505171,2024-05-27,1006.0,1,3840.0,Санкт-Петербург,Wildberries,Доставлен
502964,2024-03-24,1010.0,2,1370.0,Москва,Ozon,Доставлен
503764,2024-04-13,1025.0,1,2610.0,Екатеринбург,Ozon,Доставлен
502718,2024-03-19,1005.0,1,2460.0,Регионы,Wildberries,Доставлен
512059,2024-11-28,1004.0,1,2510.0,Москва,Wildberries,Доставлен
501931,2024-03-02,1023.0,1,930.0,Санкт-Петербург,Ozon,Доставлен
503707,2024-04-12,1010.0,1,1260.0,Санкт-Петербург,Wildberries,Доставлен
513301,2024-12-18,1006.0,1,3870.0,Москва,Ozon,Доставлен
503250,2024-03-29,1026.0,1,2380.0,Москва,Wildberries,Доставлен
509597,2024-09-29,1006.0,1,3950.0,Санкт-Петербург,Wildberries,Доставлен
509139,2024-09-17,1016.0,1,2770.0,Москва,Ozon,Отменён
500841,2024-01-30,1011.0,1,3750.0,Регионы,Ozon,Доставлен
511276,2024-11-12,1026.0,2,2270.0,Москва,Wildberries,Доставлен
502236,2024-03-08,1021.0,1,1430.0,Москва,Wildberries,Доставлен
510073,2024-10-13,1014.0,1,2290.0,Санкт-Петербург,Wildberries,Доставлен
503872,2024-04-16,1020.0,1,1420.0,Москва,Ozon,Доставлен
508229,2024-08-25,1018.0,2,830.0,Регионы,Ozon,Возврат
503295,2024-03-30,1024.0,1,3700.0,Регионы,Wildberries,Доставлен
512049,2024-11-27,1022.0,1,1400.0,Санкт-Петербург,Wildberries,Доставлен
503912,2024-04-18,1004.0,1,2390.0,Регионы,Ozon,Возврат
501079,2024-02-06,1023.0,1,980.0,Новосибирск,Wildberries,Доставлен
503259,2024-03-30,1004.0,1,2440.0,Регионы,Ozon,Доставлен
506013,2024-06-22,1013.0,2,2500.0,Москва,Wildberries,Доставлен
501073,2024-02-06,1019.0,1,2240.0,Екатеринбург,Wildberries,Отменён
512213,2024-12-01,1001.0,2,1280.0,Москва,Wildberries,Доставлен
508547,2024-09-02,1022.0,1,1450.0,Регионы,Wildberries,Доставлен
504058,2024-04-21,1025.0,1,3180.0,Москва,Wildberries,Доставлен
510905,2024-11-05,1001.0,1,1320.0,Москва,Wildberries,Возврат
505378,2024-06-02,1019.0,1,2470.0,Екатеринбург,Wildberries,Доставлен
504986,2024-05-20,1021.0,1,1690.0,Екатеринбург,Ozon,Доставлен
506002,2024-06-22,1006.0,1,4190.0,Регионы,Wildberries,Доставлен
503572,2024-04-08,1007.0,1,1270.0,Санкт-Петербург,Wildberries,Доставлен
504797,2024-05-14,1001.0,1,1250.0,Регионы,Ozon,Возврат
513950,2024-12-29,1005.0,1,2490.0,Санкт-Петербург,Ozon,Возврат
510837,2024-11-03,1007.0,1,1220.0,Екатеринбург,Wildberries,Доставлен
505567,2024-06-09,1007.0,1,1160.0,Регионы,Wildberries,Доставлен
505858,2024-06-18,1004.0,1,2500.0,Санкт-Петербург,Wildberries,Доставлен
502290,2024-03-09,1025.0,1,3090.0,Москва,Wildberries,Доставлен
501621,2024-02-22,1021.0,1,1510.0,Санкт-Петербург,Wildberries,Доставлен
501946,2024-03-03,1002.0,2,3890.0,Москва,Ozon,Доставлен
510584,2024-10-28,1006.0,1,3630.0,Санкт-Петербург,Ozon,Доставлен
507341,2024-08-03,1003.0,1,3630.0,Москва,Ozon,Доставлен
513854,2024-12-27,1020.0,1,1440.0,Санкт-Петербург,Wildberries,Доставлен
513273,2024-12-17,1022.0,1,1720.0,Регионы,Wildberries,Доставлен
502119,2024-03-06,1010.0,1,1360.0,Москва,Wildberries,Доставлен
507348,2024-08-03,1007.0,1,1320.0,Новосибирск,Wildberries,Возврат
507155,2024-07-28,1025.0,2,2860.0,Регионы,Wildberries,Доставлен
509528,2024-09-27,1008.0,2,4180.0,Москва,Ozon,Доставлен
506691,2024-07-14,1005.0,1,2510.0,Регионы,Ozon,Доставлен
513756,2024-12-26,1004.0,1,2370.0,Новосибирск,Wildberries,Доставлен
503994,2024-04-20,1004.0,1,2770.0,Санкт-Петербург,Wildberries,Доставлен
507963,2024-08-19,1008.0,1,4300.0,Москва,Wildberries,Доставлен
510386,2024-10-23,1002.0,1,3840.0,Екатеринбург,Wildberries,Отменён
510329,2024-10-20,1025.0,1,2830.0,Москва,Ozon,Доставлен
505348,2024-06-01,1026.0,1,2660.0,Регионы,Wildberries,Доставлен
506251,2024-06-30,1009.0,2,1670.0,Регионы,Wildberries,Доставлен
509171,2024-09-18,1015.0,1,2330.0,Москва,Ozon,Доставлен
505864,2024-06-18,1007.0,1,1080.0,Регионы,Ozon,Доставлен
509433,2024-09-24,1026.0,2,2500.0,Москва,Wildberries,Доставлен
504060,2024-04-22,1001.0,1,1230.0,Москва,Wildberries,Доставлен
509866,2024-10-06,1025.0,1,3020.0,Регионы,Wildberries,Доставлен
511112,2024-11-09,1017.0,1,1750.0,Москва,Ozon,Доставлен
506851,2024-07-19,1003.0,1,3330.0,Санкт-Петербург,Wildberries,Доставлен
501883,2024-03-01,1024.0,1,3450.0,Екатеринбург,Wildberries,Доставлен
500511,2024-01-18,1022.0,1,1480.0,Регионы,Wildberries,Возврат
510275,2024-10-19,1010.0,1,1230.0,Екатеринбург,Wildberries,Доставлен
505088,2024-05-24,1017.0,2,1400.0,Москва,Wildberries,Отменён
510423,2024-10-24,1004.0,2,2710.0,Регионы,Wildberries,Доставлен
501258,2024-02-11,1018.0,1,870.0,Москва,Wildberries,Доставлен
503547,2024-04-07,1015.0,1,2250.0,Москва,Wildberries,Доставлен
511718,2024-11-21,1002.0,1,3950.0,Екатеринбург,Ozon,Доставлен
511076,2024-11-08,1024.0,2,3690.0,Санкт-Петербург,Ozon,Доставлен
513995,2024-12-29,1025.0,1,2940.0,Москва,Wildberries,Доставлен
512638,2024-12-07,1026.0,3,2730.0,Регионы,Wildberries,Возврат
508605,2024-09-04,1006.0,2,4550.0,Санкт-Петербург,Wildberries,Доставлен
508256,2024-08-26,1007.0,1,1210.0,Санкт-Петербург,Ozon,Возврат
502867,2024-03-22,1015.0,1,2450.0,Санкт-Петербург,Ozon,Доставлен
504976,2024-05-20,1015.0,1,2170.0,Москва,Ozon,Доставлен
503716,2024-04-12,1018.0,2,790.0,Москва,Ozon,Доставлен
504946,2024-05-19,1017.0,2,1700.0,Екатеринбург,Wildberries,Отменён
500984,2024-02-04,1004.0,1,2640.0,Екатеринбург,Wildberries,Возврат
503067,2024-03-26,1015.0,1,2140.0,Москва,Wildberries,Доставлен
503525,2024-04-06,1024.0,1,3110.0,Регионы,Wildberries,Доставлен
509285,2024-09-21,1012.0,1,2800.0,Санкт-Петербург,Ozon,Доставлен
508956,2024-09-12,1021.0,1,1490.0,Новосибирск,Wildberries,Доставлен
511872,2024-11-23,1026.0,2,2640.0,Москва,Ozon,Доставлен
506764,2024-07-16,1017.0,1,1630.0,Москва,Wildberries,Доставлен
501203,2024-02-10,1011.0,2,3420.0,Санкт-Петербург,Wildberries,Доставлен
505871,2024-06-18,1012.0,1,2700.0,Санкт-Петербург,Ozon,Доставлен
501479,2024-02-18,1013.0,1,2380.0,Регионы,Wildberries,Доставлен
500581,2024-01-21,1007.0,1,1130.0,Регионы,Ozon,Отменён
501265,2024-02-11,1024.0,1,3620.0,Екатеринбург,Wildberries,Доставлен
508343,2024-08-28,1007.0,1,1150.0,Регионы,Ozon,Доставлен
513422,2024-12-20,1012.0,1,3050.0,Новосибирск,Wildberries,Доставлен
508724,2024-09-06,1023.0,1,1010.0,Регионы,Wildberries,Доставлен
510021,2024-10-11,1023.0,1,880.0,Москва,Wildberries,Доставлен
512951,2024-12-12,1014.0,1,2260.0,Регионы,Wildberries,Доставлен
503444,2024-04-03,1017.0,1,1400.0,Москва,Wildberries,Доставлен
501397,2024-02-15,1022.0,1,1680.0,Регионы,Ozon,Доставлен
505121,2024-05-25,1014.0,1,2150.0,Москва,Ozon,Доставлен
502649,2024-03-17,1019.0,1,2200.0,Екатеринбург,Wildberries,Отменён
502102,2024-03-06,1004.0,2,2280.0,Новосибирск,Ozon,Доставлен
511377,2024-11-14,1014.0,1,2190.0,Санкт-Петербург,Ozon,Доставлен
511836,2024-11-23,1009.0,1,1590.0,Екатеринбург,Wildberries,Доставлен
511878,2024-11-24,1002.0,1,3880.0,Москва,Wildberries,Доставлен
503145,2024-03-27,1025.0,1,3200.0,Регионы,Wildberries,Доставлен
502495,2024-03-14,1004.0,1,2610.0,Москва,Wildberries,Доставлен
506338,2024-07-02,1026.0,1,2310.0,Москва,Wildberries,Доставлен
510301,2024-10-20,1002.0,1,3400.0,Екатеринбург,Wildberries,Доставлен
501343,2024-02-14,1007.0,2,1130.0,Санкт-Петербург,Ozon,Доставлен
509418,2024-09-24,1017.0,1,1680.0,Новосибирск,Wildberries,Доставлен
509272,2024-09-21,1006.0,1,3620.0,Москва,Wildberries,Доставлен
508582,2024-09-03,1019.0,1,2070.0,Москва,Ozon,Доставлен
501273,2024-02-12,1008.0,1,4900.0,Регионы,Wildberries,Доставлен
506666,2024-07-13,1009.0,1,1920.0,Москва,Wildberries,Доставлен
508914,2024-09-11,1017.0,1,1410.0,Москва,Wildberries,Возврат
509409,2024-09-24,1011.0,1,3850.0,Регионы,Ozon,Возврат
502811,2024-03-21,1013.0,1,2340.0,Москва,Wildberries,Доставлен
510687,2024-10-31,1007.0,2,1280.0,Санкт-Петербург,Wildberries,Доставлен
510943,2024-11-05,1025.0,1,2880.0,Санкт-Петербург,Ozon,Доставлен
509623,2024-09-29,1023.0,2,990.0,Регионы,Wildberries,Отменён
506955,2024-07-22,1012.0,1,2670.0,Санкт-Петербург,Wildberries,Доставлен
514098,2024-12-31,1012.0,1,3070.0,Регионы,Wildberries,Доставлен
510839,2024-11-03,1008.0,1,4480.0,Москва,Ozon,Доставлен
508845,2024-09-09,1021.0,1,1420.0,Москва,Ozon,Доставлен
509479,2024-09-26,1003.0,1,3120.0,Санкт-Петербург,Ozon,Доставлен
507930,2024-08-18,1009.0,1,1930.0,Москва,Ozon,Возврат
511858,2024-11-23,1020.0,1,1530.0,Екатеринбург,Wildberries,Доставлен
507066,2024-07-26,1010.0,1,1200.0,Москва,Wildberries,Отменён
511526,2024-11-17,1019.0,2,2040.0,Москва,Wildberries,Доставлен
501492,2024-02-19,1001.0,1,1350.0,Москва,Wildberries,Доставлен
511118,2024-11-09,1021.0,1,1710.0,Регионы,Wildberries,Возврат
508731,2024-09-07,1002.0,1,3330.0,Москва,Wildberries,Доставлен
508247,2024-08-26,1002.0,1,3630.0,Регионы,Wildberries,Доставлен
508451,2024-08-31,1008.0,2,4970.0,Екатеринбург,Ozon,Доставлен
505753,2024-06-15,1006.0,1,4210.0,Москва,Wildberries,Доставлен
505115,2024-05-25,1010.0,1,1270.0,Екатеринбург,Ozon,Доставлен
510792,2024-11-02,1009.0,1,1640.0,Регионы,Wildberries,Доставлен
512592,2024-12-07,1008.0,1,4750.0,Москва,Wildberries,Доставлен
508232,2024-08-25,1018.0,1,800.0,Регионы,Wildberries,Доставлен
509746,2024-10-03,1002.0,1,3780.0,Санкт-Петербург,Ozon,Доставлен
500931,2024-02-02,1017.0,1,1640.0,Санкт-Петербург,Ozon,Доставлен
505410,2024-06-04,1001.0,1,1260.0,Москва,Wildberries,Доставлен
507723,2024-08-12,1018.0,1,830.0,Регионы,Wildberries,Доставлен
503914,2024-04-18,1007.0,1,1240.0,Санкт-Петербург,Wildberries,Доставлен
500990,2024-02-04,1007.0,1,1210.0,Москва,Wildberries,Доставлен
513447,2024-12-20,1024.0,1,3680.0,Москва,Wildberries,Доставлен
504116,2024-04-23,1019.0,1,2500.0,Санкт-Петербург,Wildberries,Отменён
500837,2024-01-30,1010.0,1,1230.0,Регионы,Ozon,Доставлен
512847,2024-12-11,1004.0,1,2730.0,Новосибирск,Wildberries,Доставлен
513115,2024-12-15,1006.0,1,4250.0,Москва,Ozon,Возврат
508718,2024-09-06,1021.0,1,1420.0,Регионы,Ozon,Доставлен
504783,2024-05-13,1011.0,1,4000.0,Москва,Wildberries,Отменён
500165,2024-01-05,1025.0,1,2990.0,Регионы,Ozon,Доставлен
501920,2024-03-02,1012.0,1,3110.0,Екатеринбург,Wildberries,Доставлен
510962,2024-11-06,1008.0,1,4970.0,Регионы,Ozon,Доставлен
512527,2024-12-06,1005.0,1,2510.0,Москва,Ozon,Доставлен
501914,2024-03-02,1009.0,1,1970.0,Регионы,Wildberries,Доставлен
505904,2024-06-18,1026.0,1,2150.0,Регионы,Wildberries,Доставлен
505506,2024-06-06,1024.0,2,3350.0,Регионы,Wildberries,Доставлен
508920,2024-09-11,1024.0,2,3050.0,Санкт-Петербург,Ozon,Доставлен
504407,2024-05-02,1002.0,1,4040.0,Москва,Wildberries,Возврат
511440,2024-11-15,1025.0,1,2770.0,Москва,Wildberries,Возврат
509336,2024-09-22,1021.0,1,1510.0,Регионы,Ozon,Доставлен
510777,2024-11-02,1004.0,1,2420.0,Москва,Wildberries,Доставлен
500139,2024-01-05,1009.0,2,1930.0,Екатеринбург,Wildberries,Доставлен
500491,2024-01-18,1013.0,1,2110.0,Москва,Wildberries,Доставлен
502886,2024-03-22,1022.0,1,1430.0,Екатеринбург,Ozon,Доставлен
511579,2024-11-18,1019.0,1,2130.0,Санкт-Петербург,Ozon,Отменён
512644,2024-12-08,1002.0,1,4040.0,Москва,Ozon,Доставлен
501387,2024-02-15,1015.0,2,2540.0,Санкт-Петербург,Wildberries,Доставлен
509147,2024-09-17,1021.0,1,1500.0,Регионы,Wildberries,Доставлен
501022,2024-02-05,1002.0,1,3430.0,Санкт-Петербург,Ozon,Доставлен
502079,2024-03-05,1016.0,1,2630.0,Москва,Wildberries,Доставлен
506841,2024-07-18,1019.0,1,2490.0,Новосибирск,Wildberries,Возврат
506097,2024-06-25,1004.0,1,2570.0,Регионы,Wildberries,Доставлен
507415,2024-08-04,1022.0,1,1520.0,Новосибирск,Wildberries,Доставлен
509152,2024-09-17,1023.0,1,1000.0,Екатеринбург,Ozon,Доставлен
508335,2024-08-28,1001.0,1,1310.0,Санкт-Петербург,Wildberries,Отменён
500027,2024-01-01,1022.0,1,1420.0,Москва,Wildberries,Возврат
500301,2024-01-10,1025.0,1,2900.0,Регионы,Wildberries,Доставлен
503852,2024-04-16,1005.0,1,2710.0,Москва,Wildberries,Доставлен
501705,2024-02-25,1011.0,1,3540.0,Регионы,Ozon,Возврат
504377,2024-05-01,1006.0,1,4490.0,Москва,Ozon,Возврат
512770,2024-12-10,1002.0,1,4150.0,Новосибирск,Wildberries,Доставлен
507615,2024-08-09,1024.0,1,3210.0,Новосибирск,Ozon,Доставлен
510689,2024-10-31,1010.0,1,1210.0,Екатеринбург,Wildberries,Доставлен
500360,2024-01-13,1007.0,1,1070.0,Новосибирск,Ozon,Доставлен
501958,2024-03-03,1004.0,2,2790.0,Москва,Ozon,Доставлен
509041,2024-09-15,1003.0,1,3270.0,Екатеринбург,Wildberries,Возврат
511775,2024-11-22,1007.0,1,1310.0,Новосибирск,Ozon,Доставлен
500509,2024-01-18,1022.0,1,1550.0,Москва,Wildberries,Доставлен
511939,2024-11-25,1008.0,1,4870.0,Регионы,Wildberries,Доставлен
505076,2024-05-24,1002.0,1,3330.0,Новосибирск,Wildberries,Доставлен
502216,2024-03-08,1005.0,1,2560.0,Регионы,Ozon,Доставлен
512559,2024-12-06,1022.0,2,1500.0,Новосибирск,Wildberries,Доставлен
500792,2024-01-28,1017.0,3,1380.0,Москва,Wildberries,Доставлен
510629,2024-10-29,1014.0,1,2620.0,Новосибирск,Wildberries,Доставлен
502523,2024-03-14,1022.0,1,1490.0,Москва,Wildberries,Отменён
512538,2024-12-06,1009.0,1,1950.0,Регионы,Wildberries,Доставлен
510194,2024-10-17,1010.0,1,1080.0,Регионы,Wildberries,Возврат
502851,2024-03-22,1005.0,1,2430.0,Регионы,Wildberries,Доставлен
513431,2024-12-20,1016.0,2,2390.0,Екатеринбург,Wildberries,Возврат
506301,2024-07-01,1024.0,1,3500.0,Регионы,Ozon,Возврат
501514,2024-02-19,1022.0,1,1440.0,Новосибирск,Ozon,Доставлен
506488,2024-07-07,1020.0,1,1350.0,Регионы,Wildberries,Доставлен
512836,2024-12-10,1026.0,1,2650.0,Москва,Ozon,Отменён
511018,2024-11-07,1017.0,1,1530.0,Регионы,Ozon,Доставлен
508774,2024-09-07,1024.0,1,3450.0,Регионы,Wildberries,Доставлен
506087,2024-06-24,1021.0,1,1620.0,Екатеринбург,Wildberries,Доставлен
501870,2024-03-01,1019.0,2,2120.0,Регионы,Ozon,Доставлен
513512,2024-12-22,1002.0,1,3760.0,Регионы,Wildberries,Возврат
502909,2024-03-23,1008.0,1,4580.0,Регионы,Ozon,Доставлен
510319,2024-10-20,1016.0,1,2350.0,Регионы,Wildberries,Возврат
510566,2024-10-27,1023.0,1,990.0,Регионы,Wildberries,Доставлен
511643,2024-11-19,1022.0,1,1450.0,Москва,Ozon,Доставлен
506133,2024-06-26,1014.0,1,2620.0,Екатеринбург,Ozon,Доставлен
508461,2024-08-31,1012.0,1,2760.0,Санкт-Петербург,Wildberries,Доставлен
513356,2024-12-19,1007.0,1,1150.0,Санкт-Петербург,Ozon,Доставлен
509956,2024-10-10,1001.0,1,1140.0,Новосибирск,Wildberries,Доставлен
511045,2024-11-08,1007.0,2,1290.0,Регионы,Wildberries,Доставлен
501275,2024-02-12,1009.0,1,1850.0,Москва,Wildberries,Доставлен
513144,2024-12-15,1019.0,1,2360.0,Регионы,Wildberries,Доставлен
504408,2024-05-02,1002.0,1,3670.0,Новосибирск,Ozon,Доставлен
511143,2024-11-10,1010.0,1,1260.0,Екатеринбург,Ozon,Доставлен
512413,2024-12-04,1007.0,1,1220.0,Новосибирск,Ozon,Доставлен
512781,2024-12-10,1006.0,1,4360.0,Москва,Ozon,Доставлен
500994,2024-02-04,1007.0,1,1190.0,Санкт-Петербург,Wildberries,Доставлен
504121,2024-04-23,1021.0,3,1580.0,Регионы,Wildberries,Доставлен
502925,2024-03-23,1018.0,1,750.0,Москва,Wildberries,Доставлен
504741,2024-05-12,1009.0,1,1770.0,Санкт-Петербург,Ozon,Доставлен
509616,2024-09-29,1019.0,1,2160.0,Москва,Ozon,Доставлен
509729,2024-10-02,1012.0,1,2840.0,Регионы,Wildberries,Доставлен
505648,2024-06-11,1016.0,2,2790.0,Екатеринбург,Wildberries,Возврат
511038,2024-11-08,1003.0,1,3130.0,Санкт-Петербург,Wildberries,Возврат
507046,2024-07-25,1020.0,1,1590.0,Регионы,Wildberries,Доставлен
504809,2024-05-14,1014.0,3,2600.0,Екатеринбург,Ozon,Доставлен
506233,2024-06-29,1018.0,1,760.0,Регионы,Ozon,Доставлен
509266,2024-09-21,1003.0,1,3270.0,Екатеринбург,Ozon,Доставлен
500146,2024-01-05,1015.0,1,2400.0,Санкт-Петербург,Ozon,Доставлен
505082,2024-05-24,1013.0,1,2560.0,Екатеринбург,Ozon,Отменён
502538,2024-03-15,1002.0,1,3530.0,Регионы,Wildberries,Доставлен
510156,2024-10-16,1002.0,1,3520.0,Москва,Ozon,Доставлен
500579,2024-01-21,1005.0,1,2310.0,Новосибирск,Wildberries,Доставлен
506253,2024-06-30,1012.0,2,2780.0,Москва,Ozon,Доставлен
507178,2024-07-29,1018.0,1,760.0,Москва,Ozon,Доставлен
505603,2024-06-10,1015.0,1,2100.0,Екатеринбург,Ozon,Доставлен
505778,2024-06-15,1026.0,1,2560.0,Регионы,Wildberries,Возврат
512735,2024-12-09,1010.0,1,1170.0,Москва,Ozon,Доставлен
500128,2024-01-04,1025.0,1,2820.0,Новосибирск,Ozon,Доставлен
509610,2024-09-29,1013.0,2,2530.0,Санкт-Петербург,Wildberries,Возврат
502812,2024-03-21,1013.0,1,2190.0,Москва,Ozon,Доставлен
507337,2024-08-02,1026.0,1,2550.0,Екатеринбург,Wildberries,Доставлен
506920,2024-07-21,1012.0,1,3180.0,Регионы,Ozon,Возврат
506383,2024-07-04,1019.0,1,2370.0,Екатеринбург,Ozon,Возврат
512439,2024-12-04,1018.0,1,830.0,Екатеринбург,Wildberries,Доставлен
507383,2024-08-03,1023.0,1,910.0,Екатеринбург,Wildberries,Возврат
501538,2024-02-20,1014.0,2,2270.0,Регионы,Wildberries,Доставлен
500504,2024-01-18,1020.0,1,1550.0,Регионы,Ozon,Доставлен
503561,2024-04-07,1024.0,1,3600.0,Екатеринбург,Wildberries,Доставлен
507829,2024-08-15,1016.0,1,2670.0,Москва,Wildberries,Доставлен
512868,2024-12-11,1010.0,1,1300.0,Регионы,Ozon,Доставлен
500196,2024-01-06,1024.0,2,3250.0,Москва,Ozon,Доставлен
502850,2024-03-22,1005.0,1,2430.0,Новосибирск,Wildberries,Доставлен
512006,2024-11-26,1025.0,1,3190.0,Санкт-Петербург,Wildberries,Доставлен
503068,2024-03-26,1016.0,1,2690.0,Регионы,Wildberries,Доставлен
502307,2024-03-10,1009.0,1,1610.0,Новосибирск,Wildberries,Доставлен
502638,2024-03-17,1008.0,1,4170.0,Санкт-Петербург,Ozon,Доставлен
511611,2024-11-19,1008.0,1,4510.0,Регионы,Wildberries,Доставлен
511815,2024-11-22,1025.0,3,2950.0,Екатеринбург,Wildberries,Доставлен
504393,2024-05-01,1015.0,1,2530.0,Москва,Wildberries,Доставлен
511840,2024-11-23,1011.0,1,3840.0,Москва,Wildberries,Отменён
512388,2024-12-03,1025.0,2,3090.0,Регионы,Ozon,Доставлен
503370,2024-04-01,1013.0,1,2220.0,Новосибирск,Wildberries,Доставлен
502870,2024-03-22,1016.0,1,2320.0,Регионы,Wildberries,Доставлен
503602,2024-04-09,1013.0,1,2400.0,Регионы,Wildberries,Доставлен
504152,2024-04-24,1010.0,1,1250.0,Москва,Wildberries,Доставлен
500894,2024-02-01,1012.0,1,3000.0,Москва,Wildberries,Доставлен
506501,2024-07-08,1001.0,1,1260.0,Екатеринбург,Wildberries,Доставлен
509071,2024-09-15,1023.0,1,1060.0,Екатеринбург,Wildberries,Доставлен
503388,2024-04-01,1026.0,1,2210.0,Регионы,Wildberries,Доставлен
514030,2024-12-30,1011.0,1,3640.0,Санкт-Петербург,Ozon,Доставлен
503604,2024-04-09,1013.0,1,2110.0,Регионы,Ozon,Возврат
508221,2024-08-25,1013.0,1,2120.0,Санкт-Петербург,Ozon,Доставлен
508437,2024-08-30,1020.0,2,1370.0,Регионы,Wildberries,Возврат
500282,2024-01-10,1009.0,1,1950.0,Регионы,Wildberries,Возврат
503816,2024-04-15,1008.0,1,4460.0,Екатеринбург,Ozon,Доставлен
510546,2024-10-27,1007.0,1,1040.0,Регионы,Wildberries,Доставлен
513425,2024-12-20,1013.0,1,2130.0,Москва,Ozon,Доставлен
500111,2024-01-04,1012.0,2,2650.0,Москва,Wildberries,Доставлен
511531,2024-11-17,1021.0,1,1540.0,Москва,Wildberries,Доставлен
507599,2024-08-09,1018.0,1,830.0,Москва,Wildberries,Доставлен
506714,2024-07-15,1002.0,1,3730.0,Екатеринбург,Wildberries,Доставлен
501716,2024-02-25,1020.0,1,1490.0,Регионы,Wildberries,Доставлен
506429,2024-07-05,1025.0,1,3000.0,Екатеринбург,Wildberries,Доставлен
504379,2024-05-01,1007.0,3,1170.0,Новосибирск,Ozon,Доставлен
504056,2024-04-21,1024.0,1,3300.0,Санкт-Петербург,Ozon,Отменён
504034,2024-04-21,1001.0,1,1150.0,Москва,Ozon,Возврат
503836,2024-04-15,1022.0,2,1710.0,Регионы,Wildberries,Доставлен
512158,2024-11-29,1023.0,2,850.0,Регионы,Wildberries,Возврат
508414,2024-08-30,1005.0,1,2740.0,Москва,Ozon,Доставлен
505122,2024-05-25,1015.0,2,2560.0,Регионы,Wildberries,Доставлен
502866,2024-03-22,1015.0,2,2040.0,Москва,Ozon,Доставлен
508902,2024-09-11,1009.0,2,1720.0,Москва,Wildberries,Доставлен
507295,2024-08-01,1026.0,1,2700.0,Москва,Ozon,Доставлен
509941,2024-10-09,1004.0,1,2720.0,Санкт-Петербург,Wildberries,Доставлен
512742,2024-12-09,1013.0,1,2620.0,Регионы,Wildberries,Доставлен
503171,2024-03-28,1014.0,2,2650.0,Москва,Ozon,Доставлен
508165,2024-08-24,1010.0,1,1310.0,Москва,Ozon,Доставлен
506414,2024-07-05,1011.0,1,3830.0,Москва,Ozon,Доставлен
503215,2024-03-29,1009.0,1,1880.0,Санкт-Петербург,Wildberries,Возврат
504356,2024-04-30,1011.0,1,3460.0,Москва,Wildberries,Доставлен
509590,2024-09-29,1001.0,1,1200.0,Москва,Wildberries,Доставлен
504572,2024-05-07,1002.0,1,3660.0,Москва,Ozon,Отменён
504739,2024-05-12,1008.0,1,5030.0,Регионы,Wildberries,Доставлен
510508,2024-10-26,1016.0,1,2230.0,Москва,Wildberries,Доставлен
510590,2024-10-28,1010.0,1,1170.0,Регионы,Wildberries,Доставлен
513801,2024-12-26,1022.0,1,1740.0,Санкт-Петербург,Ozon,Доставлен
509622,2024-09-29,1023.0,1,900.0,Регионы,Wildberries,Доставлен
508615,2024-09-04,1012.0,1,3340.0,Москва,Wildberries,Отменён
505203,2024-05-28,1007.0,1,1220.0,Санкт-Петербург,Wildberries,Доставлен
504279,2024-04-28,1005.0,1,2730.0,Москва,Wildberries,Доставлен
503151,2024-03-28,1001.0,1,1350.0,Екатеринбург,Wildberries,Доставлен
513045,2024-12-14,1007.0,1,1070.0,Москва,Wildberries,Доставлен
502062,2024-03-05,1009.0,1,1820.0,Санкт-Петербург,Wildberries,Доставлен
512378,2024-12-03,1018.0,1,730.0,Екатеринбург,Wildberries,Доставлен
500185,2024-01-06,1015.0,2,2370.0,Регионы,Wildberries,Отменён
504076,2024-04-22,1010.0,2,1220.0,Регионы,Wildberries,Доставлен
509691,2024-10-01,1011.0,1,3380.0,Москва,Ozon,Доставлен
505737,2024-06-14,1015.0,2,2110.0,Новосибирск,Wildberries,Возврат
514088,2024-12-31,1007.0,1,1130.0,Екатеринбург,Wildberries,Доставлен
513104,2024-12-15,1003.0,1,2980.0,Регионы,Wildberries,Доставлен
509653,2024-09-30,1014.0,1,2630.0,Москва,Wildberries,Доставлен
510025,2024-10-11,1025.0,1,2660.0,Москва,Wildberries,Доставлен
511192,2024-11-11,1007.0,1,1320.0,Екатеринбург,Wildberries,Отменён
505823,2024-06-16,1026.0,1,2440.0,Екатеринбург,Wildberries,Доставлен
507410,2024-08-04,1020.0,1,1570.0,Москва,Ozon,Возврат
503187,2024-03-28,1023.0,2,1060.0,Екатеринбург,Wildberries,Доставлен
504649,2024-05-09,1004.0,1,2460.0,Санкт-Петербург,Wildberries,Доставлен
508624,2024-09-04,1017.0,1,1460.0,Регионы,Wildberries,Доставлен
501896,2024-03-02,1001.0,1,1110.0,Москва,Ozon,Доставлен
509662,2024-09-30,1021.0,1,1540.0,Москва,Wildberries,Доставлен
513881,2024-12-28,1006.0,1,4550.0,Москва,Wildberries,Доставлен
501853,2024-03-01,1006.0,1,4400.0,Новосибирск,Ozon,Доставлен
504873,2024-05-17,1006.0,1,4140.0,Санкт-Петербург,Wildberries,Доставлен
510755,2024-11-01,1015.0,1,2360.0,Регионы,Wildberries,Доставлен
501882,2024-03-01,1024.0,2,3310.0,Регионы,Ozon,Доставлен
500905,2024-02-01,1023.0,1,840.0,Москва,Wildberries,Доставлен
502377,2024-03-11,1022.0,2,1380.0,Санкт-Петербург,Wildberries,Отменён
503093,2024-03-26,1025.0,2,3060.0,Москва,Ozon,Доставлен
503588,2024-04-08,1023.0,1,990.0,Москва,Wildberries,Доставлен
509119,2024-09-17,1001.0,1,1130.0,Регионы,Wildberries,Доставлен
512792,2024-12-10,1008.0,1,4850.0,Москва,Ozon,Доставлен
511020,2024-11-07,1019.0,1,2210.0,Москва,Ozon,Доставлен
512556,2024-12-06,1019.0,2,2260.0,Москва,Wildberries,Возврат
503407,2024-04-02,1014.0,1,2630.0,Регионы,Wildberries,Отменён
505319,2024-05-31,1026.0,1,2420.0,Москва,Wildberries,Возврат
511563,2024-11-18,1009.0,2,1820.0,Новосибирск,Ozon,Доставлен
504602,2024-05-07,1021.0,1,1540.0,Москва,Wildberries,Доставлен
512373,2024-12-03,1016.0,1,2230.0,Москва,Ozon,Доставлен
510750,2024-11-01,1013.0,1,2220.0,Екатеринбург,Ozon,Доставлен
509057,2024-09-15,1015.0,1,2330.0,Москва,Wildberries,Доставлен
513406,2024-12-20,1004.0,1,2830.0,Регионы,Ozon,Доставлен
505275,2024-05-30,1016.0,1,2260.0,Регионы,Wildberries,Возврат
501580,2024-02-21,1017.0,1,1630.0,Санкт-Петербург,Wildberries,Доставлен
500454,2024-01-17,1005.0,1,2330.0,Санкт-Петербург,Wildberries,Доставлен
509521,2024-09-27,1006.0,1,3900.0,Москва,Wildberries,Доставлен
501222,2024-02-10,1023.0,1,1050.0,Регионы,Wildberries,Доставлен
505373,2024-06-02,1015.0,1,2450.0,Москва,Ozon,Доставлен
508115,2024-08-22,1023.0,1,940.0,Москва,Ozon,Доставлен
503477,2024-04-04,1024.0,1,3620.0,Регионы,Wildberries,Доставлен
505828,2024-06-17,1005.0,1,2430.0,Москва,Wildberries,Доставлен
502512,2024-03-14,1014.0,1,2550.0,Москва,Wildberries,Отменён
501172,2024-02-09,1006.0,1,3820.0,Екатеринбург,Ozon,Возврат
502723,2024-03-19,1010.0,1,1360.0,Санкт-Петербург,Ozon,Возврат
511191,2024-11-11,1007.0,1,1300.0,Новосибирск,Wildberries,Отменён
501534,2024-02-20,1013.0,2,2460.0,Москва,Wildberries,Доставлен
502225,2024-03-08,1010.0,1,1190.0,Регионы,Ozon,Доставлен
504352,2024-04-30,1006.0,1,3940.0,Регионы,Wildberries,Доставлен
501525,2024-02-20,1004.0,1,2670.0,Москва,Ozon,Доставлен
501186,2024-02-09,1023.0,1,890.0,Москва,Wildberries,Доставлен
504968,2024-05-20,1005.0,1,2370.0,Москва,Ozon,Доставлен
502306,2024-03-10,1009.0,1,1670.0,Новосибирск,Ozon,Возврат
513242,2024-12-17,1010.0,1,1230.0,Москва,Wildberries,Доставлен
513841,2024-12-27,1012.0,1,3320.0,Регионы,Ozon,Доставлен
505525,2024-06-07,1022.0,2,1660.0,Регионы,Ozon,Доставлен
510817,2024-11-02,1023.0,1,940.0,Москва,Ozon,Доставлен
502026,2024-03-04,1022.0,1,1370.0,Москва,Wildberries,Доставлен
507324,2024-08-02,1019.0,1,2280.0,Регионы,Wildberries,Доставлен
504892,2024-05-17,1023.0,2,1010.0,Регионы,Ozon,Доставлен
501427,2024-02-16,1019.0,1,2170.0,Москва,Ozon,Доставлен
506710,2024-07-14,1023.0,1,970.0,Регионы,Ozon,Доставлен
505593,2024-06-10,1003.0,1,3020.0,Екатеринбург,Wildberries,Доставлен
514105,2024-12-31,1017.0,1,1490.0,Москва,Ozon,Доставлен
502443,2024-03-13,1001.0,3,1250.0,Санкт-Петербург,Ozon,Возврат
500017,2024-01-01,1010.0,1,1270.0,Москва,Wildberries,Доставлен
507269,2024-08-01,1009.0,1,1950.0,Екатеринбург,Ozon,Возврат
509978,2024-10-10,1021.0,1,1690.0,Екатеринбург,Wildberries,Возврат
508888,2024-09-11,1002.0,1,3880.0,Екатеринбург,Wildberries,Отменён
511122,2024-11-09,1026.0,1,2590.0,Санкт-Петербург,Wildberries,Доставлен
502859,2024-03-22,1013.0,1,2250.0,Москва,Ozon,Доставлен
513567,2024-12-22,1026.0,1,2530.0,Санкт-Петербург,Ozon,Доставлен
502315,2024-03-10,1014.0,1,2720.0,Санкт-Петербург,Wildberries,Отменён
509271,2024-09-21,1006.0,1,3840.0,Москва,Wildberries,Доставлен
500432,2024-01-16,1006.0,1,3800.0,Регионы,Wildberries,Возврат
505060,2024-05-23,1013.0,1,2210.0,Москва,Ozon,Доставлен
512747,2024-12-09,1016.0,1,2310.0,Москва,Ozon,Доставлен
508129,2024-08-23,1008.0,1,4220.0,Регионы,Wildberries,Доставлен
501402,2024-02-15,1025.0,1,2540.0,Москва,Wildberries,Доставлен
502888,2024-03-22,1023.0,1,1060.0,Новосибирск,Wildberries,Доставлен
501611,2024-02-22,1014.0,1,2310.0,Новосибирск,Ozon,Возврат
511059,2024-11-08,1012.0,1,3050.0,Москва,Wildberries,Доставлен
514101,2024-12-31,1013.0,1,2230.0,Новосибирск,Wildberries,Доставлен
504957,2024-05-19,1022.0,2,1610.0,Регионы,Wildberries,Доставлен
504427,2024-05-02,1011.0,1,3410.0,Екатеринбург,Wildberries,Доставлен
511583,2024-11-18,1020.0,1,1550.0,Москва,Ozon,Доставлен
513275,2024-12-17,1023.0,1,1050.0,Екатеринбург,Ozon,Возврат
501027,2024-02-05,1006.0,1,3920.0,Санкт-Петербург,Wildberries,Возврат
506329,2024-07-02,1020.0,2,1370.0,Москва,Ozon,Возврат
500986,2024-02-04,1005.0,1,2330.0,Новосибирск,Wildberries,Доставлен
501982,2024-03-03,1022.0,1,1540.0,Регионы,Ozon,Доставлен
501033,2024-02-05,1012.0,2,2870.0,Санкт-Петербург,Ozon,Доставлен
503043,2024-03-26,1001.0,1,1220.0,Санкт-Петербург,Wildberries,Доставлен
500312,2024-01-11,1011.0,1,3810.0,Регионы,Wildberries,Возврат
502579,2024-03-15,1021.0,1,1570.0,Санкт-Петербург,Wildberries,Доставлен
510324,2024-10-20,1019.0,1,2370.0,Регионы,Wildberries,Доставлен
506884,2024-07-20,1008.0,1,4080.0,Регионы,Ozon,Доставлен
511223,2024-11-11,1026.0,1,2520.0,Санкт-Петербург,Ozon,Доставлен
510133,2024-10-15,1013.0,1,2340.0,Москва,Wildberries,Доставлен
511947,2024-11-25,1014.0,1,2270.0,Москва,Wildberries,Доставлен
506211,2024-06-28,1026.0,1,2710.0,Москва,Wildberries,Возврат
513105,2024-12-15,1003.0,1,3310.0,Санкт-Петербург,Ozon,Доставлен
504325,2024-04-29,1014.0,1,2620.0,Регионы,Wildberries,Возврат
508821,2024-09-09,1002.0,1,3770.0,Регионы,Wildberries,Доставлен
503282,2024-03-30,1022.0,2,1540.0,Регионы,Wildberries,Доставлен
503774,2024-04-14,1004.0,1,2510.0,Москва,Wildberries,Доставлен
503625,2024-04-09,1024.0,2,3400.0,Регионы,Wildberries,Доставлен
508631,2024-09-04,1021.0,1,1360.0,Новосибирск,Wildberries,Доставлен
510357,2024-10-22,1001.0,1,1210.0,Новосибирск,Wildberries,Отменён
512854,2024-12-11,1005.0,1,2240.0,Регионы,Ozon,Доставлен
512514,2024-12-05,1025.0,3,2990.0,Москва,Ozon,Доставлен
510312,2024-10-20,1012.0,2,3070.0,Москва,Wildberries,Доставлен
513148,2024-12-15,1022.0,1,1610.0,Москва,Wildberries,Доставлен
512266,2024-12-01,1022.0,1,1480.0,Санкт-Петербург,Wildberries,Отменён
501939,2024-03-02,1026.0,1,2420.0,Новосибирск,Wildberries,Возврат
507569,2024-08-08,1026.0,1,2720.0,Екатеринбург,Ozon,Доставлен
513710,2024-12-25,1009.0,1,1920.0,Екатеринбург,Wildberries,Доставлен
512389,2024-12-03,1025.0,1,2920.0,Регионы,Ozon,Доставлен
513465,2024-12-21,1004.0,1,2300.0,Москва,Wildberries,Доставлен
511538,2024-11-17,1024.0,1,2970.0,Санкт-Петербург,Wildberries,Доставлен
504069,2024-04-22,1008.0,2,5040.0,Регионы,Ozon,Доставлен
508342,2024-08-28,1005.0,1,2790.0,Москва,Ozon,Доставлен
512244,2024-12-01,1013.0,1,2630.0,Екатеринбург,Ozon,Доставлен
502682,2024-03-18,1007.0,1,1250.0,Регионы,Ozon,Доставлен
503064,2024-03-26,1014.0,1,2700.0,Регионы,Wildberries,Доставлен
502671,2024-03-17,1026.0,2,2460.0,Москва,Ozon,Доставлен
508800,2024-09-08,1015.0,1,2330.0,Москва,Wildberries,Доставлен
501515,2024-02-19,1023.0,1,920.0,Регионы,Ozon,Возврат
500627,2024-01-22,1019.0,1,1970.0,Екатеринбург,Ozon,Доставлен
508082,2024-08-22,1001.0,1,1370.0,Екатеринбург,Wildberries,Доставлен
501061,2024-02-06,1008.0,1,4000.0,Санкт-Петербург,Ozon,Доставлен
504065,2024-04-22,1005.0,1,2760.0,Новосибирск,Wildberries,Возврат
505830,2024-06-17,1006.0,2,4060.0,Регионы,Ozon,Доставлен
503855,2024-04-16,1007.0,1,1250.0,Санкт-Петербург,Wildberries,Доставлен
501404,2024-02-16,1001.0,1,1200.0,Новосибирск,Wildberries,Доставлен
511664,2024-11-20,1005.0,1,2770.0,Екатеринбург,Wildberries,Отменён
507745,2024-08-13,1007.0,1,1140.0,Санкт-Петербург,Ozon,Доставлен
512653,2024-12-08,1004.0,1,2790.0,Москва,Wildberries,Доставлен
504620,2024-05-08,1003.0,1,3500.0,Москва,Ozon,Доставлен
511876,2024-11-24,1002.0,1,3550.0,Новосибирск,Wildberries,Возврат
502414,2024-03-12,1015.0,2,2440.0,Санкт-Петербург,Ozon,Доставлен
500866,2024-01-31,1015.0,1,2360.0,Москва,Wildberries,Доставлен
514068,2024-12-30,1024.0,1,3440.0,Москва,Wildberries,Доставлен
510208,2024-10-17,1018.0,1,730.0,Новосибирск,Wildberries,Доставлен
504046,2024-04-21,1011.0,1,3760.0,Регионы,Wildberries,Возврат
508598,2024-09-04,1002.0,1,3590.0,Москва,Wildberries,Доставлен
505272,2024-05-30,1013.0,2,2240.0,Регионы,Ozon,Доставлен
512572,2024-12-07,1002.0,2,3730.0,Санкт-Петербург,Wildberries,Возврат
505755,2024-06-15,1008.0,1,4300.0,Екатеринбург,Wildberries,Доставлен
501107,2024-02-07,1014.0,2,2680.0,Москва,Ozon,Доставлен
506575,2024-07-10,1021.0,2,1570.0,Москва,Wildberries,Доставлен
500595,2024-01-21,1016.0,1,2560.0,Регионы,Wildberries,Доставлен
507146,2024-07-28,1020.0,1,1500.0,Регионы,Ozon,Доставлен
511407,2024-11-15,1007.0,1,1270.0,Санкт-Петербург,Wildberries,Возврат
504228,2024-04-26,1022.0,1,1590.0,Санкт-Петербург,Ozon,Доставлен
500600,2024-01-21,1021.0,1,1440.0,Екатеринбург,Wildberries,Доставлен
513374,2024-12-19,1015.0,1,2330.0,Новосибирск,Wildberries,Доставлен
512549,2024-12-06,1012.0,2,2830.0,Регионы,Ozon,Доставлен
508836,2024-09-09,1014.0,1,2270.0,Регионы,Ozon,Доставлен
512689,2024-12-08,1018.0,1,840.0,Регионы,Ozon,Возврат
502332,2024-03-10,1024.0,1,3570.0,Санкт-Петербург,Wildberries,Доставлен
506794,2024-07-17,1009.0,1,1670.0,Екатеринбург,Ozon,Доставлен
501077,2024-02-06,1021.0,1,1570.0,Регионы,Ozon,Доставлен
508333,2024-08-28,1001.0,1,1150.0,Москва,Ozon,Доставлен
502352,2024-03-11,1011.0,1,3340.0,Санкт-Петербург,Ozon,Доставлен
501147,2024-02-08,1018.0,1,690.0,Регионы,Wildberries,Доставлен
511918,2024-11-24,1021.0,1,1450.0,Регионы,Ozon,Доставлен
502652,2024-03-17,1020.0,1,1380.0,Москва,Ozon,Возврат
511795,2024-11-22,1016.0,1,2440.0,Москва,Wildberries,Доставлен
501797,2024-02-28,1007.0,1,1130.0,Регионы,Ozon,Доставлен
502288,2024-03-09,1025.0,2,3070.0,Москва,Wildberries,Доставлен
507349,2024-08-03,1008.0,1,4590.0,Регионы,Ozon,Отменён
513791,2024-12-26,1020.0,1,1310.0,Регионы,Ozon,Возврат
506598,2024-07-11,1011.0,1,3570.0,Регионы,Ozon,Отменён
511344,2024-11-13,1025.0,1,3130.0,Москва,Ozon,Доставлен
512077,2024-11-28,1011.0,1,3830.0,Москва,Ozon,Доставлен
508973,2024-09-13,1010.0,1,1240.0,Новосибирск,Ozon,Доставлен
508077,2024-08-21,1024.0,1,3450.0,Москва,Wildberries,Доставлен
508323,2024-08-27,1021.0,1,1400.0,Санкт-Петербург,Wildberries,Доставлен
500295,2024-01-10,1021.0,1,1390.0,Регионы,Ozon,Доставлен
509235,2024-09-20,1009.0,1,1920.0,Москва,Ozon,Доставлен
502192,2024-03-07,1020.0,1,1270.0,Новосибирск,Ozon,Доставлен
512432,2024-12-04,1013.0,1,2180.0,Москва,Ozon,Доставлен
513839,2024-12-27,1011.0,1,3450.0,Регионы,Wildberries,Возврат
513936,2024-12-28,1024.0,3,3240.0,Екатеринбург,Wildberries,Доставлен
509337,2024-09-22,1021.0,1,1490.0,Регионы,Ozon,Доставлен
512263,2024-12-01,1021.0,1,1710.0,Регионы,Ozon,Возврат
511752,2024-11-21,1022.0,2,1530.0,Москва,Wildberries,Доставлен
513016,2024-12-13,1018.0,2,800.0,Санкт-Петербург,Wildberries,Доставлен
505268,2024-05-30,1011.0,1,3900.0,Регионы,Ozon,Доставлен
509321,2024-09-22,1011.0,1,3560.0,Новосибирск,Ozon,Отменён
504088,2024-04-22,1018.0,1,690.0,Санкт-Петербург,Ozon,Доставлен
511128,2024-11-10,1001.0,1,1240.0,Москва,Wildberries,Доставлен
505592,2024-06-10,1002.0,1,4080.0,Регионы,Ozon,Доставлен
510860,2024-11-03,1020.0,1,1560.0,Москва,Wildberries,Отменён
508007,2024-08-20,1002.0,1,3440.0,Москва,Ozon,Доставлен
510481,2024-10-25,1026.0,1,2170.0,Новосибирск,Wildberries,Доставлен
502911,2024-03-23,1008.0,1,4260.0,Регионы,Wildberries,Доставлен
504980,2024-05-20,1019.0,1,2480.0,Новосибирск,Wildberries,Доставлен
512574,2024-12-07,1002.0,1,3630.0,Екатеринбург,Ozon,Доставлен
506594,2024-07-11,1010.0,1,1270.0,Москва,Wildberries,Возврат
511341,2024-11-13,1024.0,1,3070.0,Санкт-Петербург,Ozon,Доставлен
508766,2024-09-07,1021.0,1,1630.0,Регионы,Wildberries,Доставлен
509560,2024-09-28,1008.0,1,4730.0,Регионы,Wildberries,Доставлен
507678,2024-08-11,1022.0,1,1540.0,Регионы,Wildberries,Возврат
507482,2024-08-06,1022.0,1,1380.0,Москва,Wildberries,Доставлен
502593,2024-03-16,1001.0,1,1210.0,Регионы,Wildberries,Доставлен
509568,2024-09-28,1017.0,2,1370.0,Москва,Wildberries,Доставлен
500187,2024-01-06,1020.0,1,1410.0,Новосибирск,Ozon,Возврат
511580,2024-11-18,1019.0,1,2130.0,Москва,Wildberries,Доставлен
500318,2024-01-11,1017.0,1,1680.0,Москва,Wildberries,Доставлен
506047,2024-06-23,1013.0,2,2390.0,Регионы,Ozon,Доставлен
511866,2024-11-23,1024.0,1,3580.0,Регионы,Wildberries,Доставлен
507438,2024-08-05,1016.0,2,2510.0,Регионы,Wildberries,Доставлен
501438,2024-02-17,1009.0,1,1660.0,Регионы,Wildberries,Возврат
502250,2024-03-08,1026.0,1,2700.0,Регионы,Wildberries,Доставлен
513121,2024-12-15,1011.0,1,3590.0,Регионы,Wildberries,Доставлен
505890,2024-06-18,1019.0,1,2490.0,Москва,Wildberries,Доставлен
507274,2024-08-01,1011.0,1,3720.0,Регионы,Ozon,Возврат
502719,2024-03-19,1006.0,1,3830.0,Москва,Wildberries,Доставлен
513157,2024-12-15,1025.0,1,2530.0,Москва,Ozon,Доставлен
501556,2024-02-21,1004.0,2,2590.0,Екатеринбург,Ozon,Доставлен
513080,2024-12-14,1022.0,1,1620.0,Москва,Wildberries,Доставлен
513648,2024-12-24,1008.0,1,3970.0,Санкт-Петербург,Wildberries,Доставлен
507026,2024-07-25,1006.0,1,4210.0,Екатеринбург,Ozon,Возврат
504212,2024-04-26,1012.0,1,2880.0,Регионы,Wildberries,Доставлен
502076,2024-03-05,1016.0,2,2590.0,Регионы,Wildberries,Доставлен
511903,2024-11-24,1012.0,2,3140.0,Санкт-Петербург,Ozon,Доставлен
511091,2024-11-09,1009.0,2,1950.0,Екатеринбург,Wildberries,Доставлен
511562,2024-11-18,1009.0,2,1770.0,Москва,Ozon,Доставлен
509637,2024-09-30,1004.0,1,2820.0,Санкт-Петербург,Ozon,Доставлен
507964,2024-08-19,1008.0,1,4090.0,Москва,Ozon,Доставлен
503346,2024-03-31,1023.0,2,860.0,Новосибирск,Wildberries,Доставлен
500004,2024-01-01,1003.0,1,3040.0,Санкт-Петербург,Wildberries,Доставлен
509121,2024-09-17,1004.0,2,2660.0,Москва,Wildberries,Доставлен
512462,2024-12-05,1002.0,1,3810.0,Москва,Wildberries,Доставлен
505916,2024-06-19,1009.0,1,1700.0,Новосибирск,Ozon,Доставлен
502433,2024-03-12,1023.0,1,940.0,Регионы,Wildberries,Доставлен
512030,2024-11-27,1011.0,2,4010.0,Москва,Wildberries,Доставлен
513052,2024-12-14,1009.0,1,1920.0,Санкт-Петербург,Wildberries,Отменён
511247,2024-11-12,1009.0,1,1830.0,Москва,Wildberries,Доставлен
511735,2024-11-21,1011.0,1,3610.0,Санкт-Петербург,Wildberries,Доставлен
512492,2024-12-05,1012.0,1,2850.0,Москва,Ozon,Доставлен
501039,2024-02-05,1015.0,1,2320.0,Екатеринбург,Ozon,Доставлен
505981,2024-06-21,1011.0,1,3450.0,Москва,Wildberries,Доставлен
501003,2024-02-04,1012.0,1,3020.0,Санкт-Петербург,Wildberries,Доставлен
500633,2024-01-22,1024.0,1,3100.0,Регионы,Wildberries,Доставлен
502922,2024-03-23,1016.0,1,2470.0,Новосибирск,Ozon,Доставлен
512408,2024-12-04,1006.0,1,3980.0,Екатеринбург,Ozon,Доставлен
511901,2024-11-24,1010.0,1,1080.0,Новосибирск,Ozon,Доставлен
502014,2024-03-04,1016.0,1,2300.0,Екатеринбург,Ozon,Доставлен
511225,2024-11-12,1001.0,1,1210.0,Регионы,Ozon,Возврат
503228,2024-03-29,1018.0,1,840.0,Москва,Ozon,Доставлен
501448,2024-02-17,1018.0,1,730.0,Регионы,Ozon,Возврат
512799,2024-12-10,1011.0,1,3960.0,Регионы,Ozon,Доставлен
504519,2024-05-05,1008.0,1,4900.0,Регионы,Ozon,Возврат
505049,2024-05-22,1024.0,1,3270.0,Москва,Ozon,Доставлен
508781,2024-09-08,1001.0,1,1160.0,Москва,Ozon,Доставлен
512317,2024-12-02,1017.0,1,1450.0,Москва,Wildberries,Доставлен
508174,2024-08-24,1017.0,1,1480.0,Регионы,Ozon,Доставлен
512071,2024-11-28,1009.0,1,1810.0,Новосибирск,Wildberries,Доставлен
502003,2024-03-04,1006.0,2,3800.0,Москва,Wildberries,Отменён
501333,2024-02-13,1021.0,1,1440.0,Санкт-Петербург,Wildberries,Доставлен
508365,2024-08-28,1025.0,2,2880.0,Новосибирск,Wildberries,Доставлен
508593,2024-09-03,1024.0,1,3180.0,Санкт-Петербург,Ozon,Доставлен
506982,2024-07-23,1015.0,1,2370.0,Регионы,Wildberries,Доставлен
501351,2024-02-14,1012.0,1,3200.0,Регионы,Ozon,Доставлен
501954,2024-03-03,1004.0,1,2580.0,Москва,Wildberries,Доставлен
508241,2024-08-25,1021.0,1,1420.0,Санкт-Петербург,Ozon,Доставлен
509102,2024-09-16,1014.0,2,2350.0,Москва,Wildberries,Доставлен
504569,2024-05-06,1023.0,1,1000.0,Новосибирск,Wildberries,Доставлен
501431,2024-02-16,1026.0,1,2140.0,Санкт-Петербург,Ozon,Доставлен
506535,2024-07-09,1008.0,1,4630.0,Москва,Ozon,Доставлен
505541,2024-06-08,1011.0,1,3810.0,Санкт-Петербург,Wildberries,Доставлен
503191,2024-03-28,1023.0,1,840.0,Новосибирск,Wildberries,Доставлен
502745,2024-03-19,1023.0,2,850.0,Регионы,Wildberries,Доставлен
507056,2024-07-26,1004.0,1,2290.0,Регионы,Wildberries,Доставлен
503989,2024-04-19,1025.0,1,2740.0,Москва,Wildberries,Доставлен
513470,2024-12-21,1006.0,2,3910.0,Регионы,Ozon,Отменён
506107,2024-06-25,1017.0,1,1620.0,Новосибирск,Ozon,Доставлен
507008,2024-07-24,1014.0,1,2660.0,Санкт-Петербург,Wildberries,Доставлен
512168,2024-11-29,1026.0,2,2310.0,Санкт-Петербург,Ozon,Доставлен
503622,2024-04-09,1022.0,1,1690.0,Екатеринбург,Ozon,Доставлен
505744,2024-06-14,1026.0,1,2470.0,Новосибирск,Ozon,Доставлен
504314,2024-04-29,1004.0,1,2420.0,Санкт-Петербург,Ozon,Доставлен
506199,2024-06-28,1018.0,1,740.0,Новосибирск,Wildberries,Возврат
513163,2024-12-16,1001.0,1,1350.0,Москва,Ozon,Доставлен
509053,2024-09-15,1012.0,1,2990.0,Москва,Wildberries,Возврат
508245,2024-08-25,1026.0,1,2520.0,Москва,Wildberries,Доставлен
503596,2024-04-09,1008.0,2,4750.0,Москва,Wildberries,Доставлен
507012,2024-07-24,1018.0,1,770.0,Новосибирск,Wildberries,Доставлен
502065,2024-03-05,1010.0,1,1220.0,Санкт-Петербург,Wildberries,Доставлен
503672,2024-04-11,1008.0,1,4030.0,Регионы,Wildberries,Возврат
500651,2024-01-23,1018.0,1,760.0,Санкт-Петербург,Wildberries,Доставлен
502489,2024-03-13,1026.0,1,2320.0,Новосибирск,Ozon,Доставлен
507841,2024-08-15,1022.0,1,1580.0,Екатеринбург,Wildberries,Доставлен
506342,2024-07-03,1002.0,2,3890.0,Регионы,Wildberries,Доставлен
509313,2024-09-22,1002.0,2,3380.0,Москва,Ozon,Отменён
501582,2024-02-21,1019.0,2,2350.0,Москва,Ozon,Доставлен
511601,2024-11-19,1004.0,1,2400.0,Новосибирск,Wildberries,Доставлен
510383,2024-10-22,1025.0,1,2910.0,Москва,Wildberries,Доставлен
507309,2024-08-02,1009.0,1,1770.0,Регионы,Wildberries,Доставлен
503782,2024-04-14,1009.0,1,1770.0,Новосибирск,Wildberries,Доставлен
510220,2024-10-18,1001.0,1,1320.0,Москва,Wildberries,Доставлен
506394,2024-07-04,1026.0,1,2460.0,Екатеринбург,Ozon,Доставлен
502899,2024-03-22,1026.0,2,2650.0,Регионы,Wildberries,Доставлен
504456,2024-05-03,1009.0,1,1950.0,Регионы,Wildberries,Доставлен
508103,2024-08-22,1016.0,2,2510.0,Регионы,Wildberries,Доставлен
501961,2024-03-03,1005.0,1,2770.0,Москва,Wildberries,Доставлен
501028,2024-02-05,1006.0,1,4270.0,Москва,Wildberries,Доставлен
513955,2024-12-29,1007.0,1,1250.0,Регионы,Wildberries,Доставлен
511825,2024-11-23,1006.0,1,3960.0,Новосибирск,Ozon,Доставлен
502205,2024-03-07,1026.0,1,2690.0,Новосибирск,Ozon,Возврат
510209,2024-10-17,1018.0,1,680.0,Москва,Wildberries,Доставлен
500420,2024-01-15,1019.0,1,2250.0,Новосибирск,Wildberries,Доставлен
511706,2024-11-20,1023.0,3,940.0,Москва,Ozon,Доставлен
504277,2024-04-28,1004.0,1,2370.0,Регионы,Wildberries,Отменён
504185,2024-04-25,1019.0,1,2350.0,Екатеринбург,Wildberries,Доставлен
507613,2024-08-09,1023.0,2,850.0,Москва,Wildberries,Доставлен
507968,2024-08-19,1010.0,2,1270.0,Москва,Wildberries,Доставлен
507581,2024-08-09,1011.0,1,3920.0,Москва,Wildberries,Доставлен
513354,2024-12-19,1006.0,2,4060.0,Москва,Wildberries,Доставлен
507860,2024-08-16,1012.0,1,3020.0,Екатеринбург,Wildberries,Доставлен
500978,2024-02-03,1026.0,1,2680.0,Новосибирск,Wildberries,Доставлен
504883,2024-05-17,1016.0,1,2280.0,Санкт-Петербург,Wildberries,Доставлен
508893,2024-09-11,1005.0,1,2410.0,Москва,Wildberries,Доставлен
500371,2024-01-13,1021.0,1,1600.0,Регионы,Wildberries,Доставлен
509307,2024-09-21,1025.0,2,3080.0,Екатеринбург,Ozon,Возврат
512140,2024-11-29,1014.0,2,2700.0,Екатеринбург,Wildberries,Возврат
503570,2024-04-08,1005.0,1,2500.0,Регионы,Ozon,Доставлен
509773,2024-10-03,1024.0,1,3680.0,Санкт-Петербург,Wildberries,Доставлен
501183,2024-02-09,1017.0,1,1670.0,Санкт-Петербург,Wildberries,Доставлен
512295,2024-12-02,1009.0,2,1930.0,Санкт-Петербург,Wildberries,Отменён
511418,2024-11-15,1011.0,1,3420.0,Регионы,Ozon,Доставлен
507973,2024-08-19,1012.0,1,3370.0,Санкт-Петербург,Wildberries,Отменён
512493,2024-12-05,1012.0,1,3010.0,Новосибирск,Ozon,Доставлен
505647,2024-06-11,1015.0,2,2270.0,Регионы,Ozon,Доставлен
506282,2024-07-01,1014.0,1,2170.0,Москва,Ozon,Доставлен
510979,2024-11-06,1023.0,2,880.0,Екатеринбург,Ozon,Доставлен
509466,2024-09-25,1022.0,1,1690.0,Регионы,Ozon,Доставлен
505368,2024-06-02,1012.0,1,2980.0,Регионы,Wildberries,Возврат
513188,2024-12-16,1012.0,1,3060.0,Москва,Ozon,Доставлен
508882,2024-09-10,1025.0,1,2860.0,Регионы,Wildberries,Доставлен
501071,2024-02-06,1018.0,1,720.0,Москва,Wildberries,Доставлен
505652,2024-06-11,1019.0,1,2350.0,Регионы,Ozon,Доставлен
508002,2024-08-19,1025.0,1,3180.0,Регионы,Ozon,Доставлен
507966,2024-08-19,1009.0,1,1970.0,Санкт-Петербург,Wildberries,Доставлен
507073,2024-07-26,1013.0,1,2310.0,Москва,Ozon,Доставлен
513903,2024-12-28,1014.0,1,2550.0,Регионы,Wildberries,Доставлен
502770,2024-03-20,1008.0,1,4320.0,Новосибирск,Wildberries,Доставлен
500207,2024-01-07,1009.0,1,1830.0,Екатеринбург,Ozon,Отменён
500503,2024-01-18,1020.0,1,1470.0,Москва,Ozon,Доставлен
504853,2024-05-16,1015.0,1,2100.0,Москва,Wildberries,Возврат
510287,2024-10-19,1018.0,1,830.0,Москва,Wildberries,Доставлен
506148,2024-06-26,1022.0,1,1740.0,Екатеринбург,Wildberries,Доставлен
509891,2024-10-07,1019.0,1,2010.0,Москва,Wildberries,Доставлен
509595,2024-09-29,1004.0,1,2350.0,Москва,Ozon,Доставлен
506339,2024-07-02,1026.0,1,2440.0,Москва,Ozon,Доставлен
504628,2024-05-08,1010.0,1,1090.0,Санкт-Петербург,Wildberries,Доставлен
502087,2024-03-05,1022.0,1,1370.0,Санкт-Петербург,Wildberries,Возврат
513049,2024-12-14,1008.0,1,4860.0,Москва,Wildberries,Доставлен
500556,2024-01-20,1005.0,2,2520.0,Регионы,Ozon,Доставлен
506126,2024-06-26,1005.0,2,2480.0,Регионы,Wildberries,Доставлен
508068,2024-08-21,1021.0,2,1440.0,Москва,Ozon,Доставлен
511564,2024-11-18,1009.0,1,1920.0,Новосибирск,Ozon,Доставлен
513709,2024-12-25,1009.0,1,1970.0,Регионы,Ozon,Доставлен
503891,2024-04-17,1009.0,1,1640.0,Москва,Ozon,Отменён
505466,2024-06-05,1016.0,1,2310.0,Санкт-Петербург,Wildberries,Доставлен
506409,2024-07-05,1008.0,1,4470.0,Москва,Wildberries,Доставлен
501537,2024-02-20,1014.0,1,2490.0,Санкт-Петербург,Wildberries,Доставлен
513102,2024-12-15,1002.0,1,3700.0,Санкт-Петербург,Ozon,Возврат
513906,2024-12-28,1015.0,1,2230.0,Санкт-Петербург,Ozon,Доставлен
500988,2024-02-04,1006.0,2,4210.0,Регионы,Wildberries,Доставлен
511040,2024-11-08,1004.0,1,2690.0,Санкт-Петербург,Wildberries,Доставлен
505059,2024-05-23,1010.0,1,1290.0,Новосибирск,Wildberries,Доставлен
509361,2024-09-23,1007.0,1,1060.0,Регионы,Wildberries,Доставлен
506419,2024-07-05,1015.0,1,2410.0,Регионы,Wildberries,Доставлен
501976,2024-03-03,1015.0,1,2500.0,Санкт-Петербург,Wildberries,Доставлен
506161,2024-06-27,1009.0,2,1810.0,Регионы,Wildberries,Доставлен
505283,2024-05-30,1019.0,1,2290.0,Москва,Ozon,Возврат
500626,2024-01-22,1018.0,1,850.0,Москва,Ozon,Доставлен
500544,2024-01-19,1022.0,1,1390.0,Регионы,Wildberries,Доставлен
507168,2024-07-29,1007.0,2,1320.0,Санкт-Петербург,Wildberries,Доставлен
511607,2024-11-19,1007.0,2,1320.0,Регионы,Wildberries,Возврат
503718,2024-04-12,1019.0,1,1990.0,Регионы,Ozon,Доставлен
512273,2024-12-02,1002.0,1,3600.0,Регионы,Wildberries,Возврат
512161,2024-11-29,1024.0,1,3450.0,Екатеринбург,Wildberries,Доставлен
508304,2024-08-27,1010.0,1,1370.0,Санкт-Петербург,Wildberries,Отменён
501565,2024-02-21,1008.0,1,4350.0,Санкт-Петербург,Ozon,Доставлен
512938,2024-12-12,1010.0,1,1240.0,Москва,Ozon,Доставлен
505638,2024-06-11,1010.0,1,1210.0,Регионы,Ozon,Доставлен
512630,2024-12-07,1024.0,1,3740.0,Регионы,Wildberries,Доставлен
505212,2024-05-28,1013.0,1,2600.0,Санкт-Петербург,Wildberries,Доставлен
511556,2024-11-18,1005.0,1,2470.0,Санкт-Петербург,Ozon,Доставлен
505216,2024-05-28,1017.0,1,1510.0,Екатеринбург,Ozon,Возврат
507694,2024-08-12,1005.0,1,2350.0,Санкт-Петербург,Ozon,Доставлен
502270,2024-03-09,1011.0,1,3450.0,Москва,Ozon,Доставлен
501869,2024-03-01,1019.0,1,2310.0,Москва,Ozon,Возврат
507726,2024-08-12,1019.0,1,2440.0,Новосибирск,Ozon,Возврат
500713,2024-01-26,1002.0,1,3490.0,Регионы,Wildberries,Доставлен
503071,2024-03-26,1016.0,1,2400.0,Санкт-Петербург,Wildberries,Возврат
512361,2024-12-03,1012.0,1,2980.0,Санкт-Петербург,Wildberries,Отменён
510524,2024-10-26,1024.0,1,3250.0,Регионы,Wildberries,Доставлен
502789,2024-03-20,1024.0,1,3460.0,Регионы,Wildberries,Доставлен
508552,2024-09-02,1025.0,1,2680.0,Москва,Wildberries,Доставлен
503274,2024-03-30,1016.0,2,2680.0,Москва,Wildberries,Доставлен
509817,2024-10-05,1012.0,2,3050.0,Москва,Ozon,Отменён
511254,2024-11-12,1012.0,1,2830.0,Регионы,Ozon,Доставлен
506880,2024-07-20,1002.0,1,4240.0,Санкт-Петербург,Ozon,Доставлен
503435,2024-04-03,1008.0,1,4950.0,Москва,Wildberries,Доставлен
513734,2024-12-25,1019.0,1,2480.0,Санкт-Петербург,Wildberries,Отменён
509736,2024-10-02,1022.0,1,1640.0,Санкт-Петербург,Wildberries,Возврат
501604,2024-02-22,1009.0,1,1960.0,Санкт-Петербург,Ozon,Доставлен
504366,2024-04-30,1024.0,1,3090.0,Санкт-Петербург,Wildberries,Доставлен
503945,2024-04-18,1026.0,1,2380.0,Регионы,Wildberries,Возврат
503534,2024-04-07,1005.0,1,2740.0,Регионы,Wildberries,Доставлен
510482,2024-10-26,1001.0,1,1240.0,Москва,Wildberries,Доставлен
511210,2024-11-11,1019.0,3,2250.0,Москва,Ozon,Доставлен
506917,2024-07-21,1007.0,2,1140.0,Регионы,Ozon,Доставлен
513132,2024-12-15,1013.0,2,2170.0,Москва,Ozon,Доставлен
512276,2024-12-02,1003.0,1,3430.0,Москва,Wildberries,Доставлен
507492,2024-08-07,1008.0,1,5020.0,Регионы,Ozon,Доставлен
507810,2024-08-15,1004.0,1,2690.0,Москва,Ozon,Доставлен
506808,2024-07-17,1020.0,2,1520.0,Санкт-Петербург,Ozon,Доставлен
503862,2024-04-16,1016.0,1,2800.0,Новосибирск,Ozon,Доставлен
506829,2024-07-18,1012.0,1,3250.0,Москва,Wildberries,Доставлен
500173,2024-01-06,1004.0,1,2300.0,Москва,Wildberries,Доставлен
505620,2024-06-11,1003.0,1,3740.0,Екатеринбург,Wildberries,Доставлен
511134,2024-11-10,1006.0,1,3690.0,Новосибирск,Wildberries,Доставлен
504962,2024-05-19,1026.0,2,2370.0,Санкт-Петербург,Ozon,Доставлен
510725,2024-11-01,1004.0,1,2610.0,Москва,Wildberries,Возврат
512687,2024-12-08,1018.0,1,800.0,Регионы,Wildberries,Доставлен
501140,2024-02-08,1016.0,1,2360.0,Регионы,Wildberries,Доставлен
501752,2024-02-26,1026.0,1,2730.0,Москва,Wildberries,Доставлен
502559,2024-03-15,1011.0,1,3160.0,Москва,Wildberries,Доставлен
500612,2024-01-22,1007.0,1,1060.0,Москва,Wildberries,Возврат
501760,2024-02-27,1005.0,1,2770.0,Санкт-Петербург,Wildberries,Доставлен
501550,2024-02-20,1026.0,2,2670.0,Екатеринбург,Wildberries,Доставлен
507199,2024-07-29,1026.0,1,2340.0,Регионы,Wildberries,Отменён
501209,2024-02-10,1014.0,2,2320.0,Санкт-Петербург,Wildberries,Доставлен
513569,2024-12-22,1026.0,1,2510.0,Москва,Wildberries,Доставлен
505236,2024-05-29,1007.0,1,1070.0,Москва,Wildberries,Доставлен
512807,2024-12-10,1014.0,1,2410.0,Москва,Wildberries,Доставлен
506914,2024-07-21,1002.0,1,3460.0,Новосибирск,Wildberries,Доставлен
501238,2024-02-11,1006.0,2,4450.0,Москва,Wildberries,Доставлен
506612,2024-07-11,1021.0,1,1490.0,Регионы,Ozon,Доставлен
503041,2024-03-26,1001.0,1,1320.0,Регионы,Wildberries,Возврат
507647,2024-08-10,1024.0,2,3210.0,Регионы,Wildberries,Доставлен
503469,2024-04-04,1010.0,2,1300.0,Регионы,Wildberries,Доставлен
509439,2024-09-25,1002.0,2,3760.0,Москва,Wildberries,Доставлен
503642,2024-04-10,1014.0,1,2460.0,Екатеринбург,Ozon,Доставлен
508200,2024-08-25,1001.0,1,1220.0,Москва,Ozon,Доставлен
510044,2024-10-12,1018.0,1,810.0,Москва,Wildberries,Доставлен
503201,2024-03-29,1001.0,1,1210.0,Москва,Wildberries,Доставлен
504661,2024-05-09,1018.0,1,830.0,Регионы,Wildberries,Доставлен
503757,2024-04-13,1023.0,1,840.0,Москва,Ozon,Доставлен
511151,2024-11-10,1012.0,1,2950.0,Москва,Ozon,Доставлен
510144,2024-10-15,1019.0,1,2240.0,Регионы,Ozon,Доставлен
513005,2024-12-13,1013.0,1,2430.0,Москва,Wildberries,Возврат
512137,2024-11-29,1013.0,1,2100.0,Санкт-Петербург,Wildberries,Доставлен
506466,2024-07-06,1026.0,1,2340.0,Регионы,Wildberries,Доставлен
511078,2024-11-08,1026.0,2,2470.0,Москва,Wildberries,Доставлен
500440,2024-01-16,1016.0,1,2500.0,Новосибирск,Wildberries,Доставлен
505651,2024-06-11,1018.0,1,830.0,Регионы,Ozon,Доставлен
507428,2024-08-05,1010.0,1,1130.0,Екатеринбург,Wildberries,Возврат
500665,2024-01-24,1008.0,2,4200.0,Москва,Ozon,Возврат
501425,2024-02-16,1018.0,1,780.0,Регионы,Wildberries,Доставлен
507265,2024-08-01,1006.0,2,4380.0,Москва,Ozon,Отменён
510501,2024-10-26,1011.0,2,3520.0,Санкт-Петербург,Wildberries,Доставлен
509881,2024-10-07,1010.0,1,1110.0,Новосибирск,Ozon,Отменён
503690,2024-04-11,1024.0,1,3240.0,Москва,Ozon,Доставлен
511952,2024-11-25,1018.0,2,830.0,Новосибирск,Ozon,Доставлен
501115,2024-02-07,1020.0,2,1270.0,Регионы,Wildberries,Доставлен
503610,2024-04-09,1016.0,1,2220.0,Регионы,Ozon,Доставлен
512193,2024-11-30,1019.0,1,2400.0,Санкт-Петербург,Wildberries,Отменён
506413,2024-07-05,1011.0,1,3370.0,Санкт-Петербург,Wildberries,Доставлен
501006,2024-02-04,1013.0,1,2400.0,Екатеринбург,Wildberries,Доставлен
500474,2024-01-17,1023.0,1,970.0,Екатеринбург,Wildberries,Отменён
511733,2024-11-21,1010.0,1,1140.0,Регионы,Ozon,Возврат
509708,2024-10-01,1024.0,2,3120.0,Екатеринбург,Wildberries,Доставлен
511739,2024-11-21,1015.0,1,2110.0,Екатеринбург,Wildberries,Доставлен
504803,2024-05-14,1010.0,1,1260.0,Москва,Wildberries,Отменён
509042,2024-09-15,1003.0,1,3700.0,Регионы,Wildberries,Доставлен
507594,2024-08-09,1016.0,1,2510.0,Москва,Wildberries,Доставлен
507622,2024-08-10,1005.0,1,2480.0,Новосибирск,Ozon,Доставлен
509453,2024-09-25,1014.0,1,2160.0,Регионы,Wildberries,Доставлен
512381,2024-12-03,1020.0,1,1610.0,Санкт-Петербург,Wildberries,Доставлен
503803,2024-04-15,1002.0,1,3660.0,Москва,Wildberries,Доставлен
509149,2024-09-17,1021.0,1,1530.0,Екатеринбург,Wildberries,Доставлен
505892,2024-06-18,1020.0,3,1260.0,Регионы,Ozon,Доставлен
500985,2024-02-04,1005.0,1,2320.0,Москва,Wildberries,Доставлен
506776,2024-07-16,1024.0,1,3370.0,Москва,Ozon,Доставлен
504521,2024-05-05,1009.0,1,1630.0,Москва,Wildberries,Доставлен
513322,2024-12-18,1013.0,1,2180.0,Новосибирск,Ozon,Отменён
513849,2024-12-27,1018.0,1,760.0,Санкт-Петербург,Ozon,Возврат
509971,2024-10-10,1010.0,3,1090.0,Екатеринбург,Ozon,Доставлен
505285,2024-05-30,1020.0,1,1260.0,Регионы,Ozon,Возврат
500947,2024-02-03,1004.0,1,2280.0,Москва,Wildberries,Возврат
509056,2024-09-15,1014.0,1,2330.0,Санкт-Петербург,Wildberries,Доставлен
507356,2024-08-03,1012.0,1,2680.0,Новосибирск,Wildberries,Доставлен
504579,2024-05-07,1010.0,1,1250.0,Регионы,Ozon,Доставлен
512944,2024-12-12,1012.0,1,2670.0,Екатеринбург,Wildberries,Возврат
513782,2024-12-26,1017.0,2,1390.0,Новосибирск,Wildberries,Доставлен
503537,2024-04-07,1009.0,1,1710.0,Москва,Ozon,Доставлен
511673,2024-11-20,1007.0,1,1140.0,Москва,Ozon,Доставлен
501458,2024-02-17,1024.0,1,3190.0,Москва,Wildberries,Отменён
505824,2024-06-17,1003.0,2,3380.0,Москва,Ozon,Доставлен
500252,2024-01-09,1004.0,1,2390.0,Регионы,Ozon,Возврат
507222,2024-07-30,1024.0,1,3680.0,Москва,Ozon,Доставлен
509754,2024-10-03,1008.0,1,4690.0,Екатеринбург,Wildberries,Доставлен
500333,2024-01-12,1002.0,1,3350.0,Регионы,Wildberries,Доставлен
507690,2024-08-12,1004.0,2,2490.0,Регионы,Ozon,Доставлен
505442,2024-06-04,1025.0,1,3200.0,Москва,Wildberries,Доставлен
504128,2024-04-23,1024.0,2,3550.0,Санкт-Петербург,Wildberries,Доставлен
512580,2024-12-07,1004.0,1,2530.0,Регионы,Wildberries,Доставлен
505834,2024-06-17,1011.0,1,3210.0,Екатеринбург,Wildberries,Возврат
500060,2024-01-03,1002.0,1,3370.0,Новосибирск,Ozon,Доставлен
510038,2024-10-12,1010.0,2,1310.0,Регионы,Wildberries,Доставлен
503582,2024-04-08,1018.0,1,720.0,Москва,Ozon,Доставлен
504322,2024-04-29,1009.0,1,1720.0,Регионы,Wildberries,Доставлен
501508,2024-02-19,1015.0,1,2240.0,Регионы,Wildberries,Доставлен
512606,2024-12-07,1012.0,1,2700.0,Москва,Wildberries,Доставлен
501652,2024-02-23,1020.0,1,1350.0,Санкт-Петербург,Wildberries,Доставлен
510703,2024-10-31,1022.0,2,1670.0,Санкт-Петербург,Wildberries,Доставлен
512547,2024-12-06,1011.0,1,3460.0,Екатеринбург,Ozon,Доставлен
513085,2024-12-14,1024.0,1,3160.0,Регионы,Wildberries,Возврат
502691,2024-03-18,1015.0,1,2560.0,Регионы,Wildberries,Доставлен
507422,2024-08-05,1007.0,1,1300.0,Санкт-Петербург,Wildberries,Возврат
502196,2024-03-07,1022.0,1,1460.0,Москва,Ozon,Доставлен
502664,2024-03-17,1024.0,1,3170.0,Москва,Wildberries,Доставлен
505160,2024-05-26,1023.0,1,900.0,Регионы,Ozon,Доставлен
506713,2024-07-15,1001.0,1,1150.0,Екатеринбург,Ozon,Доставлен
502699,2024-03-18,1022.0,1,1370.0,Регионы,Wildberries,Доставлен
503708,2024-04-12,1012.0,1,2680.0,Екатеринбург,Wildberries,Возврат
507874,2024-08-16,1017.0,1,1730.0,Москва,Wildberries,Доставлен
508757,2024-09-07,1017.0,1,1400.0,Регионы,Wildberries,Доставлен
504537,2024-05-05,1021.0,1,1610.0,Москва,Wildberries,Доставлен
511937,2024-11-25,1008.0,1,4770.0,Санкт-Петербург,Ozon,Доставлен
513438,2024-12-20,1020.0,1,1610.0,Москва,Wildberries,Отменён
507760,2024-08-13,1016.0,1,2410.0,Регионы,Wildberries,Доставлен
503182,2024-03-28,1020.0,1,1390.0,Москва,Ozon,Доставлен
512536,2024-12-06,1007.0,2,1270.0,Регионы,Wildberries,Отменён
512734,2024-12-09,1010.0,1,1240.0,Регионы,Wildberries,Доставлен
505590,2024-06-10,1002.0,1,3960.0,Регионы,Wildberries,Доставлен
511335,2024-11-13,1022.0,1,1420.0,Санкт-Петербург,Ozon,Доставлен
509174,2024-09-18,1019.0,1,2250.0,Санкт-Петербург,Wildberries,Доставлен
509780,2024-10-04,1007.0,1,1210.0,Екатеринбург,Ozon,Доставлен
503618,2024-04-09,1020.0,1,1490.0,Регионы,Ozon,Доставлен
511797,2024-11-22,1017.0,1,1680.0,Новосибирск,Ozon,Доставлен
512533,2024-12-06,1007.0,1,1240.0,Регионы,Ozon,Доставлен
507799,2024-08-14,1019.0,1,2320.0,Москва,Ozon,Доставлен
500351,2024-01-12,1024.0,2,3540.0,Москва,Ozon,Доставлен
512736,2024-12-09,1010.0,1,1270.0,Регионы,Wildberries,Доставлен
512785,2024-12-10,1007.0,1,1270.0,Москва,Ozon,Отменён
504202,2024-04-26,1004.0,1,2310.0,Москва,Wildberries,Доставлен
509503,2024-09-26,1021.0,1,1690.0,Регионы,Wildberries,Доставлен
502359,2024-03-11,1014.0,1,2410.0,Новосибирск,Wildberries,Доставлен
509435,2024-09-25,1001.0,1,1320.0,Санкт-Петербург,Wildberries,Доставлен
507302,2024-08-02,1004.0,2,2480.0,Регионы,Wildberries,Доставлен
509651,2024-09-30,1013.0,1,2420.0,Москва,Wildberries,Доставлен
500443,2024-01-16,1021.0,1,1580.0,Москва,Wildberries,Доставлен
507691,2024-08-12,1004.0,1,2660.0,Санкт-Петербург,Ozon,Доставлен
506268,2024-06-30,1025.0,1,3090.0,Москва,Wildberries,Доставлен
506375,2024-07-04,1009.0,1,1710.0,Новосибирск,Wildberries,Доставлен
513377,2024-12-19,1016.0,1,2660.0,Регионы,Wildberries,Доставлен
513520,2024-12-22,1005.0,3,2260.0,Санкт-Петербург,Wildberries,Доставлен
504667,2024-05-09,1025.0,1,3040.0,Екатеринбург,Wildberries,Доставлен
510327,2024-10-20,1022.0,1,1380.0,Москва,Wildberries,Возврат
509925,2024-10-08,1020.0,1,1440.0,Регионы,Wildberries,Отменён
505677,2024-06-12,1019.0,1,2280.0,Москва,Ozon,Доставлен
513258,2024-12-17,1016.0,1,2270.0,Регионы,Wildberries,Доставлен
505923,2024-06-19,1015.0,1,2360.0,Новосибирск,Ozon,Доставлен
500654,2024-01-23,1023.0,1,960.0,Регионы,Wildberries,Доставлен
502613,2024-03-16,1017.0,1,1450.0,Регионы,Wildberries,Доставлен
501223,2024-02-10,1024.0,1,3180.0,Москва,Ozon,Отменён
506243,2024-06-30,1002.0,2,3640.0,Санкт-Петербург,Wildberries,Отменён
507342,2024-08-03,1004.0,1,2570.0,Регионы,Ozon,Доставлен
504688,2024-05-10,1013.0,2,2410.0,Москва,Wildberries,Доставлен
513004,2024-12-13,1013.0,1,2140.0,Регионы,Wildberries,Доставлен
508768,2024-09-07,1021.0,1,1710.0,Регионы,Ozon,Доставлен
512315,2024-12-02,1016.0,1,2300.0,Москва,Wildberries,Доставлен
509642,2024-09-30,1007.0,2,1270.0,Регионы,Wildberries,Доставлен
504812,2024-05-14,1020.0,2,1350.0,Санкт-Петербург,Ozon,Доставлен
513124,2024-12-15,1011.0,1,3690.0,Москва,Wildberries,Доставлен
505148,2024-05-26,1015.0,1,2370.0,Регионы,Ozon,Отменён
505952,2024-06-20,1014.0,2,2360.0,Москва,Wildberries,Возврат
504779,2024-05-13,1010.0,1,1110.0,Новосибирск,Wildberries,Доставлен
502030,2024-03-04,1022.0,2,1460.0,Екатеринбург,Wildberries,Доставлен
511786,2024-11-22,1012.0,1,2680.0,Екатеринбург,Wildberries,Отменён
513952,2024-12-29,1006.0,1,4100.0,Регионы,Wildberries,Доставлен
511239,2024-11-12,1007.0,1,1130.0,Москва,Wildberries,Доставлен
509513,2024-09-26,1025.0,1,2630.0,Москва,Ozon,Доставлен
502634,2024-03-17,1006.0,1,4100.0,Регионы,Wildberries,Доставлен
513166,2024-12-16,1003.0,1,3670.0,Регионы,Ozon,Возврат
505226,2024-05-28,1026.0,2,2380.0,Санкт-Петербург,Wildberries,Доставлен
502465,2024-03-13,1015.0,2,2190.0,Екатеринбург,Ozon,Доставлен
505158,2024-05-26,1023.0,1,1000.0,Регионы,Ozon,Возврат
503084,2024-03-26,1022.0,1,1740.0,Москва,Wildberries,Доставлен
510400,2024-10-23,1013.0,1,2290.0,Екатеринбург,Wildberries,Доставлен
508577,2024-09-03,1017.0,1,1690.0,Санкт-Петербург,Ozon,Доставлен
506930,2024-07-21,1019.0,1,2270.0,Регионы,Wildberries,Доставлен
509470,2024-09-25,1024.0,1,3600.0,Регионы,Ozon,Доставлен
500770,2024-01-27,1024.0,1,3570.0,Регионы,Wildberries,Доставлен
505144,2024-05-26,1011.0,1,3270.0,Санкт-Петербург,Wildberries,Доставлен
502686,2024-03-18,1013.0,1,2370.0,Регионы,Wildberries,Доставлен
509531,2024-09-27,1010.0,1,1210.0,Москва,Wildberries,Доставлен
510520,2024-10-26,1021.0,1,1570.0,Москва,Wildberries,Отменён
510349,2024-10-21,1017.0,1,1390.0,Москва,Ozon,Доставлен
507892,2024-08-17,1003.0,1,3270.0,Москва,Ozon,Доставлен
508261,2024-08-26,1011.0,1,3640.0,Москва,Wildberries,Доставлен
502235,2024-03-08,1020.0,1,1540.0,Регионы,Wildberries,Отменён
505674,2024-06-12,1016.0,1,2270.0,Санкт-Петербург,Wildberries,Возврат
510091,2024-10-14,1004.0,1,2420.0,Новосибирск,Ozon,Доставлен
508901,2024-09-11,1008.0,1,4140.0,Регионы,Wildberries,Доставлен
508366,2024-08-28,1025.0,3,2970.0,Новосибирск,Wildberries,Доставлен
513902,2024-12-28,1013.0,1,2290.0,Регионы,Ozon,Доставлен
503087,2024-03-26,1023.0,2,860.0,Регионы,Ozon,Доставлен
503497,2024-04-05,1023.0,1,880.0,Регионы,Wildberries,Доставлен
505367,2024-06-02,1012.0,1,2830.0,Регионы,Wildberries,Доставлен
503987,2024-04-19,1023.0,1,850.0,Санкт-Петербург,Wildberries,Доставлен
503166,2024-03-28,1011.0,1,3600.0,Регионы,Wildberries,Доставлен
511956,2024-11-25,1020.0,1,1320.0,Москва,Ozon,Доставлен
503936,2024-04-18,1022.0,1,1570.0,Москва,Ozon,Доставлен
508562,2024-09-03,1006.0,1,3650.0,Санкт-Петербург,Wildberries,Доставлен
504028,2024-04-20,1024.0,2,3660.0,Санкт-Петербург,Ozon,Доставлен
510069,2024-10-13,1012.0,1,2860.0,Москва,Wildberries,Доставлен
502748,2024-03-19,1024.0,1,3490.0,Санкт-Петербург,Wildberries,Доставлен
504762,2024-05-12,1024.0,1,3140.0,Новосибирск,Ozon,Доставлен
505215,2024-05-28,1017.0,1,1540.0,Регионы,Ozon,Доставлен
512078,2024-11-28,1012.0,1,2660.0,Регионы,Wildberries,Доставлен
501715,2024-02-25,1020.0,1,1560.0,Москва,Ozon,Доставлен
506593,2024-07-11,1009.0,2,1910.0,Регионы,Ozon,Доставлен
503459,2024-04-04,1002.0,2,4070.0,Санкт-Петербург,Wildberries,Доставлен
513159,2024-12-15,1026.0,1,2160.0,Москва,Wildberries,Доставлен
500748,2024-01-27,1009.0,1,1890.0,Москва,Ozon,Доставлен
513800,2024-12-26,1022.0,1,1650.0,Санкт-Петербург,Wildberries,Доставлен
503907,2024-04-17,1026.0,3,2450.0,Санкт-Петербург,Ozon,Доставлен
506577,2024-07-10,1023.0,1,960.0,Регионы,Ozon,Доставлен
502970,2024-03-24,1013.0,1,2660.0,Москва,Wildberries,Доставлен
506297,2024-07-01,1022.0,1,1460.0,Екатеринбург,Ozon,Доставлен
504685,2024-05-10,1011.0,1,3380.0,Москва,Wildberries,Доставлен
513363,2024-12-19,1010.0,1,1350.0,Москва,Wildberries,Доставлен
507792,2024-08-14,1014.0,1,2150.0,Регионы,Wildberries,Доставлен
509035,2024-09-14,1025.0,1,2580.0,Санкт-Петербург,Ozon,Доставлен
504240,2024-04-27,1003.0,1,2990.0,Санкт-Петербург,Ozon,Доставлен
513828,2024-12-27,1008.0,1,4170.0,Москва,Wildberries,Доставлен
508858,2024-09-10,1008.0,1,4070.0,Новосибирск,Wildberries,Доставлен
505265,2024-05-30,1007.0,1,1110.0,Санкт-Петербург,Ozon,Доставлен
502178,2024-03-07,1012.0,1,3020.0,Москва,Wildberries,Доставлен
511960,2024-11-25,1021.0,1,1690.0,Санкт-Петербург,Ozon,Доставлен
505900,2024-06-18,1024.0,1,3670.0,Москва,Wildberries,Доставлен
508647,2024-09-05,1002.0,1,3700.0,Санкт-Петербург,Ozon,Доставлен
501839,2024-03-01,1001.0,1,1290.0,Регионы,Wildberries,Возврат
507843,2024-08-15,1026.0,1,2710.0,Новосибирск,Wildberries,Доставлен
508744,2024-09-07,1006.0,2,3630.0,Регионы,Ozon,Доставлен
509854,2024-10-06,1015.0,1,2400.0,Новосибирск,Wildberries,Возврат
509572,2024-09-28,1019.0,1,2150.0,Регионы,Wildberries,Доставлен
503693,2024-04-11,1024.0,1,3220.0,Регионы,Ozon,Доставлен
511178,2024-11-10,1026.0,1,2170.0,Екатеринбург,Ozon,Доставлен
511875,2024-11-24,1001.0,1,1110.0,Регионы,Wildberries,Доставлен
505020,2024-05-21,1022.0,1,1580.0,Регионы,Ozon,Доставлен
505084,2024-05-24,1014.0,1,2600.0,Регионы,Ozon,Доставлен
506026,2024-06-22,1019.0,1,2490.0,Москва,Wildberries,Доставлен
507798,2024-08-14,1018.0,1,860.0,Москва,Ozon,Возврат
511153,2024-11-10,1013.0,1,2650.0,Москва,Wildberries,Доставлен
509231,2024-09-20,1007.0,1,1290.0,Москва,Ozon,Возврат
507249,2024-07-31,1019.0,1,2240.0,Екатеринбург,Wildberries,Доставлен
512109,2024-11-29,1001.0,1,1330.0,Регионы,Wildberries,Возврат
508565,2024-09-03,1010.0,1,1160.0,Екатеринбург,Wildberries,Доставлен
504119,2024-04-23,1020.0,1,1300.0,Регионы,Wildberries,Доставлен
501118,2024-02-07,1020.0,1,1460.0,Москва,Wildberries,Доставлен
500394,2024-01-14,1013.0,1,2510.0,Регионы,Wildberries,Доставлен
501642,2024-02-23,1011.0,1,3540.0,Регионы,Wildberries,Доставлен
509703,2024-10-01,1021.0,1,1620.0,Новосибирск,Wildberries,Доставлен
502447,2024-03-13,1003.0,1,3660.0,Москва,Ozon,Доставлен
504669,2024-05-09,1026.0,1,2240.0,Регионы,Wildberries,Доставлен
502608,2024-03-16,1014.0,1,2250.0,Регионы,Ozon,Отменён
508064,2024-08-21,1020.0,1,1350.0,Москва,Ozon,Доставлен
512243,2024-12-01,1012.0,1,2840.0,Новосибирск,Ozon,Доставлен
511222,2024-11-11,1025.0,2,2590.0,Екатеринбург,Wildberries,Доставлен
503555,2024-04-07,1022.0,1,1670.0,Санкт-Петербург,Wildberries,Доставлен
512491,2024-12-05,1012.0,1,2790.0,Новосибирск,Ozon,Доставлен
501263,2024-02-11,1022.0,1,1640.0,Регионы,Ozon,Доставлен
513629,2024-12-23,1025.0,1,3130.0,Новосибирск,Ozon,Доставлен
511630,2024-11-19,1015.0,1,2070.0,Регионы,Wildberries,Доставлен
512230,2024-12-01,1008.0,2,3990.0,Регионы,Ozon,Возврат
500471,2024-01-17,1020.0,2,1470.0,Новосибирск,Ozon,Доставлен
505584,2024-06-09,1021.0,2,1660.0,Санкт-Петербург,Wildberries,Отменён
504067,2024-04-22,1007.0,1,1210.0,Екатеринбург,Ozon,Возврат
512217,2024-12-01,1003.0,1,3260.0,Санкт-Петербург,Ozon,Доставлен
509960,2024-10-10,1005.0,1,2790.0,Регионы,Wildberries,Возврат
508438,2024-08-30,1020.0,1,1460.0,Москва,Ozon,Доставлен
506909,2024-07-20,1024.0,1,3580.0,Новосибирск,Wildberries,Доставлен
502156,2024-03-06,1026.0,1,2610.0,Екатеринбург,Wildberries,Доставлен
506541,2024-07-09,1016.0,1,2490.0,Регионы,Wildberries,Доставлен
501311,2024-02-13,1003.0,2,3610.0,Санкт-Петербург,Ozon,Доставлен
511571,2024-11-18,1013.0,1,2490.0,Санкт-Петербург,Wildberries,Доставлен
502773,2024-03-20,1011.0,1,3610.0,Екатеринбург,Ozon,Доставлен
512072,2024-11-28,1011.0,1,3180.0,Екатеринбург,Ozon,Доставлен
509186,2024-09-18,1026.0,1,2190.0,Регионы,Wildberries,Доставлен
502729,2024-03-19,1013.0,1,2140.0,Регионы,Ozon,Доставлен
506345,2024-07-03,1010.0,1,1230.0,Регионы,Ozon,Доставлен
505073,2024-05-23,1026.0,1,2410.0,Регионы,Wildberries,Отменён
506724,2024-07-15,1010.0,1,1190.0,Регионы,Ozon,Доставлен
513920,2024-12-28,1019.0,3,2340.0,Регионы,Wildberries,Возврат
513848,2024-12-27,1017.0,1,1450.0,Санкт-Петербург,Wildberries,Отменён
506219,2024-06-29,1007.0,1,1100.0,Регионы,Wildberries,Доставлен
512007,2024-11-26,1025.0,3,3200.0,Регионы,Wildberries,Доставлен
513915,2024-12-28,1017.0,2,1730.0,Регионы,Ozon,Доставлен
510167,2024-10-16,1009.0,1,1910.0,Санкт-Петербург,Wildberries,Доставлен
508143,2024-08-23,1017.0,1,1560.0,Екатеринбург,Ozon,Доставлен
503324,2024-03-31,1012.0,1,2890.0,Москва,Ozon,Возврат
512125,2024-11-29,1009.0,2,1930.0,Санкт-Петербург,Wildberries,Доставлен
509837,2024-10-06,1002.0,1,3360.0,Москва,Wildberries,Доставлен
505468,2024-06-05,1018.0,1,730.0,Новосибирск,Wildberries,Доставлен
511293,2024-11-13,1007.0,1,1180.0,Екатеринбург,Wildberries,Доставлен
505012,2024-05-21,1015.0,1,2240.0,Новосибирск,Ozon,Доставлен
504699,2024-05-10,1024.0,1,3110.0,Екатеринбург,Wildberries,Доставлен
503911,2024-04-18,1003.0,1,3300.0,Москва,Ozon,Доставлен
505087,2024-05-24,1017.0,1,1380.0,Регионы,Wildberries,Доставлен
501702,2024-02-25,1007.0,1,1080.0,Регионы,Ozon,Доставлен
513217,2024-12-17,1003.0,1,3730.0,Екатеринбург,Wildberries,Доставлен
501536,2024-02-20,1014.0,2,2420.0,Москва,Ozon,Доставлен
509173,2024-09-18,1017.0,1,1450.0,Москва,Ozon,Доставлен
506694,2024-07-14,1006.0,1,3880.0,Москва,Wildberries,Доставлен
505202,2024-05-28,1005.0,1,2650.0,Новосибирск,Wildberries,Доставлен
508935,2024-09-12,1008.0,2,4270.0,Санкт-Петербург,Ozon,Доставлен
501190,2024-02-09,1026.0,1,2620.0,Новосибирск,Ozon,Доставлен
512927,2024-12-12,1007.0,1,1290.0,Новосибирск,Ozon,Доставлен
500741,2024-01-27,1005.0,1,2240.0,Москва,Ozon,Доставлен
500130,2024-01-05,1004.0,1,2350.0,Екатеринбург,Wildberries,Доставлен
506336,2024-07-02,1025.0,2,2940.0,Регионы,Wildberries,Доставлен
503355,2024-04-01,1004.0,1,2830.0,Санкт-Петербург,Ozon,Доставлен
504868,2024-05-17,1004.0,1,2780.0,Екатеринбург,Ozon,Доставлен
501410,2024-02-16,1003.0,3,3680.0,Регионы,Wildberries,Отменён
503095,2024-03-26,1026.0,1,2730.0,Регионы,Ozon,Доставлен
502725,2024-03-19,1011.0,2,3530.0,Регионы,Wildberries,Доставлен
508459,2024-08-31,1012.0,1,3070.0,Регионы,Wildberries,Доставлен
509922,2024-10-08,1017.0,2,1410.0,Москва,Ozon,Доставлен
500046,2024-01-02,1016.0,1,2520.0,Новосибирск,Wildberries,Доставлен
503767,2024-04-13,1026.0,1,2400.0,Москва,Wildberries,Возврат
502041,2024-03-05,1001.0,1,1400.0,Новосибирск,Wildberries,Доставлен
508952,2024-09-12,1019.0,1,2370.0,Регионы,Wildberries,Доставлен
512973,2024-12-13,1001.0,1,1120.0,Регионы,Wildberries,Доставлен
502068,2024-03-05,1012.0,1,2920.0,Регионы,Wildberries,Возврат
511516,2024-11-17,1013.0,1,2240.0,Регионы,Wildberries,Доставлен
502868,2024-03-22,1016.0,1,2730.0,Новосибирск,Wildberries,Доставлен
509632,2024-09-30,1001.0,1,1250.0,Новосибирск,Wildberries,Доставлен
512159,2024-11-29,1023.0,1,880.0,Екатеринбург,Wildberries,Доставлен
505471,2024-06-05,1020.0,1,1510.0,Екатеринбург,Wildberries,Возврат
509126,2024-09-17,1005.0,1,2770.0,Регионы,Ozon,Доставлен
508390,2024-08-29,1019.0,1,2000.0,Новосибирск,Ozon,Возврат
506987,2024-07-23,1018.0,2,730.0,Регионы,Wildberries,Возврат
505478,2024-06-06,1001.0,1,1210.0,Екатеринбург,Ozon,Доставлен
506976,2024-07-23,1004.0,1,2450.0,Регионы,Wildberries,Доставлен
513136,2024-12-15,1014.0,1,2210.0,Москва,Wildberries,Доставлен
512406,2024-12-04,1005.0,1,2440.0,Москва,Wildberries,Доставлен
505942,2024-06-20,1007.0,1,1130.0,Регионы,Wildberries,Доставлен
503158,2024-03-28,1004.0,1,2830.0,Регионы,Wildberries,Доставлен
509688,2024-10-01,1010.0,1,1330.0,Регионы,Ozon,Доставлен
504937,2024-05-19,1008.0,1,4280.0,Санкт-Петербург,Ozon,Доставлен
503423,2024-04-03,1002.0,1,3770.0,Москва,Wildberries,Доставлен
509187,2031-01-01,1001.0,1,1380.0,Регионы,Wildberries,Доставлен
504956,2024-05-19,1021.0,1,1370.0,Регионы,Wildberries,Доставлен
509648,2024-09-30,1011.0,2,3190.0,Москва,Wildberries,Возврат
502197,2024-03-07,1023.0,1,1020.0,Москва,Ozon,Доставлен
501850,2024-03-01,1003.0,1,3420.0,Санкт-Петербург,Wildberries,Доставлен
510662,2024-10-30,1018.0,2,830.0,Москва,Ozon,Доставлен
504911,2024-05-18,1014.0,1,2220.0,Регионы,Wildberries,Доставлен
500337,2024-01-12,1004.0,1,2480.0,Москва,Wildberries,Отменён
505552,2024-06-08,1020.0,1,1350.0,Регионы,Ozon,Доставлен
501283,2024-02-12,1013.0,2,2540.0,Регионы,Ozon,Доставлен
504412,2024-05-02,1005.0,1,2230.0,Екатеринбург,Wildberries,Доставлен
512469,2024-12-05,1004.0,1,2240.0,Регионы,Wildberries,Доставлен
511343,2024-11-13,1025.0,1,2600.0,Москва,Ozon,Доставлен
510439,2024-10-24,1014.0,1,2440.0,Регионы,Wildberries,Доставлен
506081,2024-06-24,1018.0,1,820.0,Регионы,Wildberries,Доставлен
507943,2024-08-18,1015.0,1,2050.0,Москва,Ozon,Отменён
504030,2024-04-20,1024.0,1,3690.0,Москва,Ozon,Доставлен
506911,2024-07-20,1025.0,1,2630.0,Москва,Wildberries,Возврат
506973,2024-07-23,1001.0,2,1200.0,Санкт-Петербург,Wildberries,Доставлен
502562,2024-03-15,1012.0,1,2920.0,Регионы,Wildberries,Доставлен
501052,2024-02-05,1026.0,1,2680.0,Регионы,Wildberries,Возврат
510949,2024-11-06,1003.0,1,3430.0,Санкт-Петербург,Wildberries,Доставлен
508811,2024-09-08,1021.0,1,1460.0,Москва,Wildberries,Возврат
504882,2024-05-17,1015.0,1,2480.0,Регионы,Wildberries,Доставлен
509555,2024-09-28,1005.0,1,2310.0,Регионы,Wildberries,Доставлен
513214,2024-12-17,1001.0,1,1310.0,Санкт-Петербург,Ozon,Отменён
500189,2024-01-06,1021.0,1,1490.0,Москва,Wildberries,Доставлен
510528,2024-10-26,1025.0,1,3030.0,Екатеринбург,Ozon,Доставлен
507196,2024-07-29,1026.0,2,2320.0,Екатеринбург,Ozon,Доставлен
506619,2024-07-11,1025.0,1,2640.0,Регионы,Ozon,Доставлен
504842,2024-05-16,1004.0,1,2530.0,Регионы,Wildberries,Доставлен
510627,2024-10-29,1011.0,2,4000.0,Регионы,Ozon,Доставлен
514050,2024-12-30,1019.0,1,2490.0,Новосибирск,Wildberries,Доставлен
502639,2024-03-17,1009.0,1,1810.0,Санкт-Петербург,Ozon,Доставлен
505528,2024-06-07,1023.0,1,980.0,Екатеринбург,Wildberries,Доставлен
504757,2024-05-12,1021.0,2,1590.0,Москва,Ozon,Доставлен
510371,2024-10-22,1014.0,1,2550.0,Екатеринбург,Ozon,Доставлен
500736,2024-01-26,1026.0,1,2510.0,Регионы,Wildberries,Доставлен
503099,2024-03-27,1003.0,1,3470.0,Санкт-Петербург,Ozon,Доставлен
511927,2024-11-25,1003.0,1,2940.0,Екатеринбург,Wildberries,Доставлен
510813,2024-11-02,1021.0,2,1530.0,Регионы,Ozon,Доставлен
511803,2024-11-22,1020.0,1,1330.0,Новосибирск,Wildberries,Доставлен
510097,2024-10-14,1009.0,1,1920.0,Екатеринбург,Wildberries,Доставлен
510879,2024-11-04,1003.0,1,3220.0,Регионы,Wildberries,Доставлен
509420,2024-09-24,1017.0,1,1720.0,Регионы,Ozon,Доставлен
505887,2024-06-18,1018.0,1,750.0,Москва,Wildberries,Доставлен
502159,2024-03-07,1002.0,2,4040.0,Регионы,Ozon,Доставлен
508555,2024-09-03,1001.0,2,1220.0,Регионы,Ozon,Доставлен
502617,2024-03-16,1022.0,1,1470.0,Москва,Ozon,Доставлен
513405,2024-12-20,1003.0,1,3710.0,Екатеринбург,Wildberries,Доставлен
505585,2024-06-09,1022.0,1,1500.0,Москва,Ozon,Отменён
500861,2024-01-31,1010.0,1,1150.0,Регионы,Wildberries,Доставлен
513337,2024-12-18,1024.0,1,3640.0,Москва,Ozon,Возврат
511071,2024-11-08,1023.0,1,910.0,Санкт-Петербург,Ozon,Доставлен
511979,2024-11-26,1010.0,1,1130.0,Санкт-Петербург,Ozon,Доставлен
510388,2024-10-23,1006.0,1,4260.0,Москва,Wildberries,Доставлен
508571,2024-09-03,1014.0,1,2350.0,Регионы,Ozon,Доставлен
506008,2024-06-22,1011.0,1,3860.0,Регионы,Wildberries,Доставлен
508097,2024-08-22,1012.0,1,2690.0,Москва,Wildberries,Доставлен
513125,2024-12-15,1011.0,1,3860.0,Москва,Wildberries,Доставлен
510455,2024-10-25,1001.0,1,1210.0,Регионы,Ozon,Доставлен
504243,2024-04-27,1007.0,1,1320.0,Регионы,Ozon,Доставлен
502341,2024-03-11,1002.0,2,4230.0,Новосибирск,Ozon,Доставлен
510538,2024-10-27,1002.0,1,3480.0,Москва,Ozon,Доставлен
503859,2024-04-16,1013.0,1,2330.0,Санкт-Петербург,Ozon,Доставлен
500424,2024-01-15,1026.0,1,2240.0,Москва,Wildberries,Доставлен
500428,2024-01-16,1004.0,1,2630.0,Москва,Ozon,Доставлен
503257,2024-03-30,1003.0,1,3180.0,Екатеринбург,Ozon,Возврат
513717,2024-12-25,1012.0,1,3160.0,Москва,Wildberries,Возврат
513498,2024-12-21,1021.0,1,1670.0,Москва,Ozon,Доставлен
500204,2024-01-07,1005.0,1,2730.0,Москва,Wildberries,Возврат
513922,2024-12-28,1019.0,1,2350.0,Новосибирск,Wildberries,Доставлен
504713,2024-05-11,1009.0,1,1720.0,Москва,Wildberries,Доставлен
510408,2024-10-23,1020.0,1,1580.0,Санкт-Петербург,Wildberries,Доставлен
502766,2024-03-20,1006.0,1,4460.0,Екатеринбург,Wildberries,Отменён
504125,2024-04-23,1023.0,1,1010.0,Новосибирск,Wildberries,Доставлен
504469,2024-05-03,1020.0,1,1480.0,Москва,Wildberries,Доставлен
510229,2024-10-18,1008.0,1,4660.0,Санкт-Петербург,Ozon,Доставлен
512842,2024-12-11,1002.0,1,3640.0,Москва,Ozon,Отменён
507579,2024-08-09,1010.0,1,1260.0,Регионы,Wildberries,Доставлен
507452,2024-08-05,1023.0,1,870.0,Новосибирск,Ozon,Доставлен
504790,2024-05-13,1017.0,2,1430.0,Москва,Ozon,Доставлен
512827,2024-12-10,1023.0,1,1000.0,Санкт-Петербург,Ozon,Возврат
500827,2024-01-30,1001.0,2,1300.0,Санкт-Петербург,Ozon,Доставлен
503632,2024-04-10,1005.0,1,2400.0,Москва,Ozon,Возврат
506545,2024-07-09,1020.0,1,1570.0,Екатеринбург,Wildberries,Доставлен
500319,2024-01-11,1017.0,1,1420.0,Регионы,Ozon,Доставлен
507618,2024-08-10,1001.0,1,1330.0,Москва,Wildberries,Доставлен
509395,2024-09-24,1001.0,1,1210.0,Екатеринбург,Wildberries,Доставлен
507368,2024-08-03,1018.0,2,860.0,Москва,Wildberries,Доставлен
504101,2024-04-23,1004.0,1,2410.0,Новосибирск,Wildberries,Доставлен
503474,2024-04-04,1017.0,1,1700.0,Санкт-Петербург,Wildberries,Доставлен
507334,2024-08-02,1023.0,1,930.0,Регионы,Ozon,Доставлен
501216,2024-02-10,1018.0,1,750.0,Екатеринбург,Ozon,Доставлен
500752,2024-01-27,1011.0,2,3200.0,Москва,Wildberries,Доставлен
500020,2024-01-01,1014.0,2,2480.0,Санкт-Петербург,Wildberries,Доставлен
501735,2024-02-26,1011.0,1,3990.0,Москва,Ozon,Доставлен
513057,2024-12-14,1010.0,1,1170.0,Регионы,Ozon,Доставлен
509566,2024-09-28,1015.0,1,2590.0,Регионы,Wildberries,Возврат
500635,2024-01-22,1026.0,1,2450.0,Новосибирск,Wildberries,Доставлен
512529,2024-12-06,1005.0,1,2760.0,Регионы,Ozon,Доставлен
509522,2024-09-27,1006.0,1,4070.0,Москва,Wildberries,Доставлен
500272,2024-01-09,1024.0,3,3750.0,Регионы,Ozon,Доставлен
510683,2024-10-31,1004.0,1,2610.0,Москва,Ozon,Доставлен
513226,2024-12-17,1006.0,1,3960.0,Москва,Ozon,Доставлен
501558,2024-02-21,1006.0,1,3810.0,Регионы,Wildberries,Доставлен
501353,2024-02-14,1016.0,2,2540.0,Санкт-Петербург,Wildberries,Доставлен
507975,2024-08-19,1013.0,1,2200.0,Москва,Wildberries,Доставлен
509782,2024-10-04,1007.0,2,1330.0,Санкт-Петербург,Ozon,Доставлен
503116,2024-03-27,1010.0,2,1100.0,Москва,Ozon,Доставлен
501043,2024-02-05,1018.0,1,860.0,Москва,Ozon,Доставлен
505875,2024-06-18,1013.0,1,2150.0,Санкт-Петербург,Ozon,Доставлен
501950,2024-03-03,1002.0,3,3930.0,Екатеринбург,Ozon,Доставлен
510360,2024-10-22,1002.0,1,4230.0,Екатеринбург,Wildberries,Доставлен
513871,2024-12-28,1003.0,1,3600.0,Екатеринбург,Wildberries,Доставлен
501956,2024-03-03,1004.0,1,2380.0,Санкт-Петербург,Wildberries,Доставлен
502037,2024-03-04,1025.0,1,2800.0,Санкт-Петербург,Wildberries,Доставлен
508076,2024-08-21,1024.0,1,3040.0,Регионы,Wildberries,Доставлен
512604,2024-12-07,1011.0,2,4000.0,Регионы,Wildberries,Доставлен
507761,2024-08-13,1017.0,1,1490.0,Санкт-Петербург,Wildberries,Доставлен
512605,2024-12-07,1011.0,1,3370.0,Санкт-Петербург,Wildberries,Возврат
510217,2024-10-17,1024.0,2,3210.0,Москва,Ozon,Доставлен
502046,2024-03-05,1002.0,2,4040.0,Регионы,Ozon,Отменён
511492,2024-11-16,1026.0,2,2240.0,Москва,Wildberries,Доставлен
502439,2024-03-12,1025.0,1,2610.0,Новосибирск,Wildberries,Доставлен
503689,2024-04-11,1024.0,1,3100.0,Москва,Wildberries,Доставлен
502007,2024-03-04,1012.0,2,2870.0,Москва,Wildberries,Доставлен
505071,2024-05-23,1024.0,1,3700.0,Регионы,Wildberries,Доставлен
506810,2024-07-17,1021.0,1,1640.0,Регионы,Wildberries,Возврат
501812,2024-02-28,1024.0,2,3460.0,Регионы,Ozon,Доставлен
508296,2024-08-27,1002.0,1,4100.0,Екатеринбург,Wildberries,Доставлен
501648,2024-02-23,1018.0,1,780.0,Екатеринбург,Ozon,Доставлен
501977,2024-03-03,1016.0,1,2630.0,Регионы,Wildberries,Доставлен
508885,2024-09-10,1026.0,2,2450.0,Регионы,Wildberries,Доставлен
508892,2024-09-11,1004.0,1,2520.0,Санкт-Петербург,Wildberries,Доставлен
503338,2024-03-31,1020.0,1,1540.0,Екатеринбург,Wildberries,Доставлен
506310,2024-07-02,1007.0,2,1070.0,Москва,Ozon,Доставлен
504726,2024-05-11,1021.0,1,1490.0,Регионы,Ozon,Доставлен
509475,2024-09-26,1002.0,1,4110.0,Регионы,Wildberries,Доставлен
513410,2024-12-20,1006.0,1,3640.0,Москва,Wildberries,Возврат
512279,2024-12-02,1003.0,1,3300.0,Новосибирск,Ozon,Доставлен
507185,2024-07-29,1020.0,1,1350.0,Москва,Wildberries,Доставлен
512101,2024-11-28,1025.0,1,2730.0,Регионы,Wildberries,Доставлен
503443,2024-04-03,1016.0,1,2600.0,Регионы,Ozon,Доставлен
503356,2024-04-01,1004.0,1,2620.0,Санкт-Петербург,Wildberries,Доставлен
507135,2024-07-28,1011.0,1,3340.0,Москва,Wildberries,Доставлен
513686,2024-12-24,1023.0,1,1060.0,Санкт-Петербург,Ozon,Доставлен
503357,2024-04-01,1004.0,1,2840.0,Новосибирск,Wildberries,Доставлен
513688,2024-12-24,1024.0,1,3530.0,Санкт-Петербург,Ozon,Отменён
504818,2024-05-15,1005.0,1,2480.0,Регионы,Ozon,Доставлен
506853,2024-07-19,1003.0,1,3240.0,Регионы,Ozon,Доставлен
501776,2024-02-27,1018.0,1,700.0,Санкт-Петербург,Ozon,Доставлен
511931,2024-11-25,1006.0,1,3650.0,Екатеринбург,Wildberries,Доставлен
504268,2024-04-27,1024.0,1,3490.0,Москва,Wildberries,Возврат
507075,2024-07-26,1014.0,1,2580.0,Санкт-Петербург,Wildberries,Доставлен
503399,2024-04-02,1009.0,2,1680.0,Санкт-Петербург,Ozon,Возврат
505010,2024-05-21,1014.0,2,2510.0,Москва,Ozon,Возврат
512589,2024-12-07,1008.0,1,4550.0,Регионы,Wildberries,Доставлен
504836,2024-05-15,1023.0,1,980.0,Москва,Wildberries,Возврат
505616,2024-06-10,1025.0,1,3200.0,Москва,Ozon,Доставлен
510748,2024-11-01,1012.0,1,3200.0,Москва,Wildberries,Доставлен
504826,2024-05-15,1018.0,1,710.0,Санкт-Петербург,Wildberries,Доставлен
507603,2024-08-09,1020.0,1,1550.0,Санкт-Петербург,Wildberries,Доставлен
510737,2024-11-01,1008.0,1,4500.0,Санкт-Петербург,Ozon,Доставлен
505018,2024-05-21,1021.0,1,1430.0,Москва,Wildberries,Доставлен
505065,2024-05-23,1018.0,1,790.0,Регионы,Wildberries,Доставлен
512032,2024-11-27,1013.0,1,2170.0,Регионы,Ozon,Доставлен
513865,2024-12-28,1001.0,1,1300.0,Регионы,Ozon,Доставлен
504563,2024-05-06,1017.0,1,1480.0,Регионы,Wildberries,Доставлен
506142,2024-06-26,1018.0,1,690.0,Екатеринбург,Wildberries,Доставлен
500934,2024-02-02,1019.0,1,2430.0,Москва,Ozon,Отменён
508919,2024-09-11,1024.0,1,3350.0,Новосибирск,Wildberries,Доставлен
510936,2024-11-05,1022.0,1,1400.0,Санкт-Петербург,Ozon,Доставлен
501955,2024-03-03,1004.0,1,2340.0,Москва,Wildberries,Отменён
506058,2024-06-23,1021.0,1,1550.0,Екатеринбург,Ozon,Возврат
502011,2024-03-04,1014.0,1,2540.0,Москва,Ozon,Доставлен
510161,2024-10-16,1007.0,1,1220.0,Москва,Wildberries,Доставлен
504538,2024-05-05,1024.0,2,3660.0,Новосибирск,Ozon,Доставлен
509279,2024-09-21,1008.0,1,4210.0,Москва,Wildberries,Доставлен
512835,2024-12-10,1026.0,1,2680.0,Санкт-Петербург,Wildberries,Возврат
513682,2024-12-24,1023.0,1,870.0,Санкт-Петербург,Ozon,Доставлен
505191,2024-05-27,1020.0,2,1420.0,Москва,Wildberries,Доставлен
511487,2024-11-16,1025.0,2,2760.0,Москва,Wildberries,Доставлен
507325,2024-08-02,1020.0,3,1270.0,Регионы,Ozon,Доставлен
510848,2024-11-03,1011.0,1,3850.0,Екатеринбург,Wildberries,Доставлен
501615,2024-02-22,1017.0,1,1530.0,Санкт-Петербург,Ozon,Доставлен
502526,2024-03-14,1024.0,1,3360.0,Новосибирск,Wildberries,Возврат
509181,2024-09-18,1022.0,1,1640.0,Регионы,Wildberries,Возврат
500427,2024-01-16,1001.0,2,1130.0,Екатеринбург,Wildberries,Доставлен
507173,2024-07-29,1011.0,1,3680.0,Регионы,Wildberries,Отменён
512425,2024-12-04,1010.0,1,1120.0,Регионы,Ozon,Возврат
501704,2024-02-25,1010.0,1,1310.0,Москва,Wildberries,Доставлен
507759,2024-08-13,1016.0,1,2580.0,Екатеринбург,Wildberries,Доставлен
503635,2024-04-10,1007.0,1,1090.0,Санкт-Петербург,Ozon,Доставлен
513859,2024-12-27,1025.0,1,2850.0,Москва,Ozon,Доставлен
510893,2024-11-04,1012.0,1,2940.0,Регионы,Wildberries,Доставлен
508158,2024-08-24,1004.0,1,2310.0,Москва,Ozon,Доставлен
502164,2024-03-07,1004.0,1,2640.0,Москва,Wildberries,Доставлен
503291,2024-03-30,1024.0,1,3740.0,Регионы,Wildberries,Возврат
501327,2024-02-13,1016.0,1,2320.0,Санкт-Петербург,Ozon,Доставлен
512282,2024-12-02,1004.0,1,2710.0,Москва,Ozon,Доставлен
505695,2024-06-13,1007.0,2,1140.0,Москва,Wildberries,Отменён
512739,2024-12-09,1011.0,1,3770.0,Москва,Wildberries,Доставлен
512422,2024-12-04,1009.0,1,1720.0,Санкт-Петербург,Ozon,Доставлен
500464,2024-01-17,1012.0,1,3240.0,Регионы,Ozon,Доставлен
507080,2024-07-26,1022.0,1,1600.0,Регионы,Wildberries,Доставлен
502312,2024-03-10,1011.0,1,3970.0,Санкт-Петербург,Wildberries,Отменён
510915,2024-11-05,1008.0,1,4270.0,Регионы,Wildberries,Доставлен
504549,2024-05-06,1002.0,1,3790.0,Москва,Wildberries,Отменён
511648,2024-11-19,1024.0,1,3670.0,Санкт-Петербург,Ozon,Отменён
507466,2024-08-06,1012.0,1,2730.0,Москва,Ozon,Доставлен
507003,2024-07-24,1008.0,1,4340.0,Москва,Ozon,Доставлен
510934,2024-11-05,1019.0,2,2000.0,Санкт-Петербург,Wildberries,Доставлен
508704,2024-09-06,1006.0,1,3850.0,Регионы,Wildberries,Доставлен
512247,2024-12-01,1013.0,1,2090.0,Регионы,Wildberries,Доставлен
509827,2024-10-05,1023.0,1,840.0,Екатеринбург,Ozon,Доставлен
511410,2024-11-15,1009.0,1,1650.0,Москва,Wildberries,Доставлен
510942,2024-11-05,1025.0,1,2750.0,Регионы,Wildberries,Доставлен
505457,2024-06-05,1007.0,1,1120.0,Регионы,Ozon,Доставлен
504130,2024-04-23,1025.0,1,2630.0,Регионы,Wildberries,Доставлен
507554,2024-08-08,1017.0,1,1660.0,Санкт-Петербург,Wildberries,Возврат
507508,2024-08-07,1018.0,1,800.0,Екатеринбург,Wildberries,Доставлен
502677,2024-03-18,1004.0,1,2370.0,Регионы,Ozon,Доставлен
507972,2024-08-19,1011.0,1,3780.0,Москва,Wildberries,Доставлен
503239,2024-03-29,1023.0,1,1040.0,Регионы,Wildberries,Доставлен
512322,2024-12-02,1018.0,2,830.0,Екатеринбург,Wildberries,Доставлен
502713,2024-03-19,1003.0,2,3220.0,Москва,Ozon,Доставлен
503336,2024-03-31,1020.0,1,1480.0,Москва,Ozon,Доставлен
513976,2024-12-29,1017.0,2,1600.0,Москва,Wildberries,Доставлен
512957,2024-12-12,1017.0,1,1390.0,Санкт-Петербург,Wildberries,Возврат
505920,2024-06-19,1013.0,1,2380.0,Москва,Wildberries,Доставлен
513250,2024-12-17,1013.0,3,2360.0,Санкт-Петербург,Wildberries,Доставлен
502973,2024-03-24,1014.0,1,2500.0,Регионы,Ozon,Доставлен
505405,2024-06-03,1022.0,1,1450.0,Екатеринбург,Wildberries,Доставлен
512924,2024-12-12,1004.0,1,2470.0,Москва,Wildberries,Доставлен
509750,2024-10-03,1006.0,1,4420.0,Москва,Ozon,Доставлен
508897,2024-09-11,1008.0,1,4820.0,Екатеринбург,Ozon,Доставлен
509713,2024-10-02,1003.0,1,3090.0,Москва,Ozon,Доставлен
504376,2024-05-01,1006.0,1,4400.0,Москва,Wildberries,Доставлен
507454,2024-08-05,1025.0,2,2830.0,Екатеринбург,Ozon,Возврат
505491,2024-06-06,1010.0,1,1140.0,Москва,Wildberries,Доставлен
502121,2024-03-06,1012.0,1,3150.0,Санкт-Петербург,Ozon,Доставлен
508167,2024-08-24,1011.0,1,3380.0,Москва,Wildberries,Доставлен
506516,2024-07-08,1017.0,1,1560.0,Санкт-Петербург,Wildberries,Доставлен
510086,2024-10-14,1001.0,2,1200.0,Регионы,Ozon,Доставлен
500399,2024-01-14,1019.0,1,2320.0,Регионы,Wildberries,Доставлен
501985,2024-03-03,1023.0,2,1050.0,Москва,Wildberries,Отменён
509161,2024-09-18,1007.0,2,1130.0,Екатеринбург,Ozon,Возврат
507550,2024-08-08,1014.0,3,2430.0,Регионы,Wildberries,Доставлен
508326,2024-08-27,1022.0,1,1600.0,Регионы,Wildberries,Доставлен
509201,2024-09-19,1011.0,2,3500.0,Москва,Wildberries,Доставлен
509125,2024-09-17,1005.0,1,2570.0,Новосибирск,Wildberries,Доставлен
502963,2024-03-24,1010.0,1,1090.0,Регионы,Ozon,Доставлен
509776,2024-10-03,1026.0,1,2340.0,Регионы,Wildberries,Доставлен
511004,2024-11-07,1008.0,1,5040.0,Регионы,Wildberries,Доставлен
500136,2024-01-05,1008.0,1,4940.0,Москва,Wildberries,Возврат
505349,2024-06-01,1026.0,1,2260.0,Екатеринбург,Ozon,Доставлен
511334,2024-11-13,1021.0,1,1720.0,Санкт-Петербург,Wildberries,Доставлен
510504,2024-10-26,1014.0,1,2570.0,Регионы,Wildberries,Доставлен
500231,2024-01-08,1008.0,1,4280.0,Москва,Wildberries,Доставлен
502742,2024-03-19,1022.0,1,1560.0,Регионы,Wildberries,Доставлен
511722,2024-11-21,1004.0,1,2520.0,Санкт-Петербург,Wildberries,Доставлен
510816,2024-11-02,1022.0,3,1640.0,Регионы,Ozon,Доставлен
513150,2024-12-15,1022.0,1,1590.0,Москва,Wildberries,Доставлен
506893,2024-07-20,1015.0,1,2360.0,Новосибирск,Ozon,Возврат
510024,2024-10-11,1025.0,1,2840.0,Москва,Ozon,Доставлен
504335,2024-04-29,1022.0,1,1500.0,Регионы,Wildberries,Доставлен
500745,2024-01-27,1006.0,3,4530.0,Москва,Wildberries,Доставлен
514085,2024-12-31,1006.0,1,4430.0,Санкт-Петербург,Wildberries,Доставлен
501919,2024-03-02,1012.0,1,2930.0,Регионы,Ozon,Доставлен
502938,2024-03-23,1025.0,1,3020.0,Москва,Wildberries,Доставлен
513574,2024-12-23,1002.0,1,3460.0,Москва,Wildberries,Доставлен
501948,2024-03-03,1002.0,1,3480.0,Москва,Wildberries,Доставлен
512671,2024-12-08,1011.0,2,3340.0,Москва,Wildberries,Доставлен
502165,2024-03-07,1004.0,1,2440.0,Регионы,Wildberries,Доставлен
505195,2024-05-27,1026.0,3,2290.0,Москва,Wildberries,Доставлен
508905,2024-09-11,1012.0,2,2660.0,Санкт-Петербург,Wildberries,Доставлен
502016,2024-03-04,1017.0,1,1550.0,Екатеринбург,Wildberries,Доставлен
502856,2024-03-22,1009.0,1,1840.0,Новосибирск,Wildberries,Доставлен
513623,2024-12-23,1022.0,1,1710.0,Санкт-Петербург,Wildberries,Доставлен
509818,2024-10-05,1012.0,3,2870.0,Санкт-Петербург,Wildberries,Возврат
505397,2024-06-03,1014.0,2,2520.0,Москва,Ozon,Доставлен
500965,2024-02-03,1016.0,1,2460.0,Новосибирск,Wildberries,Доставлен
510339,2024-10-21,1011.0,1,3210.0,Регионы,Ozon,Доставлен
500828,2024-01-30,1003.0,2,3430.0,Новосибирск,Ozon,Доставлен
506939,2024-07-21,1025.0,1,2670.0,Санкт-Петербург,Wildberries,Доставлен
505102,2024-05-25,1002.0,2,3850.0,Регионы,Ozon,Доставлен
506458,2024-07-06,1021.0,1,1440.0,Москва,Wildberries,Возврат
510896,2024-11-04,1014.0,1,2360.0,Москва,Wildberries,Доставлен
509814,2024-10-05,1009.0,2,1960.0,Москва,Ozon,Доставлен
501941,2024-03-03,1001.0,1,1190.0,Новосибирск,Ozon,Доставлен
508597,2024-09-04,1001.0,1,1320.0,Регионы,Ozon,Доставлен
500158,2024-01-05,1024.0,1,3140.0,Новосибирск,Wildberries,Доставлен
511281,2024-11-13,1001.0,2,1340.0,Москва,Wildberries,Возврат
502855,2024-03-22,1008.0,1,4390.0,Москва,Wildberries,Доставлен
506242,2024-06-30,1001.0,1,1230.0,Москва,Ozon,Доставлен
500229,2024-01-08,1006.0,1,4160.0,Екатеринбург,Ozon,Доставлен
506349,2024-07-03,1012.0,1,2770.0,Регионы,Wildberries,Доставлен
511446,2024-11-16,1003.0,1,3530.0,Регионы,Wildberries,Возврат
505362,2024-06-02,1010.0,1,1350.0,Москва,Ozon,Доставлен
500962,2024-02-03,1015.0,1,2380.0,Регионы,Ozon,Доставлен
506607,2024-07-11,1015.0,3,2160.0,Регионы,Wildberries,Доставлен
510051,2024-10-12,1025.0,2,3050.0,Санкт-Петербург,Wildberries,Возврат
509656,2024-09-30,1018.0,1,850.0,Санкт-Петербург,Ozon,Доставлен
501241,2024-02-11,1008.0,1,4000.0,Москва,Ozon,Доставлен
503425,2024-04-03,1003.0,1,3680.0,Новосибирск,Ozon,Доставлен
508016,2024-08-20,1011.0,1,3420.0,Регионы,Wildberries,Доставлен
508737,2024-09-07,1003.0,2,3500.0,Регионы,Wildberries,Отменён
503512,2024-04-06,1015.0,1,2060.0,Екатеринбург,Ozon,Доставлен
500980,2024-02-04,1001.0,2,1260.0,Санкт-Петербург,Wildberries,Доставлен
508073,2024-08-21,1023.0,2,930.0,Регионы,Wildberries,Отменён
512173,2024-11-30,1004.0,1,2640.0,Санкт-Петербург,Wildberries,Доставлен
504825,2024-05-15,1016.0,1,2610.0,Регионы,Ozon,Доставлен
512090,2024-11-28,1020.0,1,1460.0,Москва,Wildberries,Доставлен
506711,2024-07-14,1025.0,1,2670.0,Екатеринбург,Wildberries,Доставлен
503806,2024-04-15,1005.0,1,2290.0,Екатеринбург,Ozon,Доставлен
503113,2024-03-27,1008.0,1,4930.0,Регионы,Ozon,Доставлен
504711,2024-05-11,1009.0,2,1830.0,Москва,Ozon,Доставлен
505862,2024-06-18,1006.0,1,4570.0,Москва,Ozon,Доставлен
512254,2024-12-01,1018.0,1,810.0,Екатеринбург,Ozon,Доставлен
502345,2024-03-11,1005.0,2,2720.0,Москва,Wildberries,Доставлен
500842,2024-01-30,1012.0,1,2820.0,Екатеринбург,Ozon,Доставлен
511323,2024-11-13,1016.0,1,2490.0,Санкт-Петербург,Wildberries,Возврат
505572,2024-06-09,1009.0,1,1600.0,Москва,Wildberries,Доставлен
504965,2024-05-20,1003.0,1,3570.0,Москва,Wildberries,Доставлен
513937,2024-12-28,1024.0,1,3120.0,Москва,Ozon,Доставлен
501467,2024-02-18,1003.0,1,3590.0,Москва,Wildberries,Возврат
513203,2024-12-16,1019.0,1,2350.0,Новосибирск,Ozon,Доставлен
509692,2024-10-01,1012.0,2,3250.0,Регионы,Wildberries,Доставлен
502191,2024-03-07,1020.0,1,1560.0,Санкт-Петербург,Ozon,Доставлен
511085,2024-11-09,1005.0,1,2490.0,Регионы,Wildberries,Доставлен
509203,2024-09-19,1013.0,1,2490.0,Санкт-Петербург,Ozon,Возврат
504102,2024-04-23,1005.0,1,2460.0,Новосибирск,Ozon,Доставлен
500954,2024-02-03,1008.0,1,3980.0,Москва,Wildberries,Доставлен
505296,2024-05-31,1008.0,1,4000.0,Санкт-Петербург,Wildberries,Возврат
508448,2024-08-31,1005.0,3,2650.0,Санкт-Петербург,Ozon,Доставлен
510655,2024-10-30,1014.0,2,2290.0,Москва,Wildberries,Доставлен
513179,2024-12-16,1010.0,1,1370.0,Москва,Wildberries,Доставлен
500505,2024-01-18,1021.0,1,1590.0,Регионы,Wildberries,Доставлен
504888,2024-05-17,1022.0,1,1710.0,Новосибирск,Wildberries,Доставлен
512506,2024-12-05,1019.0,2,2280.0,Новосибирск,Wildberries,Доставлен
507837,2024-08-15,1020.0,1,1480.0,Санкт-Петербург,Wildberries,Доставлен
509215,2024-09-19,1021.0,1,1530.0,Санкт-Петербург,Ozon,Доставлен
510776,2024-11-02,1003.0,1,3630.0,Регионы,Wildberries,Доставлен
511272,2024-11-12,1022.0,1,1600.0,Екатеринбург,Ozon,Возврат
513949,2024-12-29,1005.0,1,2780.0,Москва,Wildberries,Доставлен
506940,2024-07-21,1025.0,1,2850.0,Санкт-Петербург,Wildberries,Доставлен
506800,2024-07-17,1013.0,1,2320.0,Регионы,Wildberries,Возврат
511553,2024-11-18,1004.0,2,2230.0,Москва,Ozon,Возврат
505527,2024-06-07,1023.0,1,880.0,Екатеринбург,Wildberries,Доставлен
510356,2024-10-22,1001.0,1,1350.0,Регионы,Ozon,Доставлен
513785,2024-12-26,1018.0,2,830.0,Екатеринбург,Ozon,Доставлен
503015,2024-03-25,1015.0,2,2600.0,Москва,Ozon,Доставлен
513642,2024-12-24,1005.0,1,2490.0,Москва,Ozon,Отменён
502061,2024-03-05,1008.0,3,4990.0,Санкт-Петербург,Wildberries,Доставлен
502966,2024-03-24,1010.0,2,1310.0,Москва,Wildberries,Доставлен
511948,2024-11-25,1014.0,1,2520.0,Москва,Wildberries,Доставлен
504298,2024-04-28,1017.0,1,1500.0,Регионы,Wildberries,Доставлен
512509,2024-12-05,1021.0,1,1680.0,Екатеринбург,Wildberries,Доставлен
507602,2024-08-09,1019.0,1,1990.0,Москва,Ozon,Доставлен
506459,2024-07-06,1022.0,1,1740.0,Москва,Wildberries,Возврат
513014,2024-12-13,1016.0,2,2540.0,Москва,Ozon,Возврат
511154,2024-11-10,1013.0,1,2240.0,Регионы,Ozon,Доставлен
508938,2024-09-12,1013.0,1,2490.0,Москва,Wildberries,Доставлен
506561,2024-07-10,1006.0,1,4480.0,Регионы,Ozon,Доставлен
504115,2024-04-23,1019.0,1,2070.0,Регионы,Ozon,Возврат
505846,2024-06-17,1020.0,1,1390.0,Екатеринбург,Wildberries,Доставлен
502637,2024-03-17,1007.0,1,1280.0,Екатеринбург,Ozon,Доставлен
509437,2024-09-25,1001.0,2,1310.0,Регионы,Wildberries,Доставлен
512790,2024-12-10,1007.0,1,1070.0,Москва,Wildberries,Доставлен
503523,2024-04-06,1022.0,1,1570.0,Новосибирск,Ozon,Доставлен
502382,2024-03-11,1023.0,3,1000.0,Москва,Wildberries,Доставлен
509896,2024-10-07,1023.0,1,1000.0,Москва,Wildberries,Доставлен
510765,2024-11-01,1022.0,1,1520.0,Регионы,Wildberries,Доставлен
510814,2024-11-02,1021.0,1,1580.0,Регионы,Wildberries,Доставлен
512567,2024-12-06,1026.0,1,2680.0,Санкт-Петербург,Wildberries,Доставлен
513087,2024-12-14,1025.0,1,2760.0,Москва,Ozon,Доставлен
506380,2024-07-04,1016.0,1,2670.0,Санкт-Петербург,Wildberries,Доставлен
504338,2024-04-29,1023.0,1,950.0,Санкт-Петербург,Wildberries,Возврат
506313,2024-07-02,1008.0,1,5050.0,Санкт-Петербург,Ozon,Доставлен
500328,2024-01-11,1025.0,3,2850.0,Москва,Wildberries,Доставлен
502267,2024-03-09,1008.0,1,4190.0,Новосибирск,Wildberries,Доставлен
511366,2024-11-14,1009.0,1,1800.0,Новосибирск,Wildberries,Доставлен
507327,2024-08-02,1020.0,1,1400.0,Москва,Wildberries,Доставлен
509329,2024-09-22,1015.0,1,2540.0,Санкт-Петербург,Wildberries,Доставлен
510865,2024-11-03,1023.0,1,910.0,Новосибирск,Wildberries,Доставлен
504780,2024-05-13,1010.0,1,1370.0,Москва,Ozon,Доставлен
512902,2024-12-11,1021.0,2,1710.0,Москва,Wildberries,Отменён
512892,2024-12-11,1018.0,3,700.0,Москва,Wildberries,Доставлен
509658,2024-09-30,1018.0,1,710.0,Регионы,Ozon,Доставлен
505586,2024-06-09,1024.0,2,3650.0,Регионы,Wildberries,Доставлен
500690,2024-01-25,1006.0,1,4240.0,Санкт-Петербург,Ozon,Возврат
500370,2024-01-13,1020.0,1,1500.0,Регионы,Wildberries,Доставлен
502176,2024-03-07,1012.0,1,3000.0,Москва,Ozon,Доставлен
509127,2024-09-17,1005.0,2,2640.0,Санкт-Петербург,Ozon,Доставлен
510405,2024-10-23,1015.0,1,2380.0,Москва,Wildberries,Доставлен
512042,2024-11-27,1019.0,1,2330.0,Санкт-Петербург,Ozon,Доставлен
506450,2024-07-06,1019.0,1,2150.0,Регионы,Ozon,Доставлен
500079,2024-01-03,1019.0,1,2120.0,Екатеринбург,Wildberries,Доставлен
506585,2024-07-11,1002.0,1,3550.0,Регионы,Wildberries,Доставлен
509166,2024-09-18,1010.0,1,1340.0,Санкт-Петербург,Ozon,Доставлен
512700,2024-12-08,1020.0,1,1520.0,Новосибирск,Wildberries,Доставлен
512287,2024-12-02,1007.0,1,1070.0,Москва,Ozon,Доставлен
509365,2024-09-23,1011.0,1,3500.0,Регионы,Wildberries,Доставлен
502833,2024-03-21,1024.0,1,3240.0,Новосибирск,Wildberries,Доставлен
505455,2024-06-05,1006.0,1,4180.0,Екатеринбург,Ozon,Доставлен
504328,2024-04-29,,1,1740.0,Регионы,Wildberries,Доставлен
502551,2024-03-15,1006.0,1,3910.0,Москва,Wildberries,Доставлен
508880,2024-09-10,1024.0,2,3550.0,Москва,Wildberries,Возврат
502228,2024-03-08,1013.0,1,2540.0,Екатеринбург,Wildberries,Доставлен
508441,2024-08-30,1022.0,1,1680.0,Регионы,Wildberries,Возврат
513220,2024-12-17,1003.0,2,3310.0,Санкт-Петербург,Ozon,Доставлен
501805,2024-02-28,1014.0,1,2240.0,Новосибирск,Ozon,Возврат
510881,2024-11-04,1006.0,1,3630.0,Москва,Ozon,Доставлен
501306,2024-02-12,1024.0,1,3250.0,Регионы,Wildberries,Доставлен
509641,2024-09-30,1007.0,1,1060.0,Екатеринбург,Ozon,Доставлен
503010,2024-03-25,1012.0,1,3340.0,Москва,Ozon,Доставлен
506287,2024-07-01,1016.0,1,2650.0,Екатеринбург,Wildberries,Доставлен
508101,2024-08-22,1016.0,1,2510.0,Регионы,Wildberries,Доставлен
511566,2024-11-18,1012.0,1,3360.0,Регионы,Ozon,Доставлен
511165,2024-11-10,1019.0,1,2210.0,Регионы,Wildberries,Возврат
510020,2024-10-11,1021.0,1,1360.0,Екатеринбург,Ozon,Возврат
512127,2024-11-29,1009.0,3,1700.0,Санкт-Петербург,Wildberries,Доставлен
507853,2024-08-16,1007.0,2,1220.0,Регионы,Wildberries,Доставлен
510272,2024-10-19,1008.0,1,4530.0,Екатеринбург,Ozon,Доставлен
503083,2024-03-26,1021.0,1,1640.0,Санкт-Петербург,Wildberries,Отменён
505817,2024-06-16,1022.0,1,1520.0,Екатеринбург,Wildberries,Доставлен
511897,2024-11-24,1008.0,1,5010.0,Регионы,Wildberries,Доставлен
504455,2024-05-03,1008.0,1,4820.0,Регионы,Wildberries,Доставлен
510042,2024-10-12,1015.0,1,2330.0,Москва,Ozon,Доставлен
507426,2024-08-05,1010.0,1,1340.0,Москва,Wildberries,Доставлен
502420,2024-03-12,1018.0,1,760.0,Екатеринбург,Wildberries,Доставлен
501342,2024-02-14,1005.0,1,2790.0,Санкт-Петербург,Wildberries,Доставлен
508417,2024-08-30,1009.0,3,1770.0,Москва,Ozon,Доставлен
510146,2024-10-15,1020.0,1,1470.0,Москва,Wildberries,Доставлен
508178,2024-08-24,1017.0,1,1670.0,Москва,Wildberries,Доставлен
503149,2024-03-27,1026.0,1,2280.0,Регионы,Ozon,Доставлен
500384,2024-01-14,1005.0,2,2450.0,Екатеринбург,Wildberries,Доставлен
514042,2024-12-30,1016.0,1,2650.0,Екатеринбург,Ozon,Возврат
514108,2024-12-31,1019.0,1,2270.0,Москва,Ozon,Доставлен
505886,2024-06-18,1018.0,1,780.0,Регионы,Ozon,Доставлен
506265,2024-06-30,1021.0,1,1390.0,Новосибирск,Ozon,Доставлен
510159,2024-10-16,1005.0,1,2260.0,Москва,Ozon,Доставлен
508407,2024-08-30,1001.0,1,1140.0,Москва,Ozon,Доставлен
508352,2024-08-28,1012.0,1,3260.0,Москва,Wildberries,Возврат
503802,2024-04-15,1001.0,1,1280.0,Москва,Wildberries,Доставлен
508544,2024-09-02,1020.0,1,1510.0,Регионы,Wildberries,Доставлен
504245,2024-04-27,1009.0,1,1980.0,Екатеринбург,Wildberries,Доставлен
509003,2024-09-14,1002.0,2,4010.0,Новосибирск,Ozon,Доставлен
501049,2024-02-05,1024.0,1,3340.0,Регионы,Wildberries,Доставлен
502594,2024-03-16,1002.0,2,4130.0,Санкт-Петербург,Wildberries,Доставлен
505295,2024-05-31,1004.0,1,2450.0,Регионы,Wildberries,Доставлен
506445,2024-07-06,1016.0,1,2690.0,Санкт-Петербург,Ozon,Возврат
501577,2024-02-21,1014.0,1,2490.0,Санкт-Петербург,Ozon,Доставлен
511457,2024-11-16,1008.0,1,4380.0,Новосибирск,Wildberries,Доставлен
513008,2024-12-13,1015.0,1,2530.0,Регионы,Wildberries,Доставлен
508646,2024-09-05,1001.0,1,1250.0,Регионы,Wildberries,Доставлен
505852,2024-06-17,1025.0,1,3010.0,Москва,Ozon,Доставлен
511024,2024-11-07,1020.0,2,1520.0,Санкт-Петербург,Ozon,Возврат
513070,2024-12-14,1017.0,2,1390.0,Новосибирск,Ozon,Доставлен
506720,2024-07-15,1005.0,1,2360.0,Регионы,Ozon,Доставлен
508685,2024-09-05,1023.0,1,890.0,Санкт-Петербург,Ozon,Отменён
506765,2024-07-16,1017.0,1,1500.0,Регионы,Wildberries,Возврат
503947,2024-04-19,1002.0,1,3950.0,Москва,Ozon,Доставлен
510749,2024-11-01,1013.0,1,2570.0,Москва,Wildberries,Доставлен
505991,2024-06-21,1020.0,2,1320.0,Москва,Ozon,Доставлен
505896,2024-06-18,1021.0,1,1510.0,Регионы,Wildberries,Доставлен
506060,2024-06-23,1022.0,1,1440.0,Москва,Ozon,Доставлен
511413,2024-11-15,1010.0,1,1170.0,Регионы,Ozon,Доставлен
503930,2024-04-18,1016.0,2,2770.0,Санкт-Петербург,Ozon,Доставлен
504330,2024-04-29,1018.0,1,710.0,Новосибирск,Wildberries,Возврат
508006,2024-08-20,1001.0,1,1130.0,Регионы,Wildberries,Доставлен
505462,2024-06-05,1012.0,2,2800.0,Новосибирск,Ozon,Доставлен
505849,2024-06-17,1022.0,1,1660.0,Москва,Wildberries,Доставлен
502781,2024-03-20,1018.0,1,850.0,Новосибирск,Ozon,Доставлен
504663,2024-05-09,1023.0,1,1030.0,Регионы,Wildberries,Доставлен
500197,2024-01-06,1025.0,1,2820.0,Москва,Ozon,Возврат
512762,2024-12-09,1025.0,1,3010.0,Москва,Wildberries,Возврат
500743,2024-01-27,1006.0,1,3680.0,Санкт-Петербург,Wildberries,Доставлен
513834,2024-12-27,1010.0,2,1250.0,Регионы,Ozon,Доставлен
512483,2024-12-05,1009.0,2,1800.0,Регионы,Wildberries,Доставлен
506901,2024-07-20,1019.0,1,2410.0,Регионы,Wildberries,Доставлен
510764,2024-11-01,1021.0,2,1560.0,Регионы,Ozon,Доставлен
513784,2024-12-26,1017.0,1,1410.0,Санкт-Петербург,Ozon,Доставлен
513927,2024-12-28,1021.0,1,1450.0,Москва,Wildberries,Доставлен
506020,2024-06-22,1015.0,2,2530.0,Регионы,Wildberries,Доставлен
512682,2024-12-08,1015.0,1,2580.0,Москва,Wildberries,Возврат
509834,2024-10-05,1026.0,2,2230.0,Санкт-Петербург,Wildberries,Доставлен
500956,2024-02-03,1010.0,1,1110.0,Регионы,Wildberries,Доставлен
504800,2024-05-14,1006.0,1,3740.0,Москва,Wildberries,Доставлен
506549,2024-07-09,1021.0,1,1590.0,Новосибирск,Ozon,Доставлен
511632,2024-11-19,1016.0,1,2740.0,Новосибирск,Wildberries,Доставлен
507473,2024-08-06,1018.0,1,690.0,Регионы,Wildberries,Доставлен
506351,2024-07-03,1015.0,1,2170.0,Регионы,Wildberries,Доставлен
503455,2024-04-03,1025.0,1,3130.0,Новосибирск,Wildberries,Доставлен
509574,2024-09-28,1019.0,1,2420.0,Екатеринбург,Wildberries,Доставлен
506473,2024-07-07,1008.0,1,4010.0,Москва,Wildberries,Возврат
512272,2024-12-02,1001.0,1,1320.0,Регионы,Wildberries,Доставлен
511513,2024-11-17,1012.0,1,2940.0,Екатеринбург,Wildberries,Доставлен
513817,2024-12-27,1004.0,1,2580.0,Москва,Ozon,Доставлен
512763,2024-12-09,1025.0,1,2780.0,Москва,Wildberries,Доставлен
502943,2024-03-23,1026.0,1,2490.0,Регионы,Wildberries,Доставлен
500466,2024-01-17,1013.0,1,2180.0,Москва,Ozon,Доставлен
510279,2024-10-19,1012.0,1,2780.0,Новосибирск,Ozon,Возврат
504541,2024-05-05,1025.0,3,3220.0,Регионы,Wildberries,Возврат
500593,2024-01-21,1015.0,1,2360.0,Санкт-Петербург,Ozon,Доставлен
509761,2024-10-03,1011.0,1,3610.0,Регионы,Wildberries,Доставлен
513152,2024-12-15,1023.0,1,930.0,Санкт-Петербург,Wildberries,Доставлен
501068,2024-02-06,1017.0,1,1580.0,Регионы,Wildberries,Доставлен
500908,2024-02-02,1001.0,2,1380.0,Регионы,Wildberries,Доставлен
509486,2024-09-26,1008.0,1,4980.0,Регионы,Ozon,Доставлен
507478,2024-08-06,1020.0,1,1360.0,Москва,Ozon,Доставлен
501679,2024-02-24,1011.0,3,3610.0,Санкт-Петербург,Wildberries,Доставлен
508199,2024-08-24,1026.0,1,2580.0,Москва,Ozon,Отменён
500761,2024-01-27,1016.0,1,2730.0,Регионы,Wildberries,Отменён
500979,2024-02-03,1026.0,1,2420.0,Регионы,Wildberries,Доставлен
503315,2024-03-31,1008.0,1,4320.0,Регионы,Ozon,Доставлен
512633,2024-12-07,1025.0,1,3210.0,Москва,Ozon,Доставлен
503114,2024-03-27,1009.0,2,1850.0,Москва,Ozon,Доставлен
506704,2024-07-14,1019.0,1,2030.0,Регионы,Ozon,Доставлен
509090,2024-09-16,1007.0,2,1210.0,Регионы,Ozon,Доставлен
509287,2024-09-21,1013.0,1,2350.0,Москва,Wildberries,Отменён
508334,2024-08-28,1001.0,1,1190.0,Екатеринбург,Wildberries,Доставлен
500168,2024-01-06,1002.0,2,3450.0,Регионы,Wildberries,Доставлен
503418,2024-04-02,1023.0,1,990.0,Екатеринбург,Wildberries,Доставлен
501083,2024-02-06,1024.0,1,3090.0,Регионы,Wildberries,Доставлен
509995,2024-10-11,1006.0,1,3760.0,Новосибирск,Wildberries,Доставлен
504846,2024-05-16,1006.0,2,4210.0,Регионы,Ozon,Доставлен
513391,2024-12-19,1023.0,2,890.0,Москва,Wildberries,Отменён
508963,2024-09-12,1025.0,2,2940.0,Санкт-Петербург,Ozon,Доставлен
505645,2024-06-11,1015.0,1,2410.0,Санкт-Петербург,Wildberries,Доставлен
500364,2024-01-13,1013.0,1,2400.0,Москва,Wildberries,Доставлен
503713,2024-04-12,1015.0,1,2350.0,Новосибирск,Wildberries,Доставлен
506195,2024-06-28,1016.0,1,2690.0,Санкт-Петербург,Wildberries,Доставлен
505798,2024-06-16,1014.0,1,2700.0,Москва,Wildberries,Доставлен
512800,2024-12-10,1011.0,1,3560.0,Регионы,Wildberries,Доставлен
510621,2024-10-29,1008.0,1,4060.0,Регионы,Ozon,Доставлен
500372,2024-01-13,1022.0,1,1690.0,Москва,Ozon,Доставлен
502644,2024-03-17,1015.0,1,2560.0,Екатеринбург,Wildberries,Доставлен
500137,2024-01-05,1008.0,1,4410.0,Санкт-Петербург,Wildberries,Доставлен
512946,2024-12-12,1013.0,1,2270.0,Москва,Wildberries,Возврат
504629,2024-05-08,1010.0,3,1080.0,Москва,Wildberries,Доставлен
512688,2024-12-08,1018.0,1,750.0,Москва,Ozon,Доставлен
506839,2024-07-18,1018.0,2,730.0,Новосибирск,Wildberries,Доставлен
501793,2024-02-28,1005.0,1,2800.0,Регионы,Wildberries,Доставлен
511149,2024-11-10,1011.0,1,3410.0,Москва,Wildberries,Доставлен
504303,2024-04-28,1025.0,1,2790.0,Санкт-Петербург,Wildberries,Доставлен
513474,2024-12-21,1007.0,1,1210.0,Москва,Ozon,Доставлен
502256,2024-03-09,1001.0,1,1320.0,Москва,Wildberries,Доставлен
507440,2024-08-05,1017.0,1,1700.0,Регионы,Wildberries,Доставлен
509609,2024-09-29,1010.0,1,1190.0,Регионы,Wildberries,Доставлен
512649,2024-12-08,1004.0,1,2440.0,Санкт-Петербург,Ozon,Доставлен
513018,2024-12-13,1018.0,1,720.0,Санкт-Петербург,Ozon,Возврат
502784,2024-03-20,1022.0,3,1690.0,Екатеринбург,Ozon,Доставлен
510213,2024-10-17,1021.0,1,1350.0,Регионы,Wildberries,Доставлен
511421,2024-11-15,1013.0,1,2170.0,Санкт-Петербург,Wildberries,Возврат
500526,2024-01-19,1008.0,1,3990.0,Регионы,Wildberries,Доставлен
507793,2024-08-14,1015.0,1,2350.0,Регионы,Ozon,Доставлен
502084,2024-03-05,1019.0,1,2470.0,Екатеринбург,Wildberries,Возврат
505408,2024-06-03,1026.0,1,2540.0,Регионы,Wildberries,Доставлен
501991,2024-03-03,1026.0,1,2330.0,Регионы,Wildberries,Доставлен
507633,2024-08-10,1016.0,1,2610.0,Екатеринбург,Ozon,Доставлен
508638,2024-09-04,1023.0,2,950.0,Екатеринбург,Wildberries,Возврат
506643,2024-07-12,1013.0,2,2590.0,Санкт-Петербург,Wildberries,Возврат
506431,2024-07-06,1001.0,1,1120.0,Москва,Ozon,Доставлен
502279,2024-03-09,1016.0,2,2230.0,Москва,Wildberries,Доставлен
511324,2024-11-13,1017.0,1,1420.0,Екатеринбург,Ozon,Доставлен
508212,2024-08-25,1010.0,2,1310.0,Екатеринбург,Wildberries,Доставлен
500468,2024-01-17,1015.0,1,2540.0,Санкт-Петербург,Ozon,Доставлен
511573,2024-11-18,1014.0,1,2460.0,Регионы,Wildberries,Доставлен
505004,2024-05-21,1008.0,1,4390.0,Москва,Wildberries,Доставлен
503746,2024-04-13,1015.0,1,2280.0,Екатеринбург,Wildberries,Доставлен
501719,2024-02-25,1022.0,1,1380.0,Москва,Wildberries,Доставлен
501037,2024-02-05,1015.0,1,2370.0,Санкт-Петербург,Wildberries,Доставлен
502379,2024-03-11,1023.0,1,940.0,Москва,Ozon,Доставлен
503218,2024-03-29,1011.0,1,3160.0,Санкт-Петербург,Ozon,Доставлен
512788,2024-12-10,1007.0,1,1130.0,Москва,Wildberries,Доставлен
508818,2024-09-08,1026.0,1,2260.0,Москва,Wildberries,Доставлен
500948,2024-02-03,1006.0,1,3940.0,Москва,Ozon,Доставлен
512804,2024-12-10,1013.0,1,2400.0,Санкт-Петербург,Wildberries,Возврат
507942,2024-08-18,1014.0,1,2650.0,Санкт-Петербург,Wildberries,Доставлен
512881,2024-12-11,1015.0,2,2380.0,Регионы,Wildberries,Доставлен
503448,2024-04-03,1021.0,1,1390.0,Москва,Wildberries,Доставлен
511637,2024-11-19,1019.0,1,2170.0,Москва,Ozon,Доставлен
509731,2024-10-02,1014.0,2,2630.0,Санкт-Петербург,Wildberries,Доставлен
505001,2024-05-21,1008.0,1,4800.0,Новосибирск,Wildberries,Доставлен
512061,2024-11-28,1006.0,1,4240.0,Новосибирск,Wildberries,Доставлен
511932,2024-11-25,1006.0,1,4090.0,Санкт-Петербург,Wildberries,Доставлен
512759,2024-12-09,1022.0,1,1640.0,Екатеринбург,Ozon,Доставлен
513480,2024-12-21,1010.0,2,1170.0,Новосибирск,Wildberries,Доставлен
501524,2024-02-20,1004.0,1,2480.0,Новосибирск,Ozon,Доставлен
510008,2024-10-11,1011.0,1,3700.0,Регионы,Wildberries,Отменён
507533,2024-08-08,1005.0,1,2490.0,Москва,Ozon,Возврат
505120,2024-05-25,1014.0,2,2380.0,Москва,Ozon,Доставлен
503195,2024-03-28,1025.0,1,3130.0,Регионы,Wildberries,Доставлен
509193,2024-09-19,1006.0,1,4040.0,Москва,Ozon,Доставлен
503533,2024-04-07,1004.0,1,2520.0,Санкт-Петербург,Ozon,Отменён
505723,2024-06-14,1006.0,1,4430.0,Москва,Wildberries,Возврат
501337,2024-02-14,1002.0,1,3350.0,Санкт-Петербург,Wildberries,Доставлен
510378,2024-10-22,1023.0,2,870.0,Регионы,Wildberries,Доставлен
511595,2024-11-18,1025.0,1,2570.0,Екатеринбург,Ozon,Доставлен
505611,2024-06-10,1022.0,1,1420.0,Новосибирск,Wildberries,Доставлен
501433,2024-02-17,1001.0,1,1340.0,Москва,Ozon,Доставлен
511894,2024-11-24,1008.0,1,4480.0,Москва,Ozon,Отменён
511211,2024-11-11,1019.0,2,1970.0,Регионы,Wildberries,Доставлен
512073,2024-11-28,1011.0,1,3230.0,Екатеринбург,Ozon,Доставлен
505715,2024-06-13,1023.0,2,940.0,Регионы,Ozon,Доставлен
508149,2024-08-23,1022.0,2,1500.0,Регионы,Ozon,Доставлен
509840,2024-10-06,1003.0,1,3010.0,Екатеринбург,Wildberries,Возврат
501059,2024-02-06,1005.0,1,2540.0,Санкт-Петербург,Wildberries,Доставлен
501725,2024-02-26,1002.0,1,3360.0,Санкт-Петербург,Ozon,Доставлен
500636,2024-01-22,1026.0,1,2590.0,Москва,Ozon,Доставлен
505688,2024-06-12,1026.0,1,2240.0,Москва,Wildberries,Доставлен
500513,2024-01-18,1025.0,1,2740.0,Регионы,Wildberries,Возврат
506989,2024-07-23,1019.0,1,2120.0,Регионы,Wildberries,Доставлен
502687,2024-03-18,1013.0,1,2550.0,Регионы,Ozon,Возврат
505284,2024-05-30,1020.0,2,1590.0,Новосибирск,Wildberries,Доставлен
507158,2024-07-29,1001.0,1,1230.0,Регионы,Ozon,Доставлен
509199,2024-09-19,1010.0,1,1280.0,Санкт-Петербург,Wildberries,Доставлен
512982,2024-12-13,1004.0,2,2380.0,Москва,Wildberries,Доставлен
512717,2024-12-09,1004.0,1,2530.0,Санкт-Петербург,Ozon,Доставлен
502437,2024-03-12,1024.0,1,3050.0,Регионы,Wildberries,Доставлен
506948,2024-07-22,1006.0,2,3590.0,Санкт-Петербург,Wildberries,Доставлен
513151,2024-12-15,1023.0,1,1000.0,Москва,Wildberries,Доставлен
500961,2024-02-03,1014.0,1,2160.0,Регионы,Wildberries,Доставлен
504670,2024-05-10,1002.0,1,3470.0,Санкт-Петербург,Wildberries,Доставлен
505658,2024-06-12,1001.0,1,1260.0,Регионы,Ozon,Доставлен
501432,2024-02-17,1001.0,1,1110.0,Регионы,Wildberries,Доставлен
513353,2024-12-19,1006.0,1,3730.0,Регионы,Ozon,Доставлен
511616,2024-11-19,1010.0,1,1250.0,Регионы,Ozon,Доставлен
502427,2024-03-12,1022.0,1,1710.0,Москва,Ozon,Доставлен
504220,2024-04-26,1016.0,1,2330.0,Москва,Ozon,Доставлен
504208,2024-04-26,1009.0,1,1690.0,Москва,Wildberries,Доставлен
505577,2024-06-09,1014.0,2,2430.0,Новосибирск,Ozon,Доставлен
503402,2024-04-02,1012.0,1,3050.0,Москва,Wildberries,Доставлен
506527,2024-07-09,1002.0,1,3490.0,Регионы,Wildberries,Доставлен
506357,2024-07-03,1020.0,1,1590.0,Москва,Wildberries,Доставлен
500892,2024-02-01,1011.0,1,3520.0,Москва,Wildberries,Доставлен
511532,2024-11-17,1022.0,1,1640.0,Новосибирск,Wildberries,Доставлен
510768,2024-11-01,1024.0,1,2970.0,Санкт-Петербург,Wildberries,Доставлен
501622,2024-02-22,1023.0,1,920.0,Санкт-Петербург,Ozon,Возврат
505194,2024-05-27,1026.0,1,2430.0,Москва,Ozon,Возврат
501605,2024-02-22,1009.0,2,1940.0,Москва,Ozon,Отменён
512416,2024-12-04,1007.0,1,1180.0,Регионы,Ozon,Доставлен
508308,2024-08-27,1013.0,1,2400.0,Москва,Ozon,Доставлен
505127,2024-05-25,1018.0,1,870.0,Регионы,Ozon,Доставлен
511540,2024-11-17,1025.0,1,2820.0,Москва,Wildberries,Доставлен
502043,2024-03-05,1001.0,1,1240.0,Регионы,Wildberries,Возврат
507755,2024-08-13,1014.0,1,2450.0,Регионы,Wildberries,Доставлен
504018,2024-04-20,1019.0,1,2360.0,Москва,Ozon,Доставлен
500335,2024-01-12,1003.0,1,3660.0,Регионы,Wildberries,Доставлен
511655,2024-11-20,1001.0,1,1120.0,Санкт-Петербург,Ozon,Отменён
500652,2024-01-23,1020.0,2,1300.0,Москва,Wildberries,Доставлен
502389,2024-03-11,1026.0,1,2730.0,Регионы,Wildberries,Доставлен
502195,2024-03-07,1022.0,1,1680.0,Санкт-Петербург,Wildberries,Доставлен
503594,2024-04-09,1006.0,2,4430.0,Санкт-Петербург,Wildberries,Доставлен
510941,2024-11-05,1025.0,1,2940.0,Москва,Wildberries,Доставлен
507821,2024-08-15,1010.0,1,1300.0,Екатеринбург,Ozon,Доставлен
506068,2024-06-24,1003.0,1,3320.0,Санкт-Петербург,Wildberries,Доставлен
505286,2024-05-30,1022.0,1,1720.0,Регионы,Ozon,Доставлен
514019,2024-12-30,1008.0,2,4770.0,Регионы,Ozon,Доставлен
502845,2024-03-22,1003.0,1,3450.0,Екатеринбург,Ozon,Доставлен
503492,2024-04-05,1016.0,1,2460.0,Новосибирск,Wildberries,Доставлен
510125,2024-10-15,1007.0,1,1150.0,Москва,Ozon,Отменён
506360,2024-07-03,1021.0,1,1570.0,Регионы,Wildberries,Доставлен
500801,2024-01-29,1001.0,1,1270.0,Москва,Ozon,Доставлен
507257,2024-07-31,1026.0,1,2530.0,Санкт-Петербург,Ozon,Доставлен
502002,2024-03-04,1006.0,1,4520.0,Новосибирск,Ozon,Возврат
513760,2024-12-26,1006.0,1,4180.0,Регионы,Wildberries,Возврат
508377,2024-08-29,1013.0,2,2260.0,Москва,Wildberries,Доставлен
509569,2024-09-28,1017.0,2,1400.0,Регионы,Wildberries,Доставлен
501310,2024-02-13,1003.0,2,3080.0,Москва,Wildberries,Доставлен
508155,2024-08-23,1026.0,1,2430.0,Новосибирск,Wildberries,Возврат
501352,2024-02-14,1014.0,1,2690.0,Регионы,Ozon,Доставлен
512458,2024-12-05,1001.0,1,1360.0,Новосибирск,Wildberries,Отменён
502502,2024-03-14,1011.0,1,3680.0,Екатеринбург,Ozon,Доставлен
513267,2024-12-17,1020.0,1,1480.0,Санкт-Петербург,Wildberries,Отменён
504120,2024-04-23,1021.0,2,1520.0,Москва,Ozon,Доставлен
510812,2024-11-02,1020.0,2,1580.0,Новосибирск,Ozon,Доставлен
512629,2024-12-07,1023.0,1,930.0,Москва,Wildberries,Отменён
502575,2024-03-15,1020.0,1,1470.0,Москва,Wildberries,Возврат
509023,2024-09-14,1016.0,1,2530.0,Санкт-Петербург,Wildberries,Доставлен
505517,2024-06-07,1011.0,1,3890.0,Екатеринбург,Wildberries,Доставлен
509345,2024-09-22,1025.0,1,3060.0,Москва,Wildberries,Доставлен
513613,2024-12-23,1019.0,1,2030.0,Санкт-Петербург,Wildberries,Доставлен
506497,2024-07-07,1025.0,1,2810.0,Регионы,Ozon,Доставлен
509391,2024-09-23,1024.0,1,3560.0,Регионы,Wildberries,Доставлен
512156,2024-11-29,1020.0,1,1360.0,Екатеринбург,Wildberries,Доставлен
511514,2024-11-17,1013.0,1,2280.0,Екатеринбург,Ozon,Доставлен
502698,2024-03-18,1021.0,1,1600.0,Регионы,Wildberries,Возврат
501423,2024-02-16,1014.0,1,2450.0,Москва,Wildberries,Возврат
500049,2024-01-02,1019.0,1,2010.0,Новосибирск,Wildberries,Доставлен
510093,2024-10-14,1006.0,1,4280.0,Москва,Ozon,Отменён
504221,2024-04-26,1016.0,1,2740.0,Екатеринбург,Wildberries,Доставлен
509300,2024-09-21,1021.0,2,1390.0,Москва,Wildberries,Доставлен
504300,2024-04-28,1020.0,1,1370.0,Новосибирск,Ozon,Доставлен
511451,2024-11-16,1005.0,1,2820.0,Регионы,Wildberries,Доставлен
500417,2024-01-15,1019.0,2,2070.0,Новосибирск,Wildberries,Доставлен
500694,2024-01-25,1009.0,1,1850.0,Санкт-Петербург,Wildberries,Доставлен
502459,2024-03-13,1012.0,1,2850.0,Регионы,Ozon,Доставлен
501426,2024-02-16,1019.0,1,2320.0,Москва,Wildberries,Доставлен
510859,2024-11-03,1020.0,1,1440.0,Регионы,Wildberries,Отменён
509889,2024-10-07,1017.0,1,1420.0,Санкт-Петербург,Wildberries,Отменён
507739,2024-08-13,1002.0,2,3350.0,Москва,Wildberries,Доставлен
509357,2024-09-23,1005.0,1,2460.0,Екатеринбург,Wildberries,Доставлен
504969,2024-05-20,1005.0,1,2740.0,Регионы,Wildberries,Доставлен
507901,2024-08-17,1012.0,1,3260.0,Регионы,Wildberries,Доставлен
502139,2024-03-06,1022.0,1,1560.0,Регионы,Ozon,Доставлен
503009,2024-03-25,1012.0,2,3220.0,Москва,Wildberries,Возврат
511677,2024-11-20,1009.0,1,1830.0,Регионы,Wildberries,Доставлен
504113,2024-04-23,1018.0,2,830.0,Новосибирск,Wildberries,Доставлен
502764,2024-03-20,1004.0,1,2750.0,Москва,Ozon,Доставлен
507623,2024-08-10,1006.0,1,3670.0,Регионы,Wildberries,Доставлен
509581,2024-09-28,1021.0,1,1380.0,Санкт-Петербург,Wildberries,Доставлен
510786,2024-11-02,1009.0,1,1810.0,Регионы,Ozon,Доставлен
509977,2024-10-10,1021.0,1,1710.0,Екатеринбург,Wildberries,Доставлен
501472,2024-02-18,1007.0,2,1080.0,Москва,Ozon,Доставлен
509403,2024-09-24,1006.0,1,3680.0,Екатеринбург,Ozon,Доставлен
512496,2024-12-05,1014.0,2,2490.0,Регионы,Wildberries,Отменён
506580,2024-07-10,1025.0,2,2850.0,Москва,Wildberries,Доставлен
504399,2024-05-01,1019.0,1,2220.0,Москва,Wildberries,Возврат
503136,2024-03-27,1022.0,1,1570.0,Москва,Ozon,Доставлен
501578,2024-02-21,1016.0,1,2780.0,Москва,Wildberries,Доставлен
512708,2024-12-08,1023.0,1,970.0,Санкт-Петербург,Wildberries,Доставлен
512292,2024-12-02,1008.0,1,4080.0,Санкт-Петербург,Wildberries,Доставлен
512363,2024-12-03,1012.0,1,2900.0,Регионы,Wildberries,Доставлен
508126,2024-08-23,1005.0,1,2780.0,Санкт-Петербург,Wildberries,Доставлен
513071,2024-12-14,1018.0,1,710.0,Регионы,Ozon,Отменён
509717,2024-10-02,1007.0,2,1130.0,Регионы,Wildberries,Доставлен
503777,2024-04-14,1005.0,1,2810.0,Екатеринбург,Wildberries,Доставлен
509153,2024-09-17,1024.0,2,3700.0,Санкт-Петербург,Wildberries,Доставлен
512382,2024-12-03,1022.0,1,1620.0,Москва,Wildberries,Доставлен
500105,2024-01-04,1007.0,2,1070.0,Москва,Wildberries,Доставлен
509088,2024-09-16,1005.0,1,2750.0,Москва,Wildberries,Возврат
500183,2024-01-06,1012.0,2,3320.0,Москва,Wildberries,Доставлен
504689,2024-05-10,1016.0,1,2580.0,Екатеринбург,Ozon,Отменён
508017,2024-08-20,1012.0,1,2750.0,Екатеринбург,Ozon,Доставлен
500881,2024-01-31,1026.0,1,2260.0,Регионы,Ozon,Доставлен
506641,2024-07-12,1011.0,1,3720.0,Регионы,Wildberries,Доставлен
504181,2024-04-25,1012.0,1,2890.0,Регионы,Ozon,Доставлен
505235,2024-05-29,1006.0,2,4460.0,Регионы,Wildberries,Доставлен
503033,2024-03-25,1025.0,2,2960.0,Екатеринбург,Ozon,Доставлен
509992,2024-10-11,1003.0,3,3180.0,Регионы,Wildberries,Доставлен
508061,2024-08-21,1019.0,1,2150.0,Регионы,Ozon,Доставлен
506038,2024-06-23,1007.0,2,1080.0,Москва,Wildberries,Доставлен
510285,2024-10-19,1017.0,1,1550.0,Регионы,Wildberries,Доставлен
512324,2024-12-02,1019.0,2,2040.0,Екатеринбург,Wildberries,Доставлен
501633,2024-02-23,1001.0,2,1250.0,Москва,Wildberries,Доставлен
514092,2024-12-31,1008.0,2,4850.0,Екатеринбург,Wildberries,Возврат
512664,2024-12-08,1009.0,2,1690.0,Регионы,Ozon,Возврат
501606,2024-02-22,1010.0,1,1270.0,Санкт-Петербург,Ozon,Доставлен
504387,2024-05-01,1013.0,1,2660.0,Новосибирск,Wildberries,Доставлен
511402,2024-11-15,1005.0,1,2320.0,Регионы,Wildberries,Отменён
506998,2024-07-23,1026.0,1,2430.0,Регионы,Wildberries,Доставлен
513290,2024-12-18,1003.0,1,3140.0,Новосибирск,Wildberries,Доставлен
513514,2024-12-22,1003.0,1,3630.0,Регионы,Wildberries,Доставлен
513921,2024-12-28,1019.0,3,2410.0,Регионы,Wildberries,Доставлен
510294,2024-10-19,1022.0,1,1720.0,Регионы,Wildberries,Доставлен
505450,2024-06-05,1003.0,1,3230.0,Новосибирск,Wildberries,Доставлен
507028,2024-07-25,1011.0,1,3760.0,Москва,Ozon,Доставлен
507679,2024-08-11,1023.0,1,950.0,Москва,Wildberries,Доставлен
511861,2024-11-23,1020.0,1,1330.0,Екатеринбург,Wildberries,Доставлен
504923,2024-05-18,1021.0,1,1470.0,Санкт-Петербург,Wildberries,Доставлен
502088,2024-03-05,1022.0,2,1530.0,Регионы,Wildberries,Доставлен
504507,2024-05-04,1022.0,1,1460.0,Регионы,Wildberries,Отменён
507187,2024-07-29,1020.0,1,1390.0,Регионы,Ozon,Доставлен
500677,2024-01-24,1019.0,1,2430.0,Регионы,Wildberries,Доставлен
508665,2024-09-05,1010.0,1,1190.0,Регионы,Wildberries,Доставлен
509756,2024-10-03,1010.0,1,1200.0,Екатеринбург,Wildberries,Возврат
504953,2024-05-19,1021.0,1,1500.0,Екатеринбург,Ozon,Доставлен
504301,2024-04-28,1020.0,1,1420.0,Новосибирск,Ozon,Доставлен
503824,2024-04-15,1012.0,2,3180.0,Регионы,Ozon,Доставлен
506432,2024-07-06,1003.0,1,3230.0,Екатеринбург,Ozon,Доставлен
511768,2024-11-22,1004.0,1,2470.0,Регионы,Ozon,Доставлен
501748,2024-02-26,1023.0,1,850.0,Санкт-Петербург,Wildberries,Возврат
506190,2024-06-28,1011.0,1,3580.0,Санкт-Петербург,Wildberries,Доставлен
506595,2024-07-11,1010.0,1,1360.0,Санкт-Петербург,Wildberries,Доставлен
501713,2024-02-25,1020.0,1,1460.0,Санкт-Петербург,Ozon,Доставлен
502077,2024-03-05,1016.0,2,2230.0,Санкт-Петербург,Ozon,Доставлен
501528,2024-02-20,1009.0,1,1650.0,Москва,Ozon,Доставлен
511093,2024-11-09,1009.0,1,1780.0,Новосибирск,Wildberries,Доставлен
503025,2024-03-25,1019.0,1,2450.0,Москва,Wildberries,Возврат
512757,2024-12-09,1021.0,1,1560.0,Регионы,Ozon,Доставлен
513003,2024-12-13,1011.0,1,3910.0,Москва,Ozon,Доставлен
505867,2024-06-18,1009.0,1,1690.0,Регионы,Ozon,Доставлен
505727,2024-06-14,1010.0,3,1340.0,Регионы,Ozon,Доставлен
507362,2024-08-03,1015.0,1,2210.0,Москва,Ozon,Доставлен
502758,2024-03-20,1003.0,1,3410.0,Екатеринбург,Ozon,Доставлен
509509,2024-09-26,1024.0,1,3150.0,Новосибирск,Wildberries,Доставлен
506536,2024-07-09,1008.0,2,4780.0,Екатеринбург,Ozon,Доставлен
512695,2024-12-08,1020.0,1,1440.0,Екатеринбург,Wildberries,Доставлен
512692,2024-12-08,1019.0,1,2100.0,Екатеринбург,Ozon,Доставлен
508014,2024-08-20,1007.0,1,1160.0,Новосибирск,Wildberries,Возврат
511680,2024-11-20,1010.0,1,1330.0,Регионы,Wildberries,Доставлен
505150,2024-05-26,1016.0,1,2610.0,Санкт-Петербург,Wildberries,Возврат
513747,2024-12-25,1026.0,1,2710.0,Регионы,Wildberries,Доставлен
501529,2024-02-20,1011.0,2,3900.0,Санкт-Петербург,Ozon,Доставлен
507920,2024-08-18,1004.0,1,2350.0,Москва,Wildberries,Доставлен
509455,2024-09-25,1016.0,1,2540.0,Санкт-Петербург,Wildberries,Возврат
505580,2024-06-09,1017.0,1,1410.0,Санкт-Петербург,Ozon,Доставлен
507392,2024-08-04,1006.0,1,4420.0,Москва,Ozon,Доставлен
513998,2024-12-30,1001.0,1,1370.0,Москва,Wildberries,Доставлен
509766,2024-10-03,1014.0,3,2410.0,Регионы,Wildberries,Доставлен
500343,2024-01-12,1010.0,1,1340.0,Новосибирск,Ozon,Доставлен
501454,2024-02-17,1023.0,1,860.0,Москва,Wildberries,Доставлен
505691,2024-06-13,1004.0,1,2800.0,Санкт-Петербург,Wildberries,Возврат
506954,2024-07-22,1012.0,1,2730.0,Санкт-Петербург,Wildberries,Доставлен
505799,2024-06-16,1015.0,1,2500.0,Регионы,Ozon,Доставлен
512667,2024-12-08,1010.0,1,1130.0,Санкт-Петербург,Ozon,Доставлен
501450,2024-02-17,1020.0,1,1610.0,Регионы,Wildberries,Доставлен
509943,2024-10-09,1008.0,1,5020.0,Москва,Wildberries,Доставлен
509984,2024-10-10,1025.0,1,3090.0,Москва,Wildberries,Возврат
511644,2024-11-19,1023.0,1,900.0,Новосибирск,Wildberries,Возврат
502535,2024-03-14,1026.0,1,2180.0,Новосибирск,Ozon,Возврат
507902,2024-08-17,1017.0,1,1680.0,Москва,Wildberries,Доставлен
509175,2024-09-18,1019.0,2,2340.0,Москва,Wildberries,Доставлен
512779,2024-12-10,1005.0,1,2700.0,Новосибирск,Wildberries,Доставлен
511424,2024-11-15,1015.0,1,2250.0,Москва,Wildberries,Доставлен
505980,2024-06-21,1010.0,1,1110.0,Регионы,Ozon,Доставлен
510788,2024-11-02,1009.0,1,1800.0,Москва,Ozon,Доставлен
508954,2024-09-12,1020.0,1,1430.0,Санкт-Петербург,Ozon,Доставлен
507941,2024-08-18,1014.0,1,2280.0,Новосибирск,Ozon,Доставлен
513935,2024-12-28,1024.0,1,3290.0,Новосибирск,Wildberries,Доставлен
510154,2024-10-16,1001.0,1,1110.0,Новосибирск,Ozon,Доставлен
512786,2024-12-10,1007.0,2,1080.0,Москва,Wildberries,Доставлен
505820,2024-06-16,1023.0,1,960.0,Регионы,Ozon,Отменён
507163,2024-07-29,1005.0,2,2710.0,Екатеринбург,Ozon,Доставлен
510609,2024-10-28,1026.0,1,2390.0,Москва,Wildberries,Доставлен
505301,2024-05-31,1012.0,1,3320.0,Регионы,Ozon,Возврат
502636,2024-03-17,1007.0,1,1270.0,Регионы,Ozon,Доставлен
513194,2024-12-16,1015.0,2,2440.0,Новосибирск,Ozon,Доставлен
500133,2024-01-05,1008.0,1,4550.0,Москва,Wildberries,Доставлен
500362,2024-01-13,1009.0,2,1960.0,Москва,Wildberries,Отменён
511426,2024-11-15,1016.0,2,2560.0,Регионы,Wildberries,Возврат
500329,2024-01-11,1026.0,2,2510.0,Новосибирск,Ozon,Возврат
506978,2024-07-23,1006.0,1,4580.0,Регионы,Wildberries,Доставлен
510498,2024-10-26,1011.0,1,3540.0,Москва,Ozon,Отменён
501381,2024-02-15,1012.0,1,2880.0,Регионы,Ozon,Доставлен
513967,2024-12-29,1011.0,1,3350.0,Регионы,Ozon,Доставлен
508360,2024-08-28,1021.0,1,1580.0,Москва,Wildberries,Возврат
511546,2024-11-18,1001.0,1,1120.0,Новосибирск,Wildberries,Доставлен
508080,2024-08-21,1026.0,1,2220.0,Новосибирск,Wildberries,Доставлен
510563,2024-10-27,1020.0,1,1350.0,Регионы,Ozon,Доставлен
502344,2024-03-11,1005.0,1,2510.0,Москва,Wildberries,Возврат
501959,2024-03-03,1004.0,2,2390.0,Санкт-Петербург,Wildberries,Доставлен
504170,2024-04-25,1002.0,1,3780.0,Москва,Wildberries,Доставлен
511710,2024-11-20,1025.0,1,3140.0,Регионы,Wildberries,Возврат
510414,2024-10-23,1026.0,1,2200.0,Регионы,Wildberries,Доставлен
511774,2024-11-22,1007.0,1,1070.0,Новосибирск,Wildberries,Доставлен
504458,2024-05-03,1010.0,1,1290.0,Екатеринбург,Ozon,Доставлен
509759,2024-10-03,1010.0,1,1250.0,Регионы,Wildberries,Доставлен
505764,2024-06-15,1012.0,1,3330.0,Екатеринбург,Ozon,Доставлен
508751,2024-09-07,1013.0,3,2510.0,Регионы,Ozon,Доставлен
509098,2024-09-16,1011.0,2,3500.0,Санкт-Петербург,Ozon,Доставлен
508635,2024-09-04,1023.0,1,840.0,Санкт-Петербург,Wildberries,Доставлен
507985,2024-08-19,1019.0,1,1970.0,Москва,Wildberries,Доставлен
508516,2024-09-01,1025.0,1,3200.0,Регионы,Ozon,Доставлен
502506,2024-03-14,1011.0,1,3690.0,Москва,Wildberries,Доставлен
510790,2024-11-02,1009.0,2,1860.0,Санкт-Петербург,Ozon,Доставлен
510299,2024-10-20,1001.0,1,1200.0,Регионы,Ozon,Доставлен
506658,2024-07-13,1003.0,1,3110.0,Санкт-Петербург,Ozon,Доставлен
509393,2024-09-23,1024.0,1,3140.0,Санкт-Петербург,Ozon,Доставлен
507818,2024-08-15,1009.0,1,1770.0,Регионы,Ozon,Доставлен
511197,2024-11-11,1010.0,1,1270.0,Москва,Ozon,Доставлен
511521,2024-11-17,1017.0,1,1530.0,Регионы,Wildberries,Доставлен
505818,2024-06-16,1023.0,1,950.0,Регионы,Wildberries,Доставлен
512035,2024-11-27,1015.0,1,2110.0,Санкт-Петербург,Ozon,Доставлен
506560,2024-07-10,1002.0,1,3560.0,Регионы,Ozon,Доставлен
509973,2024-10-10,1013.0,2,2490.0,Регионы,Wildberries,Доставлен
500756,2024-01-27,1013.0,1,2440.0,Москва,Wildberries,Доставлен
500316,2024-01-11,1017.0,1,1440.0,Регионы,Wildberries,Доставлен
513338,2024-12-18,1024.0,1,3550.0,Новосибирск,Wildberries,Доставлен
502651,2024-03-17,1020.0,3,1420.0,Санкт-Петербург,Wildberries,Доставлен
510909,2024-11-05,1004.0,1,2380.0,Регионы,Wildberries,Доставлен
500215,2024-01-07,1021.0,1,1510.0,Регионы,Wildberries,Доставлен
512290,2024-12-02,1007.0,1,1050.0,Санкт-Петербург,Wildberries,Доставлен
502137,2024-03-06,1022.0,1,1480.0,Москва,Wildberries,Доставлен
500533,2024-01-19,1015.0,1,2380.0,Москва,Wildberries,Доставлен
503939,2024-04-18,1023.0,1,950.0,Новосибирск,Ozon,Доставлен
504755,2024-05-12,1018.0,1,730.0,Регионы,Wildberries,Доставлен
504664,2024-05-09,1024.0,1,3410.0,Новосибирск,Wildberries,Доставлен
513899,2024-12-28,1012.0,1,2830.0,Москва,Ozon,Возврат
507497,2024-08-07,1012.0,1,3210.0,Москва,Ozon,Доставлен
513118,2024-12-15,1008.0,1,4070.0,Регионы,Wildberries,Доставлен
507113,2024-07-27,1019.0,1,2260.0,Санкт-Петербург,Wildberries,Доставлен
511431,2024-11-15,1019.0,1,2110.0,Санкт-Петербург,Wildberries,Доставлен
505475,2024-06-05,1023.0,2,970.0,Санкт-Петербург,Wildberries,Доставлен
510804,2024-11-02,1017.0,1,1660.0,Москва,Ozon,Доставлен
504433,2024-05-02,1018.0,1,790.0,Санкт-Петербург,Wildberries,Доставлен
501510,2024-02-19,1015.0,1,2420.0,Регионы,Ozon,Доставлен
511662,2024-11-20,1004.0,1,2790.0,Москва,Wildberries,Отменён
500747,2024-01-27,1008.0,1,4010.0,Москва,Wildberries,Доставлен
507255,2024-07-31,1022.0,1,1530.0,Москва,Wildberries,Доставлен
512045,2024-11-27,1021.0,1,1370.0,Екатеринбург,Ozon,Доставлен
501887,2024-03-01,1025.0,1,2980.0,Екатеринбург,Ozon,Доставлен
506078,2024-06-24,1013.0,1,2150.0,Санкт-Петербург,Ozon,Доставлен
508604,2024-09-04,1006.0,1,3610.0,Санкт-Петербург,Wildberries,Доставлен
502423,2024-03-12,1018.0,1,820.0,Новосибирск,Ozon,Доставлен
500078,2024-01-03,1019.0,1,2040.0,Москва,Ozon,Доставлен
510827,2024-11-03,1004.0,1,2390.0,Москва,Ozon,Доставлен
504413,2024-05-02,1005.0,1,2680.0,Регионы,Ozon,Доставлен
508482,2024-08-31,1021.0,1,1480.0,Регионы,Wildberries,Доставлен
510653,2024-10-30,1013.0,1,2600.0,Москва,Ozon,Доставлен
511494,2024-11-17,1001.0,1,1250.0,Москва,Wildberries,Доставлен
510422,2024-10-24,1004.0,1,2280.0,Москва,Wildberries,Доставлен
502223,2024-03-08,1010.0,1,1200.0,Регионы,Wildberries,Доставлен
503638,2024-04-10,1011.0,2,3950.0,Регионы,Wildberries,Доставлен
503667,2024-04-11,1005.0,2,2370.0,Новосибирск,Wildberries,Отменён
505812,2024-06-16,1021.0,1,1590.0,Санкт-Петербург,Wildberries,Доставлен
506291,2024-07-01,1018.0,1,830.0,Регионы,Wildberries,Доставлен
513691,2024-12-25,1001.0,1,1400.0,Санкт-Петербург,Wildberries,Доставлен
508632,2024-09-04,1021.0,2,1600.0,Новосибирск,Wildberries,Доставлен
509512,2024-09-26,1024.0,2,3610.0,Регионы,Ozon,Доставлен
508559,2024-09-03,1004.0,1,2520.0,Регионы,Wildberries,Доставлен
502051,2024-03-05,1004.0,1,2670.0,Регионы,Wildberries,Доставлен
503405,2024-04-02,1014.0,1,2540.0,Регионы,Wildberries,Доставлен
510233,2024-10-18,1009.0,2,2030.0,Москва,Ozon,Доставлен
500074,2024-01-03,1017.0,1,1600.0,Москва,Wildberries,Отменён
505022,2024-05-21,1022.0,1,1730.0,Санкт-Петербург,Wildberries,Доставлен
500826,2024-01-30,1001.0,1,1120.0,Москва,Ozon,Доставлен
507977,2024-08-19,1015.0,1,2600.0,Новосибирск,Ozon,Отменён
504417,2024-05-02,1007.0,1,1040.0,Москва,Wildberries,Доставлен
502728,2024-03-19,1013.0,1,2610.0,Москва,Ozon,Доставлен
505909,2024-06-19,1004.0,1,2780.0,Москва,Wildberries,Возврат
504082,2024-04-22,1015.0,1,2480.0,Регионы,Wildberries,Доставлен
513809,2024-12-26,1025.0,1,2720.0,Екатеринбург,Ozon,Доставлен
505922,2024-06-19,1014.0,2,2160.0,Екатеринбург,Wildberries,Доставлен
500650,2024-01-23,1017.0,1,1700.0,Регионы,Wildberries,Доставлен
506599,2024-07-11,1012.0,2,2650.0,Санкт-Петербург,Wildberries,Отменён
508109,2024-08-22,1020.0,1,1360.0,Санкт-Петербург,Wildberries,Доставлен
513477,2024-12-21,1009.0,1,1810.0,Москва,Ozon,Доставлен
501213,2024-02-10,1017.0,1,1570.0,Новосибирск,Wildberries,Доставлен
513787,2024-12-26,1018.0,1,740.0,Регионы,Wildberries,Доставлен
505781,2024-06-16,1001.0,1,1210.0,Новосибирск,Wildberries,Доставлен
510392,2024-10-23,1009.0,1,1640.0,Новосибирск,Wildberries,Отменён
513433,2024-12-20,1017.0,1,1590.0,Екатеринбург,Wildberries,Возврат
505039,2024-05-22,1015.0,2,2070.0,Екатеринбург,Ozon,Доставлен
507913,2024-08-17,1025.0,1,2920.0,Екатеринбург,Wildberries,Доставлен
504529,2024-05-05,1015.0,2,2250.0,Новосибирск,Wildberries,Доставлен
511146,2024-11-10,1010.0,1,1090.0,Регионы,Ozon,Доставлен
504045,2024-04-21,1010.0,1,1190.0,Москва,Wildberries,Доставлен
512346,2024-12-03,1002.0,1,3710.0,Регионы,Wildberries,Доставлен
513307,2024-12-18,1008.0,1,4650.0,Регионы,Wildberries,Возврат
507846,2024-08-16,1001.0,1,1350.0,Москва,Wildberries,Доставлен
504758,2024-05-12,1023.0,1,900.0,Москва,Ozon,Доставлен
505050,2024-05-22,1025.0,1,2720.0,Санкт-Петербург,Ozon,Доставлен
500026,2024-01-01,1022.0,1,1470.0,Регионы,Wildberries,Доставлен
510368,2024-10-22,1011.0,3,3360.0,Санкт-Петербург,Wildberries,Доставлен
511740,2024-11-21,1015.0,1,2430.0,Санкт-Петербург,Wildberries,Доставлен
508760,2024-09-07,1018.0,1,840.0,Москва,Ozon,Доставлен
509092,2024-09-16,1009.0,1,1780.0,Регионы,Wildberries,Доставлен
507675,2024-08-11,1021.0,1,1390.0,Екатеринбург,Wildberries,Доставлен
506935,2024-07-21,1021.0,1,1670.0,Новосибирск,Ozon,Доставлен
504839,2024-05-16,1003.0,2,3550.0,Москва,Wildberries,Доставлен
507082,2024-07-26,1023.0,1,900.0,Екатеринбург,Ozon,Доставлен
507559,2024-08-08,1020.0,1,1300.0,Санкт-Петербург,Wildberries,Доставлен
509924,2024-10-08,1018.0,2,860.0,Москва,Wildberries,Доставлен
503277,2024-03-30,1020.0,1,1480.0,Новосибирск,Ozon,Доставлен
503873,2024-04-16,1020.0,1,1410.0,Москва,Wildberries,Доставлен
503391,2024-04-02,1002.0,1,4090.0,Новосибирск,Wildberries,Доставлен
506992,2024-07-23,1021.0,1,1390.0,Санкт-Петербург,Ozon,Доставлен
503059,2024-03-26,1008.0,1,4480.0,Москва,Wildberries,Доставлен
507331,2024-08-02,1021.0,3,1620.0,Регионы,Ozon,Доставлен
502367,2024-03-11,1017.0,1,1650.0,Санкт-Петербург,Ozon,Доставлен
512803,2024-12-10,1012.0,2,2820.0,Регионы,Wildberries,Доставлен
506890,2024-07-20,1012.0,1,2810.0,Регионы,Wildberries,Доставлен
506289,2024-07-01,1017.0,1,1570.0,Екатеринбург,Wildberries,Доставлен
500658,2024-01-24,1001.0,1,1330.0,Регионы,Wildberries,Доставлен
513111,2024-12-15,1005.0,1,2470.0,Москва,Wildberries,Доставлен
510364,2024-10-22,1009.0,1,1960.0,Санкт-Петербург,Ozon,Доставлен
513336,2024-12-18,1021.0,2,1360.0,Москва,Ozon,Возврат
511065,2024-11-08,1017.0,1,1520.0,Санкт-Петербург,Wildberries,Отменён
513819,2024-12-27,1005.0,1,2700.0,Екатеринбург,Ozon,Доставлен
512690,2024-12-08,1019.0,2,2260.0,Регионы,Ozon,Возврат
511060,2024-11-08,1015.0,2,2550.0,Новосибирск,Wildberries,Отменён
513877,2024-12-28,1005.0,1,2370.0,Регионы,Wildberries,Доставлен
504929,2024-05-19,1003.0,1,3320.0,Санкт-Петербург,Ozon,Доставлен
509346,2024-09-22,1026.0,1,2430.0,Екатеринбург,Ozon,Доставлен
506114,2024-06-25,1023.0,1,840.0,Регионы,Wildberries,Доставлен
507400,2024-08-04,1013.0,1,2340.0,Санкт-Петербург,Wildberries,Возврат
513818,2024-12-27,1005.0,2,2800.0,Санкт-Петербург,Wildberries,Доставлен
513466,2024-12-21,1004.0,1,2820.0,Регионы,Wildberries,Доставлен
507552,2024-08-08,1016.0,1,2520.0,Москва,Wildberries,Доставлен
510172,2024-10-16,1014.0,1,2250.0,Регионы,Ozon,Доставлен
510030,2024-10-12,1004.0,1,2730.0,Санкт-Петербург,Wildberries,Доставлен
511023,2024-11-07,1020.0,1,1430.0,Екатеринбург,Wildberries,Возврат
505263,2024-05-30,1005.0,1,2540.0,Регионы,Wildberries,Доставлен
500910,2024-02-02,1001.0,1,1260.0,Москва,Ozon,Доставлен
513256,2024-12-17,1015.0,1,2140.0,Москва,Wildberries,Возврат
510221,2024-10-18,1002.0,1,3900.0,Москва,Ozon,Доставлен
511386,2024-11-14,1020.0,1,1470.0,Екатеринбург,Wildberries,Возврат
501979,2024-03-03,1020.0,2,1380.0,Москва,Wildberries,Доставлен
500933,2024-02-02,1017.0,1,1550.0,Регионы,Wildberries,Доставлен
501975,2024-03-03,1014.0,1,2660.0,Санкт-Петербург,Wildberries,Доставлен
507002,2024-07-24,1005.0,1,2250.0,Санкт-Петербург,Wildberries,Возврат
510626,2024-10-29,1011.0,1,3360.0,Новосибирск,Wildberries,Доставлен
512659,2024-12-08,1007.0,1,1080.0,Санкт-Петербург,Wildberries,Доставлен
505015,2024-05-21,1019.0,1,2130.0,Санкт-Петербург,Wildberries,Доставлен
504701,2024-05-11,1001.0,1,1190.0,Санкт-Петербург,Ozon,Доставлен
504281,2024-04-28,1006.0,1,3940.0,Регионы,Ozon,Доставлен
502935,2024-03-23,1023.0,1,830.0,Москва,Wildberries,Доставлен
509636,2024-09-30,1003.0,1,3190.0,Новосибирск,Ozon,Доставлен
500226,2024-01-08,1003.0,1,3040.0,Санкт-Петербург,Wildberries,Доставлен
509592,2024-09-29,1003.0,2,2950.0,Екатеринбург,Wildberries,Доставлен
501031,2024-02-05,1010.0,1,1350.0,Санкт-Петербург,Ozon,Доставлен
501072,2024-02-06,1019.0,1,2510.0,Регионы,Wildberries,Доставлен
508974,2024-09-13,1011.0,1,3510.0,Регионы,Ozon,Доставлен
502557,2024-03-15,1009.0,1,1990.0,Москва,Wildberries,Доставлен
502471,2024-03-13,1020.0,2,1550.0,Москва,Wildberries,Доставлен
509898,2024-10-07,1024.0,2,3520.0,Москва,Wildberries,Доставлен
509070,2024-09-15,1022.0,1,1670.0,Новосибирск,Ozon,Возврат
513225,2024-12-17,1005.0,1,2570.0,Москва,Ozon,Доставлен
504925,2024-05-18,1023.0,1,830.0,Москва,Ozon,Доставлен
509143,2024-09-17,1018.0,1,830.0,Санкт-Петербург,Wildberries,Возврат
505029,2024-05-22,1003.0,1,3030.0,Екатеринбург,Wildberries,Доставлен
505746,2024-06-15,1002.0,1,4100.0,Москва,Ozon,Доставлен
511325,2024-11-13,1017.0,1,1610.0,Новосибирск,Wildberries,Доставлен
512565,2024-12-06,1025.0,2,2540.0,Екатеринбург,Wildberries,Доставлен
513617,2024-12-23,1021.0,1,1470.0,Екатеринбург,Ozon,Доставлен
508371,2024-08-29,1005.0,1,2340.0,Регионы,Ozon,Доставлен
513816,2024-12-27,1004.0,1,2550.0,Санкт-Петербург,Wildberries,Доставлен
511473,2024-11-16,1014.0,1,2700.0,Регионы,Ozon,Доставлен
505011,2024-05-21,1014.0,1,2590.0,Регионы,Wildberries,Доставлен
509010,2024-09-14,1007.0,1,1050.0,Регионы,Ozon,Отменён
505704,2024-06-13,1016.0,1,2450.0,Регионы,Wildberries,Доставлен
503562,2024-04-07,1025.0,1,2900.0,Новосибирск,Ozon,Доставлен
502493,2024-03-14,1003.0,1,3450.0,Регионы,Ozon,Доставлен
510630,2024-10-29,1015.0,1,2440.0,Регионы,Wildberries,Доставлен
501117,2024-02-07,1020.0,1,1350.0,Екатеринбург,Wildberries,Возврат
501126,2024-02-07,1025.0,2,3130.0,Санкт-Петербург,Ozon,Доставлен
500244,2024-01-08,1024.0,1,3550.0,Регионы,Ozon,Доставлен
511946,2024-11-25,1013.0,1,2470.0,Регионы,Ozon,Доставлен
503840,2024-04-15,1024.0,1,3160.0,Регионы,Wildberries,Доставлен
510483,2024-10-26,1002.0,1,4050.0,Москва,Ozon,Отменён
512822,2024-12-10,1021.0,1,1720.0,Москва,Wildberries,Доставлен
509167,2024-09-18,1010.0,1,1270.0,Регионы,Ozon,Доставлен
513853,2024-12-27,1019.0,1,2130.0,Регионы,Wildberries,Доставлен
502959,2024-03-24,1008.0,2,5050.0,Екатеринбург,Wildberries,Доставлен
507849,2024-08-16,1004.0,1,2550.0,Екатеринбург,Ozon,Доставлен
506584,2024-07-11,1002.0,1,4080.0,Санкт-Петербург,Wildberries,Доставлен
503350,2024-03-31,1026.0,1,2520.0,Санкт-Петербург,Wildberries,Доставлен
511971,2024-11-26,1001.0,3,1380.0,Екатеринбург,Ozon,Доставлен
513161,2024-12-16,1001.0,1,1120.0,Москва,Ozon,Доставлен
510077,2024-10-13,1020.0,2,1280.0,Санкт-Петербург,Wildberries,Доставлен
508298,2024-08-27,1004.0,1,2590.0,Регионы,Wildberries,Доставлен
504364,2024-04-30,1021.0,1,1560.0,Регионы,Wildberries,Доставлен
507960,2024-08-19,1004.0,1,2500.0,Екатеринбург,Ozon,Доставлен
500283,2024-01-10,1011.0,1,3990.0,Регионы,Ozon,Доставлен
503986,2024-04-19,1022.0,1,1520.0,Санкт-Петербург,Ozon,Доставлен
500203,2024-01-07,1004.0,1,2420.0,Регионы,Wildberries,Возврат
511081,2024-11-09,1002.0,1,3450.0,Регионы,Ozon,Доставлен
504403,2024-05-01,1020.0,2,1360.0,Новосибирск,Ozon,Отменён
506174,2024-06-27,1021.0,2,1640.0,Москва,Wildberries,Доставлен
507105,2024-07-27,1013.0,1,2580.0,Новосибирск,Wildberries,Доставлен
510485,2024-10-26,1003.0,1,3570.0,Москва,Wildberries,Доставлен
510913,2024-11-05,1007.0,1,1160.0,Санкт-Петербург,Ozon,Доставлен
506259,2024-06-30,1017.0,1,1720.0,Санкт-Петербург,Ozon,Доставлен
513625,2024-12-23,1022.0,1,1380.0,Санкт-Петербург,Ozon,Доставлен
500634,2024-01-22,1025.0,1,3120.0,Регионы,Wildberries,Доставлен
513441,2024-12-20,1021.0,1,1490.0,Регионы,Ozon,Доставлен
507020,2024-07-24,1026.0,2,2210.0,Санкт-Петербург,Wildberries,Возврат
507549,2024-08-08,1013.0,1,2120.0,Санкт-Петербург,Wildberries,Доставлен
507578,2024-08-09,1009.0,1,1940.0,Москва,Ozon,Доставлен
507465,2024-08-06,1011.0,1,3970.0,Регионы,Wildberries,Доставлен
510514,2024-10-26,1017.0,1,1380.0,Новосибирск,Wildberries,Доставлен
512485,2024-12-05,1011.0,2,3390.0,Москва,Wildberries,Доставлен
511241,2024-11-12,1007.0,1,1080.0,Москва,Wildberries,Доставлен
510733,2024-11-01,1007.0,1,1210.0,Екатеринбург,Ozon,Доставлен
507238,2024-07-31,1014.0,1,2290.0,Регионы,Ozon,Доставлен
501195,2024-02-10,1002.0,1,4040.0,Санкт-Петербург,Ozon,Доставлен
504194,2024-04-25,1024.0,1,3110.0,Регионы,Ozon,Доставлен
513552,2024-12-22,1015.0,1,2450.0,Санкт-Петербург,Ozon,Доставлен
504554,2024-05-06,1010.0,2,1130.0,Москва,Wildberries,Доставлен
506354,2024-07-03,1018.0,1,830.0,Москва,Wildberries,Доставлен
512639,2024-12-08,1001.0,1,1180.0,Регионы,Ozon,Доставлен
507820,2024-08-15,1009.0,2,1830.0,Регионы,Wildberries,Доставлен
505419,2024-06-04,1009.0,1,1880.0,Москва,Wildberries,Доставлен
511187,2024-11-11,1005.0,1,2450.0,Санкт-Петербург,Ozon,Доставлен
511869,2024-11-23,1025.0,1,3070.0,Санкт-Петербург,Wildberries,Доставлен
511459,2024-11-16,1008.0,1,4200.0,Москва,Ozon,Доставлен
501491,2024-02-18,1026.0,1,2350.0,Екатеринбург,Ozon,Доставлен
509983,2024-10-10,1024.0,1,3360.0,Санкт-Петербург,Wildberries,Доставлен
511055,2024-11-08,1011.0,1,3330.0,Екатеринбург,Wildberries,Доставлен
503797,2024-04-14,1023.0,1,870.0,Москва,Ozon,Доставлен
501078,2024-02-06,1022.0,1,1530.0,Москва,Wildberries,Доставлен
500369,2024-01-13,1018.0,1,860.0,Москва,Ozon,Доставлен
502519,2024-03-14,1020.0,1,1540.0,Москва,Wildberries,Доставлен
508104,2024-08-22,1017.0,1,1740.0,Москва,Wildberries,Отменён
513646,2024-12-24,1007.0,1,1210.0,Санкт-Петербург,Wildberries,Доставлен
504659,2024-05-09,1015.0,1,2510.0,Екатеринбург,Ozon,Доставлен
512933,2024-12-12,1008.0,1,4960.0,Санкт-Петербург,Ozon,Доставлен
513265,2024-12-17,1020.0,1,1390.0,Москва,Wildberries,Возврат
500824,2024-01-29,1026.0,2,2640.0,Москва,Wildberries,Доставлен
500700,2024-01-25,1016.0,1,2670.0,Москва,Ozon,Доставлен
512564,2024-12-06,1025.0,2,2600.0,Регионы,Ozon,Доставлен
501504,2024-02-19,1013.0,1,2380.0,Москва,Wildberries,Доставлен
510670,2024-10-30,1021.0,1,1680.0,Москва,Wildberries,Доставлен
501380,2024-02-15,1009.0,1,1840.0,Москва,Ozon,Доставлен
506908,2024-07-20,1022.0,1,1540.0,Регионы,Ozon,Доставлен
503027,2024-03-25,1022.0,1,1580.0,Санкт-Петербург,Wildberries,Доставлен
503426,2024-04-03,1004.0,1,2480.0,Санкт-Петербург,Wildberries,Доставлен
513332,2024-12-18,1017.0,1,1480.0,Регионы,Ozon,Доставлен
509429,2024-09-24,1024.0,1,3540.0,Москва,Wildberries,Доставлен
513883,2024-12-28,1007.0,1,1310.0,Екатеринбург,Wildberries,Доставлен
508421,2024-08-30,1011.0,1,3630.0,Регионы,Ozon,Доставлен
509851,2024-10-06,1011.0,3,3930.0,Екатеринбург,Ozon,Доставлен
507671,2024-08-11,1018.0,1,850.0,Москва,Wildberries,Доставлен
503491,2024-04-05,1016.0,1,2800.0,Москва,Wildberries,Доставлен
512928,2024-12-12,1007.0,1,1050.0,Новосибирск,Wildberries,Доставлен
502473,2024-03-13,1020.0,1,1550.0,Регионы,Ozon,Возврат
511420,2024-11-15,1012.0,2,3160.0,Москва,Wildberries,Доставлен
513551,2024-12-22,1015.0,1,2230.0,Екатеринбург,Ozon,Доставлен
502260,2024-03-09,1002.0,2,3850.0,Москва,Ozon,Доставлен
507016,2024-07-24,1021.0,1,1370.0,Москва,Wildberries,Возврат
500253,2024-01-09,1006.0,1,3620.0,Регионы,Ozon,Доставлен
511380,2024-11-14,1017.0,1,1520.0,Санкт-Петербург,Ozon,Доставлен
512022,2024-11-27,1008.0,1,4130.0,Москва,Wildberries,Доставлен
508877,2024-09-10,1023.0,1,930.0,Регионы,Wildberries,Доставлен
509227,2024-09-20,1006.0,1,3840.0,Санкт-Петербург,Ozon,Доставлен
510222,2024-10-18,1003.0,1,3480.0,Новосибирск,Wildberries,Отменён
503738,2024-04-13,1006.0,1,4400.0,Регионы,Ozon,Возврат
509225,2024-09-20,1005.0,1,2370.0,Регионы,Ozon,Возврат
501599,2024-02-22,1004.0,1,2840.0,Москва,Wildberries,Отменён
509118,2024-09-17,1001.0,1,1290.0,Санкт-Петербург,Ozon,Доставлен
513460,2024-12-21,1003.0,1,3170.0,Регионы,Wildberries,Доставлен
511950,2024-11-25,1015.0,1,2370.0,Санкт-Петербург,Ozon,Доставлен
503366,2024-04-01,1011.0,2,3970.0,Регионы,Wildberries,Доставлен
505024,2024-05-21,1024.0,1,3430.0,Екатеринбург,Wildberries,Доставлен
510447,2024-10-24,1022.0,1,1410.0,Санкт-Петербург,Ozon,Доставлен
502797,2024-03-21,1002.0,1,3820.0,Москва,Wildberries,Доставлен
503417,2024-04-02,1023.0,1,1000.0,Санкт-Петербург,Wildberries,Доставлен
508025,2024-08-20,1020.0,1,1380.0,Санкт-Петербург,Wildberries,Доставлен
502947,2024-03-24,1001.0,1,1290.0,Регионы,Wildberries,Возврат
506676,2024-07-13,1018.0,1,800.0,Москва,Wildberries,Доставлен
512226,2024-12-01,1006.0,1,4430.0,Екатеринбург,Wildberries,Возврат
505607,2024-06-10,1018.0,2,850.0,Москва,Ozon,Доставлен
507953,2024-08-18,1025.0,1,2760.0,Санкт-Петербург,Wildberries,Доставлен
500058,2024-01-02,1025.0,1,2600.0,Регионы,Ozon,Доставлен
512937,2024-12-12,1009.0,1,1650.0,Москва,Wildberries,Доставлен
508483,2024-08-31,1023.0,1,910.0,Регионы,Ozon,Доставлен
508898,2024-09-11,1008.0,1,4590.0,Москва,Ozon,Доставлен
509146,2024-09-17,1021.0,1,1390.0,Регионы,Wildberries,Доставлен
505078,2024-05-24,1006.0,1,3610.0,Екатеринбург,Ozon,Доставлен
502064,2024-03-05,1009.0,1,2010.0,Регионы,Ozon,Доставлен
511864,2024-11-23,1024.0,2,3400.0,Регионы,Ozon,Доставлен
509160,2024-09-18,1006.0,1,3610.0,Москва,Ozon,Доставлен
505499,2024-06-06,1016.0,1,2660.0,Новосибирск,Wildberries,Доставлен
504117,2024-04-23,1020.0,1,1560.0,Екатеринбург,Ozon,Доставлен
502371,2024-03-11,1018.0,1,740.0,Новосибирск,Wildberries,Доставлен
513953,2024-12-29,1006.0,1,3960.0,Москва,Wildberries,Доставлен
502277,2024-03-09,1014.0,2,2210.0,Москва,Ozon,Доставлен
511182,2024-11-11,1001.0,1,1400.0,Новосибирск,Wildberries,Возврат
513919,2024-12-28,1018.0,1,830.0,Регионы,Ozon,Доставлен
507848,2024-08-16,1003.0,1,3450.0,Регионы,Wildberries,Доставлен
506887,2024-07-20,1011.0,1,3890.0,Регионы,Ozon,Доставлен
506235,2024-06-29,1020.0,1,1400.0,Екатеринбург,Ozon,Возврат
511920,2024-11-24,1022.0,1,1730.0,Регионы,Ozon,Доставлен
513420,2024-12-20,1011.0,3,3680.0,Новосибирск,Ozon,Доставлен
504114,2024-04-23,1018.0,2,790.0,Санкт-Петербург,Ozon,Доставлен
512722,2024-12-09,1006.0,1,4430.0,Санкт-Петербург,Wildberries,Доставлен
503185,2024-03-28,1022.0,1,1560.0,Москва,Wildberries,Доставлен
511982,2024-11-26,1011.0,1,3490.0,Новосибирск,Wildberries,Доставлен
500042,2024-01-02,1016.0,1,2590.0,Москва,Wildberries,Доставлен
513536,2024-12-22,1009.0,1,1890.0,Москва,Ozon,Доставлен
512306,2024-12-02,1013.0,1,2600.0,Регионы,Wildberries,Доставлен
505756,2024-06-15,1008.0,1,4040.0,Регионы,Wildberries,Доставлен
501730,2024-02-26,1010.0,1,1170.0,Москва,Wildberries,Доставлен
506415,2024-07-05,1012.0,1,3050.0,Москва,Wildberries,Отменён
504684,2024-05-10,1011.0,1,3850.0,Санкт-Петербург,Wildberries,Возврат
509998,2024-10-11,1007.0,2,1120.0,Санкт-Петербург,Wildberries,Доставлен
508501,2024-09-01,1010.0,1,1270.0,Москва,Wildberries,Доставлен
503759,2024-04-13,1023.0,1,1060.0,Регионы,Ozon,Доставлен
510810,2024-11-02,1020.0,1,1490.0,Москва,Wildberries,Доставлен
508478,2024-08-31,1019.0,1,2210.0,Санкт-Петербург,Wildberries,Доставлен
509549,2024-09-28,1001.0,1,1240.0,Новосибирск,Ozon,Доставлен
509932,2024-10-08,1026.0,1,2670.0,Москва,Wildberries,Доставлен
501765,2024-02-27,1011.0,1,3400.0,Санкт-Петербург,Wildberries,Доставлен
504810,2024-05-14,1016.0,1,2210.0,Москва,Wildberries,Доставлен
510831,2024-11-03,1006.0,2,4030.0,Москва,Ozon,Доставлен
503538,2024-04-07,1009.0,1,1770.0,Регионы,Wildberries,Доставлен
508388,2024-08-29,1018.0,1,860.0,Новосибирск,Wildberries,Доставлен
505970,2024-06-21,1003.0,2,3010.0,Регионы,Wildberries,Доставлен
502017,2024-03-04,1018.0,1,740.0,Санкт-Петербург,Ozon,Доставлен
513592,2024-12-23,1009.0,1,2010.0,Москва,Ozon,Доставлен
505187,2024-05-27,1017.0,1,1740.0,Регионы,Wildberries,Доставлен
500094,2024-01-03,1026.0,2,2540.0,Москва,Ozon,Доставлен
506751,2024-07-16,1006.0,1,3960.0,Москва,Ozon,Отменён
501645,2024-02-23,1013.0,1,2270.0,Санкт-Петербург,Ozon,Доставлен
506767,2024-07-16,1017.0,1,1530.0,Москва,Wildberries,Доставлен
513064,2024-12-14,1013.0,1,2590.0,Регионы,Wildberries,Доставлен
513392,2024-12-19,1023.0,1,1000.0,Москва,Wildberries,Доставлен
507201,2024-07-30,1002.0,1,3710.0,Москва,Ozon,Доставлен
501134,2024-02-08,1010.0,1,1260.0,Регионы,Wildberries,Доставлен
503412,2024-04-02,1018.0,1,700.0,Екатеринбург,Ozon,Доставлен
500773,2024-01-28,1001.0,2,1330.0,Новосибирск,Ozon,Возврат
507407,2024-08-04,1019.0,1,2500.0,Екатеринбург,Ozon,Доставлен
509740,2024-10-02,1025.0,2,3230.0,Новосибирск,Wildberries,Доставлен
512210,2024-11-30,1026.0,1,2200.0,Новосибирск,Wildberries,Доставлен
506348,2024-07-03,1011.0,2,3380.0,Регионы,Wildberries,Доставлен
512908,2024-12-11,1022.0,1,1670.0,Санкт-Петербург,Ozon,Доставлен
502623,2024-03-16,1024.0,1,3510.0,Санкт-Петербург,Wildberries,Доставлен
509131,2024-09-17,1008.0,1,4130.0,Москва,Ozon,Доставлен
501988,2024-03-03,1026.0,1,2300.0,Новосибирск,Ozon,Доставлен
506522,2024-07-08,1022.0,1,1670.0,Екатеринбург,Wildberries,Доставлен
508667,2024-09-05,1013.0,2,2450.0,Москва,Wildberries,Доставлен
503154,2024-03-28,1002.0,1,3900.0,Москва,Wildberries,Доставлен
500398,2024-01-14,1019.0,2,2400.0,Регионы,Ozon,Доставлен
506054,2024-06-23,1018.0,1,800.0,Екатеринбург,Wildberries,Доставлен
502944,2024-03-24,1001.0,1,1330.0,Регионы,Wildberries,Доставлен
512118,2024-11-29,1005.0,3,2560.0,Новосибирск,Wildberries,Доставлен
508758,2024-09-07,1017.0,1,1710.0,Регионы,Ozon,Возврат
502237,2024-03-08,1022.0,1,1720.0,Москва,Wildberries,Доставлен
513620,2024-12-23,1021.0,1,1380.0,Москва,Ozon,Возврат
506208,2024-06-28,1023.0,1,980.0,Екатеринбург,Ozon,Отменён
511642,2024-11-19,1021.0,1,1600.0,Регионы,Wildberries,Отменён
512851,2024-12-11,1005.0,1,2720.0,Екатеринбург,Ozon,Доставлен
501766,2024-02-27,1012.0,2,3090.0,Москва,Wildberries,Доставлен
504813,2024-05-14,1022.0,1,1510.0,Регионы,Wildberries,Доставлен
503217,2024-03-29,1011.0,1,3310.0,Екатеринбург,Wildberries,Доставлен
504623,2024-05-08,1007.0,1,1260.0,Москва,Wildberries,Доставлен
502221,2024-03-08,1008.0,1,4870.0,Москва,Ozon,Доставлен
512371,2024-12-03,1016.0,1,2230.0,Регионы,Wildberries,Доставлен
501690,2024-02-24,1019.0,2,2400.0,Москва,Wildberries,Доставлен
504788,2024-05-13,1017.0,1,1630.0,Санкт-Петербург,Ozon,Доставлен
511231,2024-11-12,1005.0,1,2660.0,Екатеринбург,Ozon,Доставлен
511140,2024-11-10,1009.0,1,1910.0,Регионы,Ozon,Доставлен
509913,2024-10-08,1013.0,1,2180.0,Санкт-Петербург,Wildberries,Доставлен
502750,2024-03-19,1025.0,1,2950.0,Новосибирск,Wildberries,Доставлен
503139,2024-03-27,1022.0,1,1520.0,Москва,Wildberries,Доставлен
509667,2024-09-30,1023.0,1,1050.0,Екатеринбург,Wildberries,Доставлен
508931,2024-09-12,1006.0,1,3930.0,Новосибирск,Ozon,Доставлен
509768,2024-10-03,1016.0,1,2380.0,Екатеринбург,Ozon,Отменён
511696,2024-11-20,1017.0,1,1480.0,Екатеринбург,Ozon,Доставлен
508495,2024-09-01,1005.0,1,2550.0,Регионы,Wildberries,Доставлен
502514,2024-03-14,1016.0,1,2490.0,Новосибирск,Wildberries,Доставлен
511742,2024-11-21,1016.0,1,2330.0,Санкт-Петербург,Wildberries,Доставлен
502463,2024-03-13,1014.0,1,2450.0,Регионы,Ozon,Доставлен
510062,2024-10-13,1006.0,1,4560.0,Москва,Wildberries,Доставлен
513559,2024-12-22,1021.0,1,1610.0,Регионы,Wildberries,Доставлен
512802,2024-12-10,1012.0,1,3010.0,Москва,Wildberries,Доставлен
501837,2024-02-29,1026.0,2,2610.0,Санкт-Петербург,Ozon,Доставлен
512825,2024-12-10,1021.0,1,1600.0,Москва,Ozon,Доставлен
506388,2024-07-04,1021.0,1,1480.0,Екатеринбург,Wildberries,Доставлен
513036,2024-12-14,1004.0,1,2370.0,Москва,Wildberries,Доставлен
503049,2024-03-26,1002.0,2,3580.0,Москва,Ozon,Отменён
507987,2024-08-19,1019.0,1,2080.0,Новосибирск,Ozon,Доставлен
500161,2024-01-05,1024.0,1,3570.0,Москва,Wildberries,Отменён
508089,2024-08-22,1005.0,1,2470.0,Регионы,Ozon,Доставлен
509140,2024-09-17,1016.0,2,2300.0,Регионы,Wildberries,Доставлен
501627,2024-02-22,1025.0,1,2630.0,Москва,Wildberries,Доставлен
506869,2024-07-19,1019.0,1,1980.0,Санкт-Петербург,Wildberries,Отменён
510108,2024-10-14,1020.0,1,1300.0,Новосибирск,Ozon,Доставлен
509506,2024-09-26,1022.0,1,1610.0,Москва,Ozon,Доставлен
504546,2024-05-06,1001.0,1,1290.0,Екатеринбург,Wildberries,Доставлен
503092,2024-03-26,1025.0,1,2880.0,Санкт-Петербург,Wildberries,Отменён
507915,2024-08-18,1001.0,1,1130.0,Москва,Wildberries,Доставлен
505814,2024-06-16,1022.0,2,1620.0,Москва,Ozon,Возврат
511320,2024-11-13,1014.0,3,2660.0,Регионы,Wildberries,Доставлен
503557,2024-04-07,1023.0,2,1040.0,Москва,Wildberries,Доставлен
513894,2024-12-28,1011.0,1,3240.0,Санкт-Петербург,Wildberries,Доставлен
504323,2024-04-29,1010.0,1,1090.0,Регионы,Ozon,Доставлен
511949,2024-11-25,1015.0,1,2380.0,Москва,Ozon,Отменён
508637,2024-09-04,1023.0,1,1010.0,Регионы,Ozon,Доставлен
500641,2024-01-23,1007.0,1,1200.0,Регионы,Wildberries,Доставлен
503372,2024-04-01,1015.0,1,2050.0,Москва,Wildberries,Доставлен
503887,2024-04-17,1005.0,1,2500.0,Регионы,Wildberries,Возврат
502607,2024-03-16,1013.0,1,2280.0,Новосибирск,Ozon,Доставлен
506116,2024-06-25,1024.0,1,2990.0,Регионы,Wildberries,Доставлен
501154,2024-02-08,1023.0,1,970.0,Москва,Ozon,Доставлен
503586,2024-04-08,1022.0,2,1700.0,Санкт-Петербург,Ozon,Возврат
505304,2024-05-31,1015.0,2,2110.0,Новосибирск,Ozon,Возврат
506770,2024-07-16,1021.0,1,1530.0,Санкт-Петербург,Ozon,Доставлен
503422,2024-04-02,1026.0,1,2680.0,Екатеринбург,Wildberries,Доставлен
510991,2024-11-07,1002.0,1,3940.0,Москва,Wildberries,Доставлен
503199,2024-03-28,1026.0,1,2480.0,Регионы,Ozon,Доставлен
511934,2024-11-25,1007.0,1,1110.0,Новосибирск,Wildberries,Доставлен
511462,2024-11-16,1009.0,2,1880.0,Регионы,Wildberries,Доставлен
501182,2024-02-09,1015.0,1,2410.0,Регионы,Ozon,Возврат
507151,2024-07-28,1022.0,1,1560.0,Москва,Ozon,Доставлен
504832,2024-05-15,1020.0,1,1310.0,Санкт-Петербург,Wildberries,Доставлен
505234,2024-05-29,1004.0,1,2720.0,Регионы,Wildberries,Отменён
511697,2024-11-20,1018.0,2,830.0,Регионы,Wildberries,Доставлен
508067,2024-08-21,1020.0,1,1550.0,Регионы,Ozon,Доставлен
509820,2024-10-05,1015.0,1,2270.0,Москва,Ozon,Доставлен
503990,2024-04-19,1025.0,1,2990.0,Регионы,Wildberries,Доставлен
503819,2024-04-15,1010.0,1,1330.0,Регионы,Wildberries,Доставлен
508797,2024-09-08,1010.0,3,1310.0,Регионы,Wildberries,Доставлен
510645,2024-10-30,1004.0,1,2480.0,Регионы,Ozon,Доставлен
500637,2024-01-23,1001.0,1,1240.0,Екатеринбург,Ozon,Доставлен
502385,2024-03-11,1025.0,1,3100.0,Москва,Ozon,Доставлен
506264,2024-06-30,1021.0,1,1690.0,Екатеринбург,Wildberries,Доставлен
500280,2024-01-10,1007.0,1,1230.0,Новосибирск,Ozon,Доставлен
513232,2024-12-17,1007.0,2,1070.0,Санкт-Петербург,Wildberries,Доставлен
506492,2024-07-07,1021.0,3,1470.0,Екатеринбург,Wildberries,Доставлен
511712,2024-11-20,1025.0,1,2750.0,Москва,Wildberries,Доставлен
507021,2024-07-25,1002.0,1,3620.0,Москва,Wildberries,Доставлен
507133,2024-07-28,1008.0,1,4570.0,Москва,Ozon,Доставлен
502798,2024-03-21,1004.0,1,2470.0,Екатеринбург,Wildberries,Доставлен
501821,2024-02-29,1008.0,1,5020.0,Санкт-Петербург,Ozon,Доставлен
507226,2024-07-31,1004.0,1,2720.0,Новосибирск,Wildberries,Доставлен
501144,2024-02-08,1018.0,1,740.0,Регионы,Wildberries,Доставлен
505951,2024-06-20,1013.0,1,2290.0,Санкт-Петербург,Ozon,Доставлен
505134,2024-05-26,1004.0,1,2420.0,Регионы,Wildberries,Доставлен
501295,2024-02-12,1017.0,1,1390.0,Регионы,Ozon,Доставлен
502553,2024-03-15,1007.0,1,1220.0,Санкт-Петербург,Wildberries,Доставлен
509584,2024-09-28,1023.0,1,1060.0,Москва,Wildberries,Доставлен
506709,2024-07-14,1023.0,1,890.0,Регионы,Wildberries,Отменён
511608,2024-11-19,1007.0,1,1070.0,Санкт-Петербург,Ozon,Доставлен
506059,2024-06-23,1022.0,1,1410.0,Москва,Ozon,Доставлен
507382,2024-08-03,1023.0,1,880.0,Санкт-Петербург,Ozon,Доставлен
500914,2024-02-02,1004.0,1,2500.0,Регионы,Wildberries,Доставлен
512985,2024-12-13,1006.0,1,4480.0,Екатеринбург,Wildberries,Доставлен
510444,2024-10-24,1021.0,1,1470.0,Санкт-Петербург,Wildberries,Доставлен
502841,2024-03-22,1002.0,1,3770.0,Регионы,Wildberries,Возврат
512450,2024-12-04,1024.0,1,3270.0,Регионы,Wildberries,Доставлен
500121,2024-01-04,1021.0,1,1620.0,Екатеринбург,Ozon,Отменён
502436,2024-03-12,1024.0,1,3590.0,Регионы,Wildberries,Возврат
501587,2024-02-21,1023.0,1,860.0,Регионы,Ozon,Возврат
504134,2024-04-23,1026.0,1,2280.0,Регионы,Wildberries,Доставлен
504514,2024-05-05,1005.0,3,2460.0,Санкт-Петербург,Wildberries,Доставлен
500112,2024-01-04,1013.0,1,2420.0,Регионы,Wildberries,Возврат
512552,2024-12-06,1016.0,1,2240.0,Москва,Wildberries,Доставлен
503656,2024-04-10,1025.0,1,2970.0,Москва,Ozon,Доставлен
505992,2024-06-21,1021.0,1,1460.0,Москва,Wildberries,Доставлен
503227,2024-03-29,1018.0,1,700.0,Екатеринбург,Wildberries,Возврат
507138,2024-07-28,1013.0,1,2560.0,Екатеринбург,Wildberries,Доставлен
501245,2024-02-11,1009.0,1,1940.0,Москва,Ozon,Доставлен
507231,2024-07-31,1008.0,1,4840.0,Регионы,Wildberries,Возврат
502582,2024-03-15,1024.0,1,3210.0,Москва,Ozon,Доставлен
511098,2024-11-09,1011.0,2,3950.0,Новосибирск,Wildberries,Доставлен
501254,2024-02-11,1016.0,1,2590.0,Екатеринбург,Ozon,Доставлен
503620,2024-04-09,1020.0,1,1370.0,Регионы,Wildberries,Возврат
507149,2024-07-28,1021.0,1,1390.0,Москва,Ozon,Доставлен
511812,2024-11-22,1023.0,1,1040.0,Регионы,Ozon,Доставлен
510277,2024-10-19,1010.0,1,1170.0,Москва,Wildberries,Доставлен
513898,2024-12-28,1011.0,2,3600.0,Екатеринбург,Wildberries,Доставлен
511328,2024-11-13,1017.0,1,1680.0,Новосибирск,Wildberries,Доставлен
514102,2024-12-31,1014.0,1,2210.0,Санкт-Петербург,Wildberries,Доставлен
511032,2024-11-07,1026.0,1,2690.0,Регионы,Wildberries,Доставлен
504290,2024-04-28,1013.0,3,2570.0,Москва,Wildberries,Возврат
505126,2024-05-25,1016.0,2,2570.0,Новосибирск,Wildberries,Доставлен
501727,2024-02-26,1008.0,1,4900.0,Екатеринбург,Ozon,Доставлен
504443,2024-05-02,1025.0,2,3040.0,Санкт-Петербург,Wildberries,Возврат
507954,2024-08-18,1026.0,3,2550.0,Регионы,Ozon,Доставлен
508228,2024-08-25,1017.0,1,1750.0,Регионы,Ozon,Доставлен
503837,2024-04-15,1022.0,3,1640.0,Новосибирск,Ozon,Доставлен
503445,2024-04-03,1018.0,1,860.0,Регионы,Wildberries,Доставлен
504728,2024-05-11,1022.0,1,1370.0,Регионы,Ozon,Доставлен
507210,2024-07-30,1016.0,1,2200.0,Регионы,Wildberries,Доставлен
501722,2024-02-25,1026.0,1,2240.0,Москва,Ozon,Доставлен
512351,2024-12-03,1003.0,1,3290.0,Санкт-Петербург,Wildberries,Доставлен
504100,2024-04-23,1004.0,1,2560.0,Новосибирск,Wildberries,Доставлен
513254,2024-12-17,1014.0,1,2380.0,Новосибирск,Ozon,Доставлен
510255,2024-10-18,1020.0,1,1610.0,Санкт-Петербург,Wildberries,Доставлен
502130,2024-03-06,1018.0,3,730.0,Санкт-Петербург,Ozon,Доставлен
500849,2024-01-30,1018.0,1,770.0,Новосибирск,Wildberries,Доставлен
511755,2024-11-21,1023.0,2,990.0,Москва,Wildberries,Доставлен
501395,2024-02-15,1019.0,1,2000.0,Новосибирск,Wildberries,Доставлен
506623,2024-07-11,1026.0,1,2510.0,Москва,Wildberries,Доставлен
505644,2024-06-11,1014.0,1,2360.0,Новосибирск,Wildberries,Доставлен
510928,2024-11-05,1013.0,2,2150.0,Новосибирск,Wildberries,Возврат
500680,2024-01-24,1023.0,1,1020.0,Москва,Wildberries,Возврат
505155,2024-05-26,1021.0,1,1470.0,Москва,Wildberries,Доставлен
514046,2024-12-30,1018.0,1,770.0,Регионы,Ozon,Доставлен
506586,2024-07-11,1003.0,1,3680.0,Новосибирск,Ozon,Доставлен
503812,2024-04-15,1007.0,1,1040.0,Новосибирск,Wildberries,Доставлен
513452,2024-12-21,1001.0,1,1100.0,Екатеринбург,Wildberries,Доставлен
512769,2024-12-10,1002.0,1,3620.0,Москва,Wildberries,Доставлен
506179,2024-06-27,1026.0,3,2710.0,Регионы,Ozon,Доставлен
510389,2024-10-23,1006.0,1,4100.0,Москва,Wildberries,Доставлен
503900,2024-04-17,1021.0,1,1510.0,Екатеринбург,Wildberries,Доставлен
511708,2024-11-20,1024.0,1,2950.0,Москва,Wildberries,Доставлен
510458,2024-10-25,1003.0,1,3560.0,Москва,Wildberries,Доставлен
513222,2024-12-17,1004.0,1,2360.0,Регионы,Ozon,Доставлен
500449,2024-01-16,1024.0,1,3160.0,Москва,Wildberries,Доставлен
500208,2024-01-07,1010.0,1,1190.0,Санкт-Петербург,Wildberries,Доставлен
513886,2024-12-28,1008.0,1,4540.0,Санкт-Петербург,Ozon,Возврат
506701,2024-07-14,1017.0,1,1600.0,Регионы,Ozon,Доставлен
510088,2024-10-14,1002.0,1,4010.0,Регионы,Wildberries,Доставлен
505673,2024-06-12,1013.0,1,2530.0,Москва,Wildberries,Доставлен
504751,2024-05-12,1016.0,2,2340.0,Регионы,Wildberries,Доставлен
507909,2024-08-17,1021.0,1,1430.0,Москва,Ozon,Доставлен
512447,2024-12-04,1023.0,2,1050.0,Москва,Wildberries,Доставлен
502981,2024-03-24,,1,1370.0,Москва,Ozon,Доставлен
511765,2024-11-22,1003.0,1,3330.0,Москва,Wildberries,Возврат
508977,2024-09-13,1012.0,1,3080.0,Санкт-Петербург,Wildberries,Доставлен
511529,2024-11-17,1021.0,1,1510.0,Регионы,Ozon,Доставлен
506870,2024-07-19,1020.0,1,1520.0,Екатеринбург,Wildberries,Доставлен
513201,2024-12-16,1017.0,1,1710.0,Москва,Ozon,Отменён
505196,2024-05-27,1026.0,1,2590.0,Регионы,Wildberries,Доставлен
507596,2024-08-09,1017.0,1,1740.0,Москва,Wildberries,Возврат
514007,2024-12-30,1006.0,1,4520.0,Регионы,Ozon,Доставлен
509404,2024-09-24,1006.0,2,3660.0,Москва,Ozon,Возврат
508790,2024-09-08,1005.0,1,2350.0,Москва,Wildberries,Доставлен
507859,2024-08-16,1011.0,1,3650.0,Регионы,Ozon,Доставлен
504068,2024-04-22,1007.0,1,1200.0,Екатеринбург,Wildberries,Доставлен
501267,2024-02-11,1026.0,1,2340.0,Санкт-Петербург,Wildberries,Доставлен
502849,2024-03-22,1004.0,2,2540.0,Екатеринбург,Ozon,Возврат
509194,2024-09-19,1006.0,2,3930.0,Новосибирск,Wildberries,Доставлен
510938,2024-11-05,1023.0,1,1060.0,Москва,Wildberries,Доставлен
506947,2024-07-22,1006.0,1,4240.0,Екатеринбург,Wildberries,Доставлен
507378,2024-08-03,1021.0,1,1430.0,Москва,Wildberries,Возврат
513034,2024-12-14,1004.0,1,2440.0,Новосибирск,Ozon,Доставлен
502020,2024-03-04,1020.0,1,1480.0,Санкт-Петербург,Ozon,Доставлен
509586,2024-09-28,1024.0,2,3360.0,Москва,Wildberries,Доставлен
507293,2024-08-01,1023.0,1,880.0,Москва,Wildberries,Доставлен
507668,2024-08-11,1017.0,1,1520.0,Москва,Wildberries,Доставлен
509103,2024-09-16,1015.0,1,2250.0,Регионы,Wildberries,Доставлен
505474,2024-06-05,1022.0,2,1550.0,Регионы,Ozon,Отменён
511123,2024-11-09,1026.0,1,2620.0,Екатеринбург,Wildberries,Доставлен
506654,2024-07-12,1024.0,1,3460.0,Москва,Ozon,Доставлен
507774,2024-08-13,1022.0,1,1650.0,Регионы,Wildberries,Доставлен
501586,2024-02-21,1022.0,1,1470.0,Регионы,Wildberries,Доставлен
513705,2024-12-25,1007.0,1,1140.0,Санкт-Петербург,Ozon,Доставлен
511756,2024-11-21,1024.0,1,3120.0,Екатеринбург,Wildberries,Доставлен
503988,2024-04-19,1024.0,1,3720.0,Москва,Wildberries,Доставлен
501053,2024-02-06,1001.0,1,1120.0,Санкт-Петербург,Ozon,Возврат
504534,2024-05-05,1017.0,1,1470.0,Москва,Wildberries,Доставлен
508391,2024-08-29,1020.0,1,1550.0,Екатеринбург,Ozon,Доставлен
512130,2024-11-29,1010.0,1,1300.0,Регионы,Wildberries,Доставлен
503050,2024-03-26,1003.0,1,3100.0,Санкт-Петербург,Ozon,Возврат
510948,2024-11-06,1002.0,1,4100.0,Санкт-Петербург,Wildberries,Возврат
512423,2024-12-04,1009.0,1,1630.0,Новосибирск,Wildberries,Отменён
511539,2024-11-17,1024.0,1,3500.0,Москва,Ozon,Доставлен
506023,2024-06-22,1016.0,1,2320.0,Санкт-Петербург,Wildberries,Возврат
505697,2024-06-13,1011.0,1,3900.0,Регионы,Ozon,Доставлен
508959,2024-09-12,1022.0,1,1460.0,Санкт-Петербург,Ozon,Доставлен
501747,2024-02-26,1022.0,1,1490.0,Регионы,Wildberries,Отменён
500338,2024-01-12,1004.0,1,2350.0,Екатеринбург,Wildberries,Доставлен
501009,2024-02-04,1014.0,1,2480.0,Санкт-Петербург,Wildberries,Доставлен
509341,2024-09-22,1023.0,1,900.0,Москва,Wildberries,Доставлен
507148,2024-07-28,1021.0,1,1370.0,Санкт-Петербург,Wildberries,Доставлен
508815,2024-09-08,1025.0,2,2850.0,Санкт-Петербург,Wildberries,Доставлен
502075,2024-03-05,1014.0,1,2720.0,Москва,Ozon,Доставлен
506258,2024-06-30,1016.0,1,2250.0,Новосибирск,Ozon,Доставлен
503929,2024-04-18,1016.0,1,2620.0,Новосибирск,Wildberries,Доставлен
509836,2024-10-06,1001.0,3,1400.0,Новосибирск,Wildberries,Доставлен
503066,2024-03-26,1015.0,1,2340.0,Санкт-Петербург,Ozon,Доставлен
504994,2024-05-21,1004.0,1,2280.0,Санкт-Петербург,Ozon,Доставлен
511342,2024-11-13,1025.0,2,3060.0,Регионы,Wildberries,Доставлен
503508,2024-04-06,1009.0,1,1760.0,Москва,Ozon,Доставлен
504895,2024-05-17,1025.0,1,2820.0,Новосибирск,Wildberries,Доставлен
509540,2024-09-27,1019.0,1,2340.0,Санкт-Петербург,Ozon,Доставлен
509233,2024-09-20,1009.0,1,1800.0,Новосибирск,Wildberries,Доставлен
507878,2024-08-16,1018.0,1,710.0,Москва,Wildberries,Доставлен
502792,2024-03-20,1025.0,1,2820.0,Санкт-Петербург,Wildberries,Доставлен
502622,2024-03-16,1023.0,1,980.0,Новосибирск,Wildberries,Доставлен
513977,2024-12-29,1018.0,1,830.0,Новосибирск,Ozon,Доставлен
511764,2024-11-22,1003.0,1,3100.0,Регионы,Wildberries,Доставлен
503616,2024-04-09,1019.0,1,2370.0,Новосибирск,Wildberries,Доставлен
506482,2024-07-07,1013.0,1,2650.0,Регионы,Wildberries,Возврат
501963,2024-03-03,1005.0,1,2510.0,Москва,Wildberries,Доставлен
509935,2024-10-09,1001.0,1,1380.0,Москва,Ozon,Доставлен
503858,2024-04-16,1011.0,2,3500.0,Москва,Ozon,Доставлен
511115,2024-11-09,1018.0,1,860.0,Регионы,Wildberries,Отменён
507740,2024-08-13,1002.0,1,3340.0,Москва,Wildberries,Доставлен
511542,2024-11-17,1026.0,1,2490.0,Регионы,Wildberries,Доставлен
507727,2024-08-12,1021.0,1,1430.0,Москва,Wildberries,Доставлен
513765,2024-12-26,1008.0,2,4170.0,Екатеринбург,Ozon,Отменён
504061,2024-04-22,1002.0,1,3360.0,Санкт-Петербург,Wildberries,Доставлен
513355,2024-12-19,1007.0,2,1160.0,Регионы,Wildberries,Доставлен
504609,2024-05-07,1024.0,1,3260.0,Москва,Wildberries,Доставлен
509539,2024-09-27,1018.0,1,760.0,Москва,Ozon,Доставлен
503943,2024-04-18,1026.0,1,2160.0,Новосибирск,Ozon,Доставлен
505182,2024-05-27,1014.0,3,2310.0,Санкт-Петербург,Wildberries,Доставлен
512055,2024-11-28,1001.0,1,1260.0,Регионы,Wildberries,Доставлен
506844,2024-07-18,1021.0,1,1570.0,Москва,Ozon,Доставлен
509256,2024-09-20,1019.0,1,2380.0,Регионы,Wildberries,Доставлен
508884,2024-09-10,1026.0,1,2340.0,Санкт-Петербург,Wildberries,Доставлен
507893,2024-08-17,1004.0,1,2720.0,Регионы,Ozon,Доставлен
501456,2024-02-17,1024.0,1,3230.0,Санкт-Петербург,Wildberries,Доставлен
507006,2024-07-24,1011.0,1,3920.0,Регионы,Ozon,Доставлен
505013,2024-05-21,1017.0,1,1570.0,Регионы,Ozon,Доставлен
511882,2024-11-24,1004.0,1,2830.0,Москва,Wildberries,Доставлен
507343,2024-08-03,1004.0,1,2530.0,Регионы,Wildberries,Доставлен
503979,2024-04-19,1019.0,1,2500.0,Москва,Wildberries,Доставлен
502988,2024-03-24,1024.0,1,3640.0,Санкт-Петербург,Ozon,Доставлен
509644,2024-09-30,1008.0,2,4920.0,Регионы,Wildberries,Доставлен
502027,2024-03-04,1022.0,1,1650.0,Регионы,Ozon,Доставлен
510029,2024-10-12,1004.0,1,2330.0,Санкт-Петербург,Wildberries,Доставлен
506905,2024-07-20,1021.0,1,1610.0,Новосибирск,Ozon,Доставлен
501601,2024-02-22,1005.0,2,2770.0,Санкт-Петербург,Wildberries,Доставлен
513227,2024-12-17,1006.0,1,3660.0,Регионы,Wildberries,Доставлен
509565,2024-09-28,1013.0,1,2130.0,Москва,Wildberries,Доставлен
503342,2024-03-31,1022.0,1,1660.0,Регионы,Ozon,Возврат
506673,2024-07-13,1015.0,1,2290.0,Москва,Wildberries,Доставлен
504434,2024-05-02,1018.0,1,750.0,Москва,Wildberries,Доставлен
509963,2024-10-10,1006.0,1,4150.0,Регионы,Ozon,Возврат
510899,2024-11-04,1023.0,1,990.0,Регионы,Ozon,Доставлен
500799,2024-01-28,1026.0,1,2450.0,Санкт-Петербург,Ozon,Доставлен
505617,2024-06-11,1001.0,1,1190.0,Санкт-Петербург,Wildberries,Доставлен
505231,2024-05-29,1002.0,1,4100.0,Санкт-Петербург,Wildberries,Доставлен
504109,2024-04-23,1012.0,1,2760.0,Регионы,Wildberries,Доставлен
513434,2024-12-20,1018.0,1,790.0,Регионы,Ozon,Доставлен
510935,2024-11-05,1019.0,1,2050.0,Регионы,Ozon,Доставлен
511266,2024-11-12,1016.0,1,2390.0,Санкт-Петербург,Ozon,Доставлен
503630,2024-04-10,1002.0,1,3420.0,Москва,Ozon,Доставлен
503673,2024-04-11,1008.0,1,4840.0,Санкт-Петербург,Ozon,Доставлен
501413,2024-02-16,1006.0,1,4040.0,Москва,Ozon,Доставлен
511389,2024-11-14,1022.0,1,1400.0,Регионы,Ozon,Возврат
506382,2024-07-04,1018.0,1,810.0,Регионы,Wildberries,Доставлен
513210,2024-12-16,1026.0,1,2330.0,Москва,Ozon,Доставлен
507048,2024-07-25,1020.0,1,1590.0,Москва,Ozon,Возврат
506285,2024-07-01,1016.0,2,2210.0,Екатеринбург,Wildberries,Доставлен
501675,2024-02-24,1010.0,1,1100.0,Москва,Wildberries,Доставлен
512155,2024-11-29,1019.0,1,2350.0,Регионы,Ozon,Доставлен
505067,2024-05-23,1022.0,1,1730.0,Москва,Ozon,Возврат
511264,2024-11-12,1016.0,1,2310.0,Москва,Wildberries,Доставлен
505394,2024-06-03,1011.0,1,4010.0,Москва,Wildberries,Доставлен
509011,2024-09-14,1008.0,2,4480.0,Регионы,Wildberries,Возврат
503552,2024-04-07,1022.0,1,1590.0,Екатеринбург,Ozon,Отменён
507911,2024-08-17,1022.0,1,1600.0,Регионы,Wildberries,Доставлен
502212,2024-03-08,1003.0,1,3140.0,Санкт-Петербург,Ozon,Доставлен
502168,2024-03-07,1006.0,1,4380.0,Новосибирск,Wildberries,Доставлен
511183,2024-11-11,1001.0,1,1130.0,Санкт-Петербург,Wildberries,Доставлен
509535,2024-09-27,1012.0,1,3100.0,Санкт-Петербург,Wildberries,Доставлен
511144,2024-11-10,1010.0,1,1110.0,Регионы,Wildberries,Доставлен
510412,2024-10-23,1025.0,3,3030.0,Санкт-Петербург,Wildberries,Возврат
504321,2024-04-29,1009.0,1,1770.0,Регионы,Ozon,Доставлен
513730,2024-12-25,1018.0,1,780.0,Санкт-Петербург,Ozon,Доставлен
510019,2024-10-11,1019.0,1,2230.0,Москва,Wildberries,Доставлен
504866,2024-05-17,1003.0,1,3040.0,Новосибирск,Wildberries,Доставлен
501563,2024-02-21,1007.0,1,1090.0,Москва,Wildberries,Доставлен
505486,2024-06-06,1008.0,1,5000.0,Москва,Ozon,Доставлен
510906,2024-11-05,1001.0,1,1360.0,Регионы,Wildberries,Доставлен
510978,2024-11-06,1020.0,1,1590.0,Москва,Ozon,Отменён
503463,2024-04-04,1008.0,1,4750.0,Москва,Ozon,Доставлен
502498,2024-03-14,1006.0,1,4120.0,Регионы,Wildberries,Доставлен
507059,2024-07-26,1007.0,1,1040.0,Новосибирск,Wildberries,Доставлен
501559,2024-02-21,1006.0,1,4470.0,Регионы,Ozon,Доставлен
509942,2024-10-09,1008.0,1,4370.0,Новосибирск,Wildberries,Доставлен
508506,2024-09-01,1016.0,1,2670.0,Санкт-Петербург,Wildberries,Доставлен
511638,2024-11-19,1019.0,1,2210.0,Екатеринбург,Wildberries,Доставлен
506217,2024-06-29,1006.0,1,4290.0,Санкт-Петербург,Wildberries,Доставлен
510441,2024-10-24,1015.0,1,2520.0,Екатеринбург,Ozon,Доставлен
509856,2024-10-06,1017.0,1,1590.0,Москва,Ozon,Доставлен
509501,2024-09-26,1020.0,1,1310.0,Новосибирск,Wildberries,Доставлен
501227,2024-02-10,1026.0,1,2610.0,Регионы,Wildberries,Доставлен
511867,2024-11-23,1024.0,1,3170.0,Санкт-Петербург,Ozon,Доставлен
511641,2024-11-19,1021.0,1,1700.0,Москва,Ozon,Доставлен
502609,2024-03-16,1015.0,1,2510.0,Москва,Ozon,Отменён
511189,2024-11-11,1006.0,1,4230.0,Екатеринбург,Ozon,Доставлен
500127,2024-01-04,1025.0,1,3150.0,Санкт-Петербург,Wildberries,Доставлен
503520,2024-04-06,1021.0,1,1720.0,Москва,Wildberries,Доставлен
511902,2024-11-24,1011.0,1,3480.0,Санкт-Петербург,Ozon,Отменён
501960,2024-03-03,1004.0,1,2500.0,Москва,Ozon,Доставлен
510067,2024-10-13,1011.0,1,3260.0,Москва,Ozon,Доставлен
503021,2024-03-25,1017.0,1,1430.0,Екатеринбург,Wildberries,Доставлен
501710,2024-02-25,1017.0,2,1490.0,Регионы,Wildberries,Отменён
514031,2024-12-30,1012.0,1,3200.0,Екатеринбург,Ozon,Доставлен
502419,2024-03-12,1017.0,1,1450.0,Санкт-Петербург,Ozon,Доставлен
500286,2024-01-10,1013.0,2,2500.0,Санкт-Петербург,Wildberries,Доставлен
509547,2024-09-27,1025.0,1,3190.0,Москва,Ozon,Доставлен
501439,2024-02-17,1010.0,1,1190.0,Регионы,Ozon,Доставлен
507630,2024-08-10,1010.0,1,1210.0,Москва,Wildberries,Доставлен
505687,2024-06-12,1025.0,1,2710.0,Новосибирск,Ozon,Доставлен
513246,2024-12-17,1012.0,1,3250.0,Санкт-Петербург,Wildberries,Доставлен
511138,2024-11-10,1009.0,1,1970.0,Москва,Ozon,Доставлен
500172,2024-01-06,1004.0,1,2520.0,Санкт-Петербург,Wildberries,Доставлен
508740,2024-09-07,1005.0,1,2400.0,Санкт-Петербург,Ozon,Доставлен
506712,2024-07-14,1026.0,3,2180.0,Регионы,Ozon,Доставлен
504603,2024-05-07,1022.0,1,1480.0,Регионы,Wildberries,Доставлен
505605,2024-06-10,1016.0,1,2240.0,Регионы,Wildberries,Доставлен
513924,2024-12-28,1019.0,1,2210.0,Москва,Wildberries,Доставлен
512899,2024-12-11,1021.0,1,1620.0,Москва,Ozon,Доставлен
503515,2024-04-06,1020.0,2,1470.0,Регионы,Wildberries,Доставлен
510771,2024-11-02,1001.0,1,1390.0,Регионы,Wildberries,Отменён
506600,2024-07-11,1012.0,1,2660.0,Новосибирск,Ozon,Доставлен
500251,2024-01-09,1003.0,1,3210.0,Регионы,Wildberries,Доставлен
509012,2024-09-14,1008.0,1,4290.0,Регионы,Wildberries,Доставлен
507171,2024-07-29,1010.0,1,1160.0,Санкт-Петербург,Ozon,Доставлен
502090,2024-03-05,1023.0,1,1050.0,Екатеринбург,Ozon,Доставлен
504145,2024-04-24,1006.0,2,4130.0,Москва,Ozon,Доставлен
503971,2024-04-19,1013.0,1,2520.0,Санкт-Петербург,Wildberries,Доставлен
510476,2024-10-25,1023.0,1,1030.0,Москва,Ozon,Отменён
513017,2024-12-13,1018.0,2,860.0,Регионы,Wildberries,Доставлен
506185,2024-06-28,1006.0,1,3640.0,Москва,Wildberries,Возврат
505732,2024-06-14,1013.0,1,2370.0,Екатеринбург,Wildberries,Доставлен
508805,2024-09-08,1018.0,1,740.0,Санкт-Петербург,Ozon,Доставлен
508236,2024-08-25,1021.0,1,1700.0,Регионы,Wildberries,Доставлен
502115,2024-03-06,1009.0,1,1680.0,Регионы,Wildberries,Доставлен
502201,2024-03-07,1025.0,2,2730.0,Москва,Wildberries,Доставлен
502158,2024-03-07,1001.0,1,1390.0,Москва,Wildberries,Доставлен
504769,2024-05-13,1001.0,1,1380.0,Регионы,Wildberries,Доставлен
500882,2024-02-01,1001.0,1,1280.0,Москва,Wildberries,Доставлен
511234,2024-11-12,1005.0,1,2520.0,Москва,Ozon,Доставлен
507696,2024-08-12,1006.0,1,4000.0,Москва,Wildberries,Доставлен
510819,2024-11-02,1025.0,1,3070.0,Москва,Ozon,Доставлен
511482,2024-11-16,1019.0,1,2030.0,Новосибирск,Ozon,Доставлен
506181,2024-06-28,1002.0,1,4150.0,Новосибирск,Ozon,Отменён
510761,2024-11-01,1019.0,1,2170.0,Москва,Ozon,Доставлен
507183,2024-07-29,1019.0,1,2000.0,Регионы,Wildberries,Доставлен
511500,2024-11-17,1005.0,1,2580.0,Санкт-Петербург,Ozon,Отменён
511304,2024-11-13,1010.0,2,1220.0,Москва,Ozon,Доставлен
513127,2024-12-15,1012.0,1,2840.0,Регионы,Wildberries,Доставлен
501338,2024-02-14,1002.0,3,4010.0,Регионы,Ozon,Доставлен
503772,2024-04-14,1003.0,2,3330.0,Регионы,Wildberries,Доставлен
513100,2024-12-15,1002.0,1,3950.0,Регионы,Wildberries,Доставлен
500960,2024-02-03,1013.0,1,2090.0,Регионы,Wildberries,Доставлен
500201,2024-01-07,1003.0,2,3000.0,Новосибирск,Ozon,Доставлен
505342,2024-06-01,1019.0,1,2000.0,Регионы,Wildberries,Доставлен
509461,2024-09-25,1019.0,1,2260.0,Москва,Wildberries,Доставлен
501808,2024-02-28,1021.0,1,1420.0,Екатеринбург,Ozon,Доставлен
500568,2024-01-20,1017.0,1,1430.0,Регионы,Wildberries,Доставлен
513156,2024-12-15,1025.0,1,2960.0,Москва,Ozon,Доставлен
509863,2024-10-06,1024.0,1,3500.0,Москва,Wildberries,Доставлен
502711,2024-03-18,1026.0,1,2440.0,Регионы,Ozon,Доставлен
505559,2024-06-08,1026.0,1,2610.0,Санкт-Петербург,Wildberries,Доставлен
508537,2024-09-02,1014.0,1,2710.0,Москва,Wildberries,Отменён
509319,2024-09-22,1008.0,1,4620.0,Регионы,Wildberries,Доставлен
508765,2024-09-07,1020.0,1,1540.0,Новосибирск,Wildberries,Доставлен
510010,2024-10-11,1012.0,1,3170.0,Москва,Wildberries,Доставлен
510838,2024-11-03,1008.0,1,4080.0,Санкт-Петербург,Ozon,Доставлен
510013,2024-10-11,1015.0,1,2430.0,Новосибирск,Wildberries,Доставлен
512685,2024-12-08,1016.0,1,2480.0,Регионы,Ozon,Доставлен
506563,2024-07-10,1007.0,1,1220.0,Регионы,Wildberries,Доставлен
506084,2024-06-24,1019.0,2,1960.0,Москва,Ozon,Доставлен
513039,2024-12-14,1005.0,1,2710.0,,Wildberries,Доставлен
510599,2024-10-28,1015.0,1,2230.0,Москва,Ozon,Доставлен
507219,2024-07-30,1021.0,2,1710.0,Екатеринбург,Ozon,Доставлен
507286,2024-08-01,1020.0,1,1370.0,Регионы,Ozon,Доставлен
500374,2024-01-13,1022.0,1,1430.0,Санкт-Петербург,Wildberries,Доставлен
508621,2024-09-04,1017.0,1,1510.0,Москва,Wildberries,Отменён
507198,2024-07-29,1026.0,1,2430.0,Санкт-Петербург,Ozon,Доставлен
506330,2024-07-02,1021.0,1,1450.0,Регионы,Wildberries,Доставлен
507162,2024-07-29,1003.0,1,3490.0,Москва,Ozon,Доставлен
509122,2024-09-17,1004.0,1,2320.0,Регионы,Ozon,Доставлен
514062,2024-12-30,1023.0,1,840.0,Москва,Ozon,Доставлен
507676,2024-08-11,1021.0,2,1350.0,Москва,Wildberries,Доставлен
509396,2024-09-24,1001.0,1,1380.0,Санкт-Петербург,Wildberries,Доставлен
501789,2024-02-27,1024.0,1,3280.0,Москва,Wildberries,Доставлен
510676,2024-10-30,1025.0,1,2920.0,Регионы,Wildberries,Доставлен
500967,2024-02-03,1019.0,1,2220.0,Санкт-Петербург,Wildberries,Возврат
501446,2024-02-17,1015.0,1,2380.0,Москва,Wildberries,Отменён
509702,2024-10-01,1021.0,1,1370.0,Москва,Ozon,Отменён
508054,2024-08-21,1012.0,1,3060.0,Москва,Ozon,Доставлен
507883,2024-08-16,1020.0,1,1430.0,Москва,Wildberries,Отменён
501382,2024-02-15,1012.0,3,3110.0,Регионы,Wildberries,Доставлен
503233,2024-03-29,1020.0,1,1430.0,Москва,Wildberries,Доставлен
512665,2024-12-08,1009.0,1,1910.0,Москва,Wildberries,Доставлен
513563,2024-12-22,1023.0,1,890.0,Санкт-Петербург,Wildberries,Доставлен
508710,2024-09-06,1015.0,1,2240.0,Регионы,Ozon,Возврат
509907,2024-10-08,1010.0,1,1290.0,Москва,Ozon,Доставлен
513341,2024-12-18,1025.0,1,2980.0,Регионы,Ozon,Доставлен
508422,2024-08-30,1012.0,1,2920.0,Москва,Wildberries,Доставлен
508727,2024-09-06,1025.0,1,2760.0,Москва,Wildberries,Доставлен
508553,2024-09-03,1001.0,1,1120.0,Регионы,Wildberries,Доставлен
513722,2024-12-25,1014.0,1,2370.0,Новосибирск,Ozon,Доставлен
508994,2024-09-13,1023.0,1,980.0,Санкт-Петербург,Ozon,Доставлен
507699,2024-08-12,1007.0,1,1290.0,Регионы,Wildberries,Доставлен
502078,2024-03-05,1016.0,2,2650.0,Регионы,Wildberries,Доставлен
507374,2024-08-03,1020.0,1,1450.0,Москва,Wildberries,Отменён
504640,2024-05-08,1019.0,1,2200.0,Санкт-Петербург,Wildberries,Доставлен
513181,2024-12-16,1010.0,1,1300.0,Регионы,Wildberries,Доставлен
502643,2024-03-17,1014.0,1,2520.0,Москва,Ozon,Возврат
509946,2024-10-09,1012.0,2,2910.0,Москва,Ozon,Доставлен
505146,2024-05-26,1013.0,1,2340.0,Екатеринбург,Ozon,Доставлен
501255,2024-02-11,1017.0,1,1500.0,Москва,Wildberries,Возврат
504357,2024-04-30,1013.0,1,2420.0,Регионы,Ozon,Доставлен
500007,2024-01-01,1005.0,1,2300.0,Москва,Ozon,Доставлен
506537,2024-07-09,1009.0,1,1630.0,Москва,Wildberries,Доставлен
501851,2024-03-01,1003.0,1,3120.0,Екатеринбург,Ozon,Доставлен
502858,2024-03-22,1012.0,1,2650.0,Москва,Wildberries,Доставлен
509987,2024-10-11,1001.0,2,1210.0,Москва,Ozon,Доставлен
512380,2024-12-03,1020.0,1,1610.0,Москва,Ozon,Возврат
512622,2024-12-07,1022.0,2,1420.0,Регионы,Wildberries,Доставлен
512449,2024-12-04,1024.0,1,3200.0,Регионы,Wildberries,Доставлен
506944,2024-07-22,1005.0,1,2440.0,Москва,Wildberries,Возврат
500281,2024-01-10,1008.0,1,4620.0,Москва,Wildberries,Доставлен
510331,2024-10-20,1025.0,1,2870.0,Санкт-Петербург,Wildberries,Доставлен
501130,2024-02-08,1005.0,1,2350.0,Санкт-Петербург,Ozon,Доставлен
509882,2024-10-07,1010.0,1,1240.0,Санкт-Петербург,Wildberries,Доставлен
502824,2024-03-21,1022.0,1,1590.0,Санкт-Петербург,Wildberries,Доставлен
510234,2024-10-18,1010.0,1,1240.0,Санкт-Петербург,Ozon,Доставлен
511066,2024-11-08,1019.0,1,2340.0,Регионы,Wildberries,Доставлен
501703,2024-02-25,1009.0,1,1900.0,Регионы,Wildberries,Доставлен
501775,2024-02-27,1018.0,3,680.0,Новосибирск,Wildberries,Доставлен
508679,2024-09-05,1019.0,1,2240.0,Регионы,Wildberries,Доставлен
509552,2024-09-28,1003.0,1,3680.0,Регионы,Wildberries,Доставлен
503744,2024-04-13,1013.0,2,2350.0,Регионы,Wildberries,Доставлен
503376,2024-04-01,1017.0,1,1460.0,Москва,Ozon,Доставлен
507813,2024-08-15,1005.0,1,2310.0,Регионы,Ozon,Возврат
500570,2024-01-20,1023.0,2,880.0,Москва,Ozon,Доставлен
500088,2024-01-03,1023.0,1,1060.0,Регионы,Wildberries,Доставлен
511056,2024-11-08,1012.0,1,3170.0,Москва,Ozon,Доставлен
506959,2024-07-22,1015.0,1,2450.0,Москва,Wildberries,Возврат
506667,2024-07-13,1010.0,1,1370.0,Москва,Wildberries,Доставлен
504451,2024-05-03,1004.0,1,2370.0,Екатеринбург,Wildberries,Доставлен
501826,2024-02-29,1011.0,1,3320.0,Москва,Ozon,Доставлен
504139,2024-04-24,1004.0,1,2570.0,Санкт-Петербург,Wildberries,Доставлен
511087,2024-11-09,1007.0,1,1280.0,Новосибирск,Wildberries,Возврат
506036,2024-06-23,1006.0,1,3710.0,Новосибирск,Wildberries,Доставлен
510316,2024-10-20,1012.0,1,3060.0,Москва,Ozon,Доставлен
505796,2024-06-16,1014.0,1,2720.0,Санкт-Петербург,Wildberries,Доставлен
508090,2024-08-22,1006.0,1,4280.0,Регионы,Wildberries,Доставлен
513078,2024-12-14,1021.0,1,1360.0,Москва,Wildberries,Доставлен
501017,2024-02-04,1017.0,2,1380.0,Регионы,Wildberries,Отменён
513235,2024-12-17,1008.0,1,4300.0,Новосибирск,Wildberries,Доставлен
507540,2024-08-08,1009.0,1,1640.0,Екатеринбург,Ozon,Доставлен
509498,2024-09-26,1018.0,1,830.0,Санкт-Петербург,Ozon,Возврат
509207,2024-09-19,1019.0,1,2430.0,Регионы,Ozon,Возврат
514056,2024-12-30,1021.0,1,1540.0,Регионы,Wildberries,Доставлен
500265,2024-01-09,1016.0,1,2650.0,Москва,Wildberries,Доставлен
514079,2024-12-31,1004.0,2,2710.0,Регионы,Ozon,Доставлен
505958,2024-06-20,1018.0,1,690.0,Регионы,Wildberries,Доставлен
512679,2024-12-08,1014.0,1,2550.0,Москва,Ozon,Доставлен
504360,2024-04-30,1019.0,1,2050.0,Регионы,Wildberries,Доставлен
501106,2024-02-07,1014.0,1,2200.0,Москва,Wildberries,Доставлен
510636,2024-10-29,1023.0,1,840.0,Екатеринбург,Wildberries,Доставлен
505040,2024-05-22,1017.0,2,1590.0,Екатеринбург,Wildberries,Доставлен
503238,2024-03-29,1022.0,1,1670.0,Новосибирск,Wildberries,Отменён
510512,2024-10-26,1016.0,1,2560.0,Санкт-Петербург,Ozon,Доставлен
507604,2024-08-09,1020.0,1,1360.0,Регионы,Wildberries,Доставлен
503574,2024-04-08,1009.0,1,2020.0,Санкт-Петербург,Ozon,Доставлен
508830,2024-09-09,1009.0,1,1640.0,Москва,Ozon,Доставлен
511589,2024-11-18,1023.0,2,920.0,Новосибирск,Wildberries,Доставлен
507542,2024-08-08,1009.0,1,1680.0,Москва,Ozon,Доставлен
504985,2024-05-20,1021.0,1,1450.0,Санкт-Петербург,Wildberries,Доставлен
503665,2024-04-11,1004.0,1,2250.0,Регионы,Ozon,Доставлен
512513,2024-12-05,1024.0,1,3280.0,Екатеринбург,Ozon,Доставлен
509034,2024-09-14,1025.0,1,2630.0,Санкт-Петербург,Wildberries,Доставлен
506740,2024-07-15,1023.0,1,1000.0,Санкт-Петербург,Wildberries,Доставлен
506937,2024-07-21,1023.0,1,1000.0,Регионы,Ozon,Доставлен
502180,2024-03-07,1013.0,1,2110.0,Екатеринбург,Wildberries,Возврат
513309,2024-12-18,1009.0,1,1810.0,Екатеринбург,Ozon,Доставлен
501909,2024-03-02,1005.0,1,2390.0,Москва,Wildberries,Доставлен
503619,2024-04-09,1020.0,1,1350.0,Москва,Wildberries,Доставлен
511306,2024-11-13,1010.0,1,1160.0,Екатеринбург,Wildberries,Доставлен
511645,2024-11-19,1024.0,1,3640.0,Регионы,Wildberries,Доставлен
511991,2024-11-26,1018.0,1,750.0,Москва,Wildberries,Доставлен
501470,2024-02-18,1005.0,1,2800.0,Новосибирск,Ozon,Доставлен
501768,2024-02-27,1013.0,1,2510.0,Москва,Ozon,Доставлен
505388,2024-06-03,1006.0,1,4390.0,Регионы,Ozon,Доставлен
508118,2024-08-22,1026.0,1,2490.0,Санкт-Петербург,Wildberries,Доставлен
512028,2024-11-27,1010.0,1,1180.0,Екатеринбург,Wildberries,Доставлен
500566,2024-01-20,1015.0,1,2210.0,Екатеринбург,Wildberries,Доставлен
507312,2024-08-02,1014.0,2,2680.0,Москва,Ozon,Возврат
507251,2024-07-31,1020.0,1,1360.0,Москва,Ozon,Доставлен
507232,2024-07-31,1009.0,1,1880.0,Регионы,Ozon,Доставлен
505766,2024-06-15,1014.0,1,2730.0,Екатеринбург,Wildberries,Доставлен
505774,2024-06-15,1019.0,2,2150.0,Москва,Wildberries,Доставлен
507290,2024-08-01,1021.0,1,1430.0,Москва,Wildberries,Доставлен
510110,2024-10-14,1021.0,1,1490.0,Санкт-Петербург,Wildberries,Доставлен
508311,2024-08-27,1014.0,1,2410.0,Регионы,Wildberries,Доставлен
501063,2024-02-06,1008.0,1,4930.0,Санкт-Петербург,Ozon,Доставлен
501051,2024-02-05,1026.0,1,2650.0,Новосибирск,Wildberries,Доставлен
511957,2024-11-25,1020.0,1,1550.0,Новосибирск,Ozon,Доставлен
508107,2024-08-22,1019.0,3,2080.0,Москва,Ozon,Доставлен
500255,2024-01-09,1008.0,1,4110.0,Регионы,Ozon,Возврат
509965,2024-10-10,1007.0,2,1240.0,Санкт-Петербург,Wildberries,Доставлен
513805,2024-12-26,1025.0,1,2680.0,Новосибирск,Ozon,Доставлен
501852,2024-03-01,1005.0,1,2670.0,Москва,Wildberries,Доставлен
502932,2024-03-23,1022.0,1,1460.0,Регионы,Wildberries,Доставлен
504263,2024-04-27,1021.0,1,1680.0,Новосибирск,Wildberries,Доставлен
502531,2024-03-14,1025.0,1,2720.0,Екатеринбург,Ozon,Доставлен
501630,2024-02-22,1026.0,2,2570.0,Регионы,Wildberries,Доставлен
503155,2024-03-28,1002.0,1,4180.0,Екатеринбург,Wildberries,Доставлен
511862,2024-11-23,1022.0,1,1530.0,Москва,Wildberries,Доставлен
508874,2024-09-10,1019.0,2,2250.0,Москва,Ozon,Доставлен
500709,2024-01-25,1025.0,1,2800.0,Регионы,Wildberries,Доставлен
505166,2024-05-26,1024.0,1,3530.0,Санкт-Петербург,Wildberries,Доставлен
510815,2024-11-02,1022.0,1,1380.0,Санкт-Петербург,Wildberries,Доставлен
502503,2024-03-14,1011.0,2,3210.0,Регионы,Wildberries,Доставлен
510171,2024-10-16,1012.0,1,3260.0,Санкт-Петербург,Wildberries,Доставлен
501400,2024-02-15,1024.0,1,3260.0,Москва,Ozon,Доставлен
512680,2024-12-08,1014.0,2,2250.0,Санкт-Петербург,Wildberries,Доставлен
505074,2024-05-23,1026.0,1,2240.0,Новосибирск,Wildberries,Доставлен
500481,2024-01-18,1003.0,1,3210.0,Регионы,Wildberries,Доставлен
514082,2024-12-31,1005.0,1,2310.0,Москва,Wildberries,Доставлен
501482,2024-02-18,1015.0,1,2100.0,Регионы,Ozon,Возврат
508957,2024-09-12,1021.0,1,1430.0,Регионы,Ozon,Доставлен
503932,2024-04-18,1019.0,1,2260.0,Новосибирск,Ozon,Доставлен
510696,2024-10-31,1016.0,1,2440.0,Санкт-Петербург,Wildberries,Доставлен
508110,2024-08-22,1020.0,2,1290.0,Регионы,Ozon,Доставлен
501503,2024-02-19,1012.0,1,3380.0,Регионы,Ozon,Доставлен
510984,2024-11-06,1025.0,1,2880.0,Санкт-Петербург,Wildberries,Доставлен
510954,2024-11-06,1005.0,1,2330.0,Санкт-Петербург,Ozon,Доставлен
505240,2024-05-29,1011.0,3,3610.0,Регионы,Ozon,Доставлен
507738,2024-08-13,1001.0,1,1270.0,Екатеринбург,Wildberries,Доставлен
507562,2024-08-08,1021.0,1,1710.0,Регионы,Wildberries,Доставлен
502470,2024-03-13,1019.0,1,2080.0,Новосибирск,Wildberries,Доставлен
502666,2024-03-17,1025.0,2,2830.0,Москва,Wildberries,Доставлен
509066,2024-09-15,1020.0,1,1580.0,Москва,Wildberries,Доставлен
500357,2024-01-13,1001.0,1,1170.0,Регионы,Ozon,Доставлен
500302,2024-01-10,1025.0,1,2810.0,Москва,Ozon,Доставлен
502206,2024-03-07,1026.0,2,2340.0,Санкт-Петербург,Ozon,Возврат
504462,2024-05-03,1015.0,2,2460.0,Екатеринбург,Wildberries,Отменён
505556,2024-06-08,1022.0,1,1500.0,Новосибирск,Wildberries,Отменён
513910,2024-12-28,1016.0,1,2280.0,Москва,Wildberries,Доставлен
501816,2024-02-29,1002.0,1,3910.0,Санкт-Петербург,Wildberries,Доставлен
513624,2024-12-23,1022.0,1,1630.0,Екатеринбург,Wildberries,Доставлен
506241,2024-06-29,1026.0,1,2680.0,Москва,Wildberries,Доставлен
500590,2024-01-21,1013.0,1,2500.0,Санкт-Петербург,Wildberries,Возврат
510950,2024-11-06,1003.0,2,3240.0,Москва,Ozon,Доставлен
508611,2024-09-04,1008.0,1,4910.0,Новосибирск,Wildberries,Доставлен
513195,2024-12-16,1016.0,1,2400.0,Екатеринбург,Wildberries,Доставлен
510267,2024-10-19,1004.0,1,2770.0,Екатеринбург,Wildberries,Отменён
508592,2024-09-03,1024.0,1,3530.0,Москва,Wildberries,Доставлен
500639,2024-01-23,1003.0,1,3350.0,Санкт-Петербург,Wildberries,Доставлен
512990,2024-12-13,1008.0,1,4650.0,Новосибирск,Ozon,Доставлен
507970,2024-08-19,1011.0,2,3910.0,Екатеринбург,Ozon,Доставлен
501262,2024-02-11,1022.0,2,1390.0,Санкт-Петербург,Ozon,Доставлен
513517,2024-12-22,1003.0,1,3300.0,Новосибирск,Ozon,Доставлен
504677,2024-05-10,1010.0,1,1320.0,Санкт-Петербург,Ozon,Доставлен
502633,2024-03-17,1004.0,1,2340.0,Регионы,Wildberries,Возврат
513571,2024-12-23,1001.0,1,1200.0,Москва,Ozon,Доставлен
505510,2024-06-07,1001.0,1,1160.0,Москва,Wildberries,Доставлен
502945,2024-03-24,1001.0,1,1180.0,Регионы,Ozon,Доставлен
500888,2024-02-01,1006.0,2,4320.0,Регионы,Ozon,Доставлен
510054,2024-10-12,1026.0,1,2250.0,Регионы,Ozon,Доставлен
500114,2024-01-04,1015.0,1,2220.0,Регионы,Wildberries,Доставлен
504358,2024-04-30,1015.0,1,2550.0,Москва,Ozon,Доставлен
500268,2024-01-09,1023.0,1,930.0,Регионы,Wildberries,Возврат
501500,2024-02-19,1011.0,1,3720.0,Регионы,Wildberries,Доставлен
501314,2024-02-13,1005.0,1,2610.0,Санкт-Петербург,Ozon,Доставлен
503424,2024-04-03,1003.0,2,3440.0,Москва,Wildberries,Доставлен
510527,2024-10-26,1025.0,2,3170.0,Регионы,Wildberries,Доставлен
513316,2024-12-18,1011.0,1,3470.0,Новосибирск,Ozon,Доставлен
509867,2024-10-06,1025.0,1,2750.0,Санкт-Петербург,Ozon,Доставлен
505844,2024-06-17,1016.0,1,2240.0,Москва,Wildberries,Доставлен
506797,2024-07-17,1011.0,1,3360.0,Москва,Wildberries,Доставлен
509846,2024-10-06,1006.0,1,4490.0,Москва,Wildberries,Возврат
513084,2024-12-14,1024.0,2,3320.0,Регионы,Wildberries,Доставлен
502567,2024-03-15,1015.0,1,2350.0,Екатеринбург,Wildberries,Доставлен
513426,2024-12-20,1014.0,1,2510.0,Москва,Wildberries,Доставлен
503446,2024-04-03,1020.0,1,1510.0,Москва,Wildberries,Доставлен
500793,2024-01-28,1018.0,1,820.0,Санкт-Петербург,Ozon,Доставлен
503236,2024-03-29,1022.0,1,1410.0,Москва,Ozon,Доставлен
502566,2024-03-15,1015.0,1,2410.0,Санкт-Петербург,Wildberries,Доставлен
500618,2024-01-22,1012.0,1,2940.0,Регионы,Wildberries,Доставлен
514073,2024-12-31,1001.0,1,1130.0,Санкт-Петербург,Wildberries,Доставлен
506099,2024-06-25,1006.0,1,3920.0,Регионы,Ozon,Доставлен
510261,2024-10-18,1024.0,2,3380.0,Регионы,Wildberries,Доставлен
503807,2024-04-15,1005.0,2,2540.0,Москва,Ozon,Доставлен
501696,2024-02-24,1025.0,1,3130.0,Москва,Wildberries,Доставлен
506507,2024-07-08,1008.0,1,4170.0,Екатеринбург,Ozon,Доставлен
506401,2024-07-05,1004.0,1,0.0,Москва,Wildberries,Возврат
510925,2024-11-05,1012.0,2,3030.0,Новосибирск,Ozon,Доставлен
508079,2024-08-21,1025.0,2,2700.0,Москва,Ozon,Отменён
502056,2024-03-05,1006.0,1,3960.0,Регионы,Ozon,Доставлен
504771,2024-05-13,1002.0,1,3540.0,Москва,Wildberries,Доставлен
511776,2024-11-22,1008.0,1,4220.0,Москва,Ozon,Доставлен
512352,2024-12-03,1004.0,1,2710.0,Санкт-Петербург,Wildberries,Доставлен
503188,2024-03-28,1023.0,1,970.0,Москва,Ozon,Отменён
501628,2024-02-22,1025.0,1,2550.0,Регионы,Ozon,Доставлен
501332,2024-02-13,1020.0,1,1310.0,Санкт-Петербург,Ozon,Доставлен
506205,2024-06-28,1022.0,1,1470.0,Екатеринбург,Ozon,Доставлен
511193,2024-11-11,1008.0,2,4660.0,Москва,Wildberries,Отменён
504493,2024-05-04,1012.0,2,2750.0,Санкт-Петербург,Ozon,Доставлен
507546,2024-08-08,1010.0,1,1180.0,Москва,Ozon,Доставлен
500279,2024-01-10,1004.0,1,2420.0,Санкт-Петербург,Wildberries,Доставлен
501256,2024-02-11,1017.0,1,1700.0,Екатеринбург,Wildberries,Доставлен
511464,2024-11-16,1010.0,2,1140.0,Москва,Wildberries,Доставлен
512365,2024-12-03,1013.0,1,2110.0,Санкт-Петербург,Wildberries,Доставлен
509972,2024-10-10,1011.0,1,3470.0,Санкт-Петербург,Ozon,Возврат
503556,2024-04-07,1022.0,1,1420.0,Екатеринбург,Wildberries,Доставлен
512998,2024-12-13,1010.0,1,1140.0,Санкт-Петербург,Wildberries,Возврат
508854,2024-09-10,1006.0,1,4150.0,Новосибирск,Wildberries,Доставлен
513524,2024-12-22,1006.0,1,4360.0,Москва,Ozon,Доставлен
502399,2024-03-12,1005.0,1,2300.0,Новосибирск,Wildberries,Возврат
513737,2024-12-25,1020.0,2,1460.0,Санкт-Петербург,Wildberries,Доставлен
506754,2024-07-16,1009.0,1,1830.0,Регионы,Ozon,Доставлен
501272,2024-02-12,1007.0,1,1040.0,Новосибирск,Wildberries,Доставлен
505808,2024-06-16,1020.0,1,1590.0,Регионы,Wildberries,Доставлен
508270,2024-08-26,1015.0,1,2060.0,Санкт-Петербург,Wildberries,Доставлен
510191,2024-10-17,1009.0,1,1720.0,Новосибирск,Ozon,Доставлен
501257,2024-02-11,1017.0,1,1410.0,Санкт-Петербург,Wildberries,Доставлен
501047,2024-02-05,1021.0,1,1550.0,Москва,Ozon,Доставлен
504920,2024-05-18,1017.0,2,1630.0,Москва,Wildberries,Доставлен
503320,2024-03-31,1010.0,3,1310.0,Регионы,Wildberries,Доставлен
503785,2024-04-14,1009.0,1,1900.0,Регионы,Ozon,Доставлен
509615,2024-09-29,1018.0,2,680.0,Москва,Ozon,Доставлен
504782,2024-05-13,1011.0,1,3470.0,Санкт-Петербург,Wildberries,Доставлен
506331,2024-07-02,1021.0,1,1380.0,Екатеринбург,Wildberries,Возврат
509824,2024-10-05,1022.0,1,1520.0,Регионы,Ozon,Доставлен
508739,2024-09-07,1004.0,1,2820.0,Санкт-Петербург,Wildberries,Доставлен
506780,2024-07-17,1001.0,1,1360.0,Регионы,Ozon,Доставлен
503559,2024-04-07,1024.0,3,3730.0,Регионы,Wildberries,Доставлен
506737,2024-07-15,1020.0,1,1600.0,Новосибирск,Wildberries,Доставлен
506111,2024-06-25,1020.0,1,1470.0,Москва,Ozon,Доставлен
506832,2024-07-18,1013.0,1,2240.0,Москва,Ozon,Доставлен
507515,2024-08-07,1022.0,1,1600.0,Москва,Wildberries,Доставлен
509317,2024-09-22,1006.0,2,4450.0,Санкт-Петербург,Wildberries,Возврат
508432,2024-08-30,1017.0,1,1470.0,Регионы,Ozon,Доставлен
500768,2024-01-27,1021.0,1,1480.0,Санкт-Петербург,Wildberries,Возврат
501175,2024-02-09,1010.0,1,1250.0,Москва,Ozon,Возврат
512526,2024-12-06,1004.0,1,2380.0,Регионы,Wildberries,Доставлен
511048,2024-11-08,1010.0,1,1200.0,Москва,Wildberries,Доставлен
511671,2024-11-20,1006.0,1,4200.0,Регионы,Wildberries,Доставлен
509605,2024-09-29,1009.0,1,1670.0,Санкт-Петербург,Wildberries,Доставлен
500263,2024-01-09,1015.0,1,2160.0,Санкт-Петербург,Ozon,Доставлен
501020,2024-02-04,1025.0,1,3150.0,Регионы,Ozon,Доставлен
505048,2024-05-22,1022.0,1,1530.0,Екатеринбург,Wildberries,Доставлен
507638,2024-08-10,1018.0,1,820.0,Екатеринбург,Wildberries,Доставлен
503875,2024-04-16,1024.0,1,3720.0,Москва,Wildberries,Возврат
509205,2024-09-19,1014.0,1,2290.0,Регионы,Ozon,Возврат
507285,2024-08-01,1019.0,1,2150.0,Регионы,Wildberries,Доставлен
500737,2024-01-26,1026.0,1,2440.0,Регионы,Wildberries,Доставлен
511448,2024-11-16,1003.0,1,3610.0,Санкт-Петербург,Ozon,Доставлен
504083,2024-04-22,1016.0,1,2330.0,Санкт-Петербург,Wildberries,Доставлен
509757,2024-10-03,1010.0,2,1270.0,Екатеринбург,Wildberries,Отменён
507557,2024-08-08,1019.0,1,2470.0,Регионы,Wildberries,Доставлен
503869,2024-04-16,1018.0,1,770.0,Москва,Wildberries,Отменён
503007,2024-03-25,1009.0,1,1610.0,Москва,Wildberries,Доставлен
504681,2024-05-10,1010.0,2,1310.0,Санкт-Петербург,Wildberries,Доставлен
510445,2024-10-24,1021.0,1,1550.0,Москва,Ozon,Доставлен
504558,2024-05-06,1013.0,2,2640.0,Новосибирск,Ozon,Доставлен
505300,2024-05-31,1011.0,1,3600.0,Регионы,Ozon,Доставлен
504764,2024-05-12,1025.0,1,3230.0,Москва,Wildberries,Доставлен
513706,2024-12-25,1007.0,1,1080.0,Регионы,Wildberries,Доставлен
504717,2024-05-11,1016.0,1,2200.0,Новосибирск,Wildberries,Доставлен
510503,2024-10-26,1013.0,1,2190.0,Новосибирск,Ozon,Доставлен
501506,2024-02-19,1014.0,1,2250.0,Регионы,Wildberries,Возврат
507816,2024-08-15,1008.0,1,4960.0,Регионы,Ozon,Доставлен
507297,2024-08-02,1001.0,1,1180.0,Москва,Wildberries,Доставлен
511171,2024-11-10,1023.0,2,1030.0,Регионы,Wildberries,Доставлен
511263,2024-11-12,1016.0,1,2290.0,Москва,Ozon,Доставлен
503241,2024-03-29,1024.0,3,3410.0,Регионы,Wildberries,Доставлен
511557,2024-11-18,1007.0,1,1230.0,Екатеринбург,Ozon,Отменён
514087,2024-12-31,1007.0,1,1250.0,Санкт-Петербург,Ozon,Отменён
504236,2024-04-26,1025.0,1,2820.0,Регионы,Wildberries,Доставлен
506630,2024-07-12,1005.0,1,2660.0,Москва,Wildberries,Возврат
500415,2024-01-15,1016.0,1,2200.0,Москва,Wildberries,Доставлен
500488,2024-01-18,1011.0,1,3750.0,Регионы,Wildberries,Доставлен
505631,2024-06-11,1008.0,1,4970.0,Москва,Ozon,Доставлен
507767,2024-08-13,1018.0,1,750.0,Регионы,Ozon,Доставлен
509990,2024-10-11,1003.0,1,3090.0,Екатеринбург,Wildberries,Доставлен
507625,2024-08-10,1007.0,1,1040.0,Регионы,Wildberries,Доставлен
502300,2024-03-10,1004.0,1,2550.0,Москва,Wildberries,Доставлен
510581,2024-10-28,1005.0,2,2260.0,Регионы,Ozon,Доставлен
507769,2024-08-13,1020.0,1,1590.0,Санкт-Петербург,Ozon,Доставлен
509676,2024-10-01,1002.0,2,3420.0,Москва,Wildberries,Доставлен
502509,2024-03-14,1013.0,1,2650.0,Москва,Wildberries,Доставлен
500157,2024-01-05,1023.0,1,980.0,Санкт-Петербург,Wildberries,Возврат
514051,2024-12-30,1019.0,2,2010.0,Санкт-Петербург,Wildberries,Доставлен
512335,2024-12-02,1024.0,1,3340.0,Санкт-Петербург,Ozon,Доставлен
507863,2024-08-16,1013.0,1,2390.0,Регионы,Ozon,Доставлен
502578,2024-03-15,1021.0,1,1360.0,Регионы,Ozon,Доставлен
500670,2024-01-24,1009.0,1,1740.0,Новосибирск,Wildberries,Доставлен
501023,2024-02-05,1002.0,1,3690.0,Москва,Wildberries,Доставлен
504646,2024-05-08,1025.0,1,2960.0,Санкт-Петербург,Ozon,Доставлен
509748,2024-10-03,1003.0,1,3660.0,Москва,Wildberries,Доставлен
502321,2024-03-10,1020.0,1,1280.0,Регионы,Wildberries,Доставлен
501653,2024-02-23,1021.0,1,1610.0,Москва,Ozon,Отменён
500884,2024-02-01,1002.0,1,3650.0,Новосибирск,Wildberries,Доставлен
500034,2024-01-02,1004.0,1,2560.0,Новосибирск,Ozon,Доставлен
507788,2024-08-14,1010.0,1,1300.0,Регионы,Wildberries,Доставлен
504104,2024-04-23,1007.0,1,1250.0,Регионы,Wildberries,Доставлен
509777,2024-10-03,1026.0,1,2700.0,Регионы,Wildberries,Доставлен
500669,2024-01-24,1009.0,1,1790.0,Санкт-Петербург,Wildberries,Доставлен
512791,2024-12-10,1008.0,1,4010.0,Екатеринбург,Ozon,Возврат
510526,2024-10-26,1024.0,1,3080.0,Екатеринбург,Wildberries,Доставлен
505973,2024-06-21,1004.0,1,2450.0,Регионы,Wildberries,Доставлен
507704,2024-08-12,1011.0,2,3360.0,Регионы,Wildberries,Доставлен
500220,2024-01-07,1024.0,1,3550.0,Москва,Wildberries,Доставлен
506548,2024-07-09,1020.0,2,1290.0,Екатеринбург,Wildberries,Доставлен
506491,2024-07-07,1021.0,1,1440.0,Регионы,Wildberries,Возврат
511841,2024-11-23,1012.0,1,3210.0,Санкт-Петербург,Ozon,Доставлен
510468,2024-10-25,1010.0,1,1310.0,Регионы,Wildberries,Доставлен
503055,2024-03-26,1005.0,1,2600.0,Москва,Ozon,Доставлен
512532,2024-12-06,1007.0,2,1200.0,Регионы,Wildberries,Доставлен
510175,2024-10-16,1016.0,1,2480.0,Екатеринбург,Ozon,Возврат
501494,2024-02-19,1003.0,2,3570.0,Регионы,Ozon,Доставлен
505568,2024-06-09,1007.0,1,1130.0,Регионы,Ozon,Доставлен
505600,2024-06-10,1012.0,1,3210.0,Москва,Wildberries,Доставлен
513601,2024-12-23,1013.0,1,2350.0,Новосибирск,Wildberries,Отменён
507951,2024-08-18,1021.0,1,1470.0,Екатеринбург,Wildberries,Доставлен
501737,2024-02-26,1014.0,1,2410.0,Москва,Wildberries,Доставлен
501880,2024-03-01,1023.0,1,1010.0,Санкт-Петербург,Wildberries,Доставлен
500599,2024-01-21,1020.0,1,1390.0,Санкт-Петербург,Wildberries,Доставлен
505515,2024-06-07,1011.0,1,3480.0,Санкт-Петербург,Ozon,Доставлен
509451,2024-09-25,1011.0,1,3870.0,Екатеринбург,Wildberries,Доставлен
512465,2024-12-05,1003.0,1,3670.0,Екатеринбург,Wildberries,Доставлен
506304,2024-07-01,1026.0,1,2190.0,Санкт-Петербург,Wildberries,Доставлен
503306,2024-03-31,1002.0,1,3740.0,Москва,Ozon,Доставлен
501888,2024-03-01,1025.0,1,3200.0,Москва,Ozon,Доставлен
511576,2024-11-18,1017.0,2,1380.0,Новосибирск,Ozon,Доставлен
511058,2024-11-08,1012.0,1,3330.0,Регионы,Ozon,Доставлен
508982,2024-09-13,1017.0,2,1570.0,Екатеринбург,Wildberries,Доставлен
512940,2024-12-12,1011.0,1,3580.0,Москва,Wildberries,Доставлен
502881,2024-03-22,1021.0,1,1650.0,Новосибирск,Wildberries,Отменён
512844,2024-12-11,1003.0,1,3080.0,Москва,Wildberries,Доставлен
508487,2024-09-01,1001.0,1,1360.0,Санкт-Петербург,Wildberries,Доставлен
502958,2024-03-24,1007.0,2,1280.0,Екатеринбург,Wildberries,Доставлен
501323,2024-02-13,1014.0,1,2420.0,Санкт-Петербург,Wildberries,Доставлен
511471,2024-11-16,1012.0,1,2950.0,Регионы,Wildberries,Доставлен
502775,2024-03-20,1012.0,1,3160.0,Москва,Wildberries,Доставлен
510912,2024-11-05,1007.0,1,1140.0,Москва,Wildberries,Доставлен
502488,2024-03-13,1026.0,1,2380.0,Санкт-Петербург,Ozon,Доставлен
509888,2024-10-07,1017.0,1,1730.0,Регионы,Wildberries,Доставлен
513697,2024-12-25,1004.0,3,2800.0,Санкт-Петербург,Wildberries,Возврат
509833,2024-10-05,1026.0,1,2270.0,Санкт-Петербург,Wildberries,Доставлен
501146,2024-02-08,1018.0,2,700.0,Москва,Wildberries,Доставлен
513269,2024-12-17,1021.0,2,1540.0,Регионы,Wildberries,Доставлен
513344,2024-12-19,1001.0,1,1370.0,Москва,Wildberries,Доставлен
513912,2024-12-28,1017.0,1,1490.0,Екатеринбург,Wildberries,Доставлен
508195,2024-08-24,1024.0,1,3760.0,Москва,Wildberries,Возврат
510264,2024-10-19,1001.0,1,1390.0,Москва,Ozon,Доставлен
505061,2024-05-23,1014.0,1,2340.0,Москва,Wildberries,Доставлен
508846,2024-09-09,1024.0,1,3640.0,Регионы,Ozon,Доставлен
507447,2024-08-05,1020.0,1,1260.0,Регионы,Wildberries,Доставлен
512175,2024-11-30,1006.0,1,3810.0,Москва,Ozon,Возврат
506476,2024-07-07,1012.0,1,2930.0,Регионы,Ozon,Доставлен
512198,2024-11-30,1020.0,3,1480.0,Екатеринбург,Ozon,Доставлен
503464,2024-04-04,1008.0,2,4350.0,Регионы,Wildberries,Отменён
511094,2024-11-09,1010.0,1,1090.0,Москва,Wildberries,Отменён
508937,2024-09-12,1011.0,1,3490.0,Регионы,Ozon,Доставлен
503408,2024-04-02,1015.0,1,2300.0,Регионы,Ozon,Доставлен
502590,2024-03-15,1026.0,1,2280.0,Санкт-Петербург,Ozon,Доставлен
507033,2024-07-25,1013.0,1,2090.0,Москва,Wildberries,Возврат
504630,2024-05-08,1010.0,1,1370.0,Москва,Wildberries,Доставлен
510011,2024-10-11,1013.0,2,2270.0,Екатеринбург,Wildberries,Доставлен
508826,2024-09-09,1005.0,1,2810.0,Санкт-Петербург,Ozon,Доставлен
511741,2024-11-21,1016.0,1,2460.0,Новосибирск,Wildberries,Доставлен
512298,2024-12-02,1011.0,1,3890.0,Екатеринбург,Ozon,Возврат
500591,2024-01-21,1014.0,1,2200.0,Регионы,Ozon,Доставлен
513261,2024-12-17,1018.0,1,840.0,Москва,Wildberries,Отменён
509079,2024-09-15,1026.0,1,2650.0,Регионы,Wildberries,Отменён
503691,2024-04-11,1024.0,1,3150.0,Москва,Ozon,Доставлен
506334,2024-07-02,1021.0,1,1580.0,Москва,Wildberries,Доставлен
507316,2024-08-02,1016.0,1,2410.0,Регионы,Wildberries,Доставлен
512197,2024-11-30,1019.0,2,2360.0,Санкт-Петербург,Wildberries,Доставлен
504592,2024-05-07,1015.0,1,2150.0,Санкт-Петербург,Ozon,Доставлен
500363,2024-01-13,1009.0,2,1830.0,Новосибирск,Wildberries,Доставлен
502028,2024-03-04,1022.0,1,1560.0,Москва,Wildberries,Доставлен
508742,2024-09-07,1005.0,1,2530.0,Регионы,Ozon,Доставлен
505247,2024-05-29,1020.0,1,1370.0,Москва,Wildberries,Доставлен
500829,2024-01-30,1003.0,1,3450.0,Регионы,Ozon,Доставлен
507182,2024-07-29,1019.0,1,2410.0,Санкт-Петербург,Wildberries,Возврат
500644,2024-01-23,1010.0,1,1120.0,Екатеринбург,Wildberries,Возврат
507177,2024-07-29,1017.0,1,1610.0,Регионы,Wildberries,Доставлен
513416,2024-12-20,1008.0,1,4570.0,Екатеринбург,Wildberries,Доставлен
503593,2024-04-09,1006.0,1,3830.0,Новосибирск,Wildberries,Доставлен
509209,2024-09-19,1019.0,2,2010.0,Санкт-Петербург,Ozon,Доставлен
508855,2024-09-10,1006.0,1,3900.0,Регионы,Wildberries,Отменён
502083,2024-03-05,1018.0,1,840.0,Москва,Ozon,Доставлен
508263,2024-08-26,1012.0,1,3310.0,Москва,Wildberries,Возврат
512710,2024-12-08,1025.0,2,2690.0,Регионы,Ozon,Доставлен
505181,2024-05-27,1013.0,1,2310.0,Регионы,Wildberries,Доставлен
508136,2024-08-23,1012.0,1,3030.0,Новосибирск,Wildberries,Доставлен
511924,2024-11-25,1003.0,1,3310.0,Санкт-Петербург,Wildberries,Доставлен
502627,2024-03-16,1026.0,2,2580.0,Екатеринбург,Wildberries,Доставлен
510469,2024-10-25,1017.0,1,1500.0,Санкт-Петербург,Wildberries,Доставлен
507193,2024-07-29,1023.0,1,930.0,Новосибирск,Ozon,Доставлен
507403,2024-08-04,1017.0,1,1390.0,Москва,Wildberries,Доставлен
502410,2024-03-12,1011.0,1,3650.0,Новосибирск,Wildberries,Доставлен
513962,2024-12-29,1009.0,1,1860.0,Регионы,Wildberries,Возврат
502222,2024-03-08,1009.0,1,1680.0,Регионы,Wildberries,Отменён
508269,2024-08-26,1015.0,1,2330.0,Регионы,Wildberries,Доставлен
506386,2024-07-04,1020.0,1,1490.0,Санкт-Петербург,Wildberries,Доставлен
513687,2024-12-24,1024.0,1,3270.0,Москва,Wildberries,Доставлен
505025,2024-05-21,1024.0,1,3120.0,Регионы,Wildberries,Доставлен
505897,2024-06-18,1022.0,1,1670.0,Регионы,Ozon,Доставлен
506043,2024-06-23,1009.0,1,1690.0,Регионы,Wildberries,Доставлен
505103,2024-05-25,1004.0,1,2340.0,Регионы,Ozon,Доставлен
513979,2024-12-29,1018.0,1,820.0,Регионы,Wildberries,Доставлен
505985,2024-06-21,1015.0,1,2520.0,Екатеринбург,Wildberries,Доставлен
508640,2024-09-04,1024.0,1,3360.0,Москва,Wildberries,Доставлен
512202,2024-11-30,1022.0,1,1380.0,Москва,Wildberries,Доставлен
506540,2024-07-09,1016.0,1,2340.0,Москва,Wildberries,Доставлен
503413,2024-04-02,1019.0,1,2020.0,Екатеринбург,Wildberries,Доставлен
512368,2024-12-03,1014.0,1,2400.0,Москва,Wildberries,Возврат
508202,2024-08-25,1002.0,1,4180.0,Регионы,Wildberries,Доставлен
511813,2024-11-22,1025.0,1,2710.0,Санкт-Петербург,Wildberries,Доставлен
502454,2024-03-13,1009.0,1,1750.0,Регионы,Ozon,Возврат
508145,2024-08-23,1018.0,1,860.0,Санкт-Петербург,Wildberries,Отменён
513306,2024-12-18,1008.0,1,4260.0,Москва,Wildberries,Доставлен
505575,2024-06-09,1011.0,1,4000.0,Регионы,Ozon,Возврат
505534,2024-06-08,1006.0,1,4300.0,Екатеринбург,Wildberries,Доставлен
501957,2024-03-03,1004.0,1,2250.0,Екатеринбург,Wildberries,Доставлен
509559,2024-09-28,1008.0,1,4850.0,Регионы,Wildberries,Доставлен
513786,2024-12-26,1018.0,1,790.0,Москва,Ozon,Доставлен
512010,2024-11-26,1026.0,1,2520.0,Москва,Wildberries,Доставлен
513762,2024-12-26,1007.0,1,1280.0,Санкт-Петербург,Wildberries,Доставлен
513471,2024-12-21,1006.0,1,4540.0,Новосибирск,Ozon,Доставлен
513580,2024-12-23,1004.0,1,2780.0,Москва,Wildberries,Доставлен
511723,2024-11-21,1006.0,1,4460.0,Регионы,Ozon,Доставлен
502731,2024-03-19,1014.0,2,2270.0,Москва,Ozon,Доставлен
502904,2024-03-23,1003.0,2,3630.0,Регионы,Ozon,Возврат
504127,2024-04-23,1024.0,1,3690.0,Регионы,Wildberries,Доставлен
503478,2024-04-04,1025.0,2,2620.0,Регионы,Wildberries,Доставлен
508477,2024-08-31,1019.0,1,2350.0,Санкт-Петербург,Ozon,Доставлен
500821,2024-01-29,1025.0,1,3070.0,Регионы,Wildberries,Доставлен
513565,2024-12-22,1025.0,2,2540.0,Санкт-Петербург,Wildberries,Доставлен
503877,2024-04-16,1025.0,1,2590.0,Екатеринбург,Wildberries,Доставлен
512313,2024-12-02,1016.0,1,2270.0,Екатеринбург,Wildberries,Доставлен
511988,2024-11-26,1012.0,1,2910.0,Москва,Wildberries,Доставлен
508717,2024-09-06,1020.0,1,1330.0,Новосибирск,Wildberries,Доставлен
513539,2024-12-22,1011.0,1,3770.0,Регионы,Ozon,Доставлен
509084,2024-09-16,1003.0,1,3220.0,Санкт-Петербург,Ozon,Доставлен
512338,2024-12-02,1025.0,1,2790.0,Москва,Wildberries,Доставлен
511743,2024-11-21,1018.0,1,780.0,Новосибирск,Wildberries,Доставлен
512372,2024-12-03,1016.0,1,2670.0,Регионы,Wildberries,Доставлен
507950,2024-08-18,1018.0,1,730.0,Новосибирск,Ozon,Доставлен
506407,2024-07-05,1007.0,1,1140.0,Регионы,Wildberries,Доставлен
500499,2024-01-18,1017.0,1,1480.0,Регионы,Ozon,Доставлен
507401,2024-08-04,1016.0,1,2550.0,Екатеринбург,Wildberries,Доставлен
502547,2024-03-15,1004.0,1,2500.0,Регионы,Wildberries,Доставлен
506502,2024-07-08,1003.0,1,3730.0,Екатеринбург,Ozon,Отменён
510946,2024-11-06,1001.0,1,1270.0,Регионы,Ozon,Доставлен
508572,2024-09-03,1014.0,1,2680.0,Москва,Ozon,Доставлен
507145,2024-07-28,1020.0,1,1550.0,Регионы,Ozon,Доставлен
502581,2024-03-15,1023.0,1,980.0,Регионы,Ozon,Доставлен
505197,2024-05-28,1001.0,1,1230.0,Екатеринбург,Ozon,Доставлен
507504,2024-08-07,1014.0,2,2510.0,Санкт-Петербург,Wildberries,Доставлен
513138,2024-12-15,1014.0,1,2280.0,Санкт-Петербург,Wildberries,Доставлен
500191,2024-01-06,1022.0,1,1730.0,Санкт-Петербург,Ozon,Доставлен
514028,2024-12-30,1011.0,1,3820.0,Москва,Wildberries,Доставлен
506484,2024-07-07,1017.0,1,1560.0,Москва,Wildberries,Доставлен
510397,2024-10-23,1012.0,1,3020.0,Регионы,Ozon,Доставлен
508213,2024-08-25,1011.0,1,3800.0,Регионы,Wildberries,Доставлен
503598,2024-04-09,1010.0,2,1100.0,Москва,Ozon,Доставлен
506631,2024-07-12,1006.0,1,3830.0,Москва,Wildberries,Доставлен
503889,2024-04-17,1007.0,2,1270.0,Регионы,Wildberries,Доставлен
502047,2024-03-05,1003.0,1,3060.0,Регионы,Wildberries,Возврат
512767,2024-12-10,1001.0,1,1160.0,Регионы,Wildberries,Доставлен
511852,2024-11-23,1014.0,1,2570.0,Регионы,Ozon,Доставлен
511773,2024-11-22,1006.0,1,3940.0,Москва,Ozon,Доставлен
512179,2024-11-30,1007.0,1,1160.0,Москва,Wildberries,Доставлен
504272,2024-04-27,1026.0,1,2510.0,Москва,Wildberries,Доставлен
508382,2024-08-29,1017.0,2,1550.0,Санкт-Петербург,Wildberries,Доставлен
513029,2024-12-14,1001.0,1,1150.0,Екатеринбург,Wildberries,Доставлен
500151,2024-01-05,1017.0,1,1500.0,Санкт-Петербург,Wildberries,Доставлен
500023,2024-01-01,1020.0,1,1540.0,Санкт-Петербург,Ozon,Доставлен
508426,2024-08-30,1013.0,2,2310.0,Новосибирск,Wildberries,Доставлен
507903,2024-08-17,1017.0,1,1380.0,Екатеринбург,Wildberries,Доставлен
504539,2024-05-05,1024.0,1,3130.0,Екатеринбург,Wildberries,Доставлен
504754,2024-05-12,1018.0,1,740.0,Москва,Wildberries,Доставлен
502356,2024-03-11,1013.0,2,2100.0,Москва,Ozon,Доставлен
510891,2024-11-04,1010.0,1,1200.0,Москва,Wildberries,Доставлен
501383,2024-02-15,1013.0,2,2590.0,Екатеринбург,Wildberries,Доставлен
507479,2024-08-06,1020.0,1,1270.0,Новосибирск,Wildberries,Доставлен
502799,2024-03-21,1004.0,1,2330.0,Новосибирск,Ozon,Доставлен
508011,2024-08-20,1004.0,1,2810.0,Регионы,Wildberries,Доставлен
512434,2024-12-04,1015.0,1,2510.0,Регионы,Wildberries,Доставлен
506744,2024-07-15,1026.0,1,2580.0,Москва,Ozon,Возврат
512911,2024-12-11,1023.0,1,1050.0,Регионы,Wildberries,Доставлен
500551,2024-01-20,1001.0,1,1270.0,Москва,Wildberries,Доставлен
511504,2024-11-17,1007.0,1,1090.0,Новосибирск,Wildberries,Доставлен
502320,2024-03-10,1017.0,1,1580.0,Екатеринбург,Ozon,Доставлен
512057,2024-11-28,1001.0,1,1300.0,Регионы,Wildberries,Доставлен
505036,2024-05-22,1012.0,1,2750.0,Регионы,Wildberries,Доставлен
502818,2024-03-21,1017.0,1,1560.0,Новосибирск,Wildberries,Доставлен
511528,2024-11-17,1021.0,1,1460.0,Екатеринбург,Wildberries,Возврат
500242,2024-01-08,1020.0,1,1330.0,Регионы,Ozon,Возврат
509853,2024-10-06,1015.0,1,2400.0,Регионы,Wildberries,Отменён
513521,2024-12-22,1005.0,1,2390.0,Санкт-Петербург,Wildberries,Доставлен
513145,2024-12-15,1021.0,1,1600.0,Регионы,Wildberries,Доставлен
502104,2024-03-06,1005.0,1,2360.0,Новосибирск,Wildberries,Доставлен
505624,2024-06-11,1005.0,1,2820.0,Санкт-Петербург,Wildberries,Доставлен
502415,2024-03-12,1016.0,1,2740.0,Санкт-Петербург,Wildberries,Доставлен
502830,2024-03-21,1023.0,1,1000.0,Москва,Wildberries,Доставлен
504858,2024-05-16,1023.0,2,1040.0,Екатеринбург,Ozon,Доставлен
508661,2024-09-05,1009.0,1,1710.0,Москва,Ozon,Доставлен
500865,2024-01-31,1015.0,1,2500.0,Регионы,Ozon,Доставлен
506485,2024-07-07,1018.0,1,790.0,Регионы,Wildberries,Доставлен
504085,2024-04-22,1017.0,1,1640.0,Регионы,Ozon,Доставлен
508696,2024-09-06,1002.0,1,3750.0,Санкт-Петербург,Ozon,Доставлен
503442,2024-04-03,1015.0,1,2110.0,Регионы,Ozon,Доставлен
505675,2024-06-12,1016.0,1,2300.0,Регионы,Wildberries,Доставлен
503805,2024-04-15,1004.0,1,2760.0,Санкт-Петербург,Wildberries,Доставлен
508962,2024-09-12,1024.0,1,3750.0,Регионы,Wildberries,Доставлен
509077,2024-09-15,1025.0,1,3010.0,Екатеринбург,Wildberries,Доставлен
505657,2024-06-11,1025.0,1,2540.0,Регионы,Wildberries,Доставлен
502006,2024-03-04,1011.0,1,3310.0,Санкт-Петербург,Wildberries,Доставлен
512356,2024-12-03,1006.0,1,4050.0,Москва,Ozon,Отменён
502441,2024-03-12,1026.0,1,2180.0,Москва,Wildberries,Доставлен
501287,2024-02-12,1013.0,1,2500.0,Москва,Ozon,Доставлен
500227,2024-01-08,1005.0,1,2750.0,Регионы,Wildberries,Возврат
505389,2024-06-03,1007.0,1,1050.0,Санкт-Петербург,Wildberries,Доставлен
507076,2024-07-26,1017.0,1,1450.0,Регионы,Wildberries,Доставлен
508903,2024-09-11,1010.0,1,1210.0,Регионы,Wildberries,Доставлен
501867,2024-03-01,1016.0,1,2670.0,Регионы,Wildberries,Доставлен
508291,2024-08-26,1022.0,1,1640.0,Регионы,Wildberries,Доставлен
507626,2024-08-10,1008.0,1,4140.0,Регионы,Wildberries,Отменён
504987,2024-05-20,1023.0,1,960.0,Регионы,Ozon,Доставлен
507512,2024-08-07,1019.0,1,2190.0,Регионы,Wildberries,Доставлен
508086,2024-08-22,1002.0,1,3970.0,Регионы,Wildberries,Доставлен
507315,2024-08-02,1016.0,1,2320.0,Москва,Ozon,Доставлен
514113,2024-12-31,1021.0,2,1630.0,Москва,Wildberries,Доставлен
501983,2024-03-03,1023.0,1,850.0,Регионы,Ozon,Доставлен
512400,2024-12-04,1003.0,1,2970.0,Регионы,Ozon,Доставлен
504354,2024-04-30,1008.0,1,4820.0,Регионы,Ozon,Доставлен
504893,2024-05-17,1023.0,1,980.0,Регионы,Ozon,Доставлен
507430,2024-08-05,1012.0,1,3260.0,Москва,Ozon,Доставлен
507375,2024-08-03,1020.0,1,1600.0,Санкт-Петербург,Wildberries,Отменён
509443,2024-09-25,1004.0,1,2620.0,Регионы,Ozon,Доставлен
504674,2024-05-10,1006.0,1,4510.0,Екатеринбург,Ozon,Доставлен
501466,2024-02-18,1003.0,1,3250.0,Регионы,Ozon,Возврат
506088,2024-06-24,1022.0,1,1440.0,Екатеринбург,Wildberries,Доставлен
509591,2024-09-29,1002.0,1,4200.0,Регионы,Wildberries,Доставлен
504767,2024-05-12,1025.0,1,2680.0,Новосибирск,Wildberries,Возврат
502762,2024-03-20,1004.0,1,2670.0,Москва,Wildberries,Доставлен
511479,2024-11-16,1018.0,1,800.0,Екатеринбург,Wildberries,Доставлен
504368,2024-04-30,1025.0,1,2800.0,Регионы,Ozon,Доставлен
502023,2024-03-04,1021.0,1,1470.0,Новосибирск,Ozon,Доставлен
509389,2024-09-23,1023.0,1,930.0,Москва,Ozon,Доставлен
511783,2024-11-22,1010.0,1,1280.0,Регионы,Wildberries,Доставлен
509660,2024-09-30,1020.0,1,1510.0,Регионы,Ozon,Доставлен
505659,2024-06-12,1001.0,1,1100.0,Екатеринбург,Wildberries,Доставлен
507583,2024-08-09,1012.0,2,3300.0,Регионы,Wildberries,Доставлен
507826,2024-08-15,1015.0,1,2390.0,Регионы,Wildberries,Доставлен
503452,2024-04-03,1023.0,1,930.0,Новосибирск,Wildberries,Доставлен
509204,2024-09-19,1014.0,2,2250.0,Москва,Wildberries,Доставлен
513472,2024-12-21,1007.0,1,1190.0,Москва,Wildberries,Доставлен
511978,2024-11-26,1008.0,1,4270.0,Москва,Wildberries,Доставлен
501237,2024-02-11,1006.0,1,4270.0,Москва,Wildberries,Доставлен
507819,2024-08-15,1009.0,1,1860.0,Москва,Ozon,Доставлен
505800,2024-06-16,1015.0,1,2270.0,Новосибирск,Wildberries,Доставлен
501672,2024-02-24,1009.0,1,1600.0,Москва,Wildberries,Возврат
513390,2024-12-19,1022.0,1,1560.0,Санкт-Петербург,Ozon,Доставлен
510822,2024-11-03,1002.0,1,3470.0,Новосибирск,Wildberries,Доставлен
511333,2024-11-13,1021.0,2,1590.0,Екатеринбург,Wildberries,Отменён
504297,2024-04-28,1016.0,1,2520.0,Екатеринбург,Wildberries,Возврат
512828,2024-12-10,1023.0,1,1040.0,Санкт-Петербург,Wildberries,Доставлен
510769,2024-11-01,1024.0,1,3490.0,Регионы,Wildberries,Доставлен
500735,2024-01-26,1025.0,1,3230.0,Екатеринбург,Ozon,Доставлен
500463,2024-01-17,1012.0,1,2900.0,Москва,Wildberries,Доставлен
502740,2024-03-19,1021.0,1,1690.0,Екатеринбург,Wildberries,Доставлен
509399,2024-09-24,1003.0,1,3170.0,Москва,Ozon,Доставлен
510531,2024-10-26,1026.0,1,2690.0,Регионы,Wildberries,Доставлен
513725,2024-12-25,1015.0,1,2600.0,Москва,Wildberries,Доставлен
503065,2024-03-26,1015.0,1,2080.0,Регионы,Ozon,Отменён
508792,2024-09-08,1006.0,2,4420.0,Москва,Wildberries,Доставлен
509520,2024-09-27,1005.0,1,2310.0,Регионы,Ozon,Доставлен
503545,2024-04-07,1014.0,1,2160.0,Регионы,Wildberries,Доставлен
500401,2024-01-14,1021.0,1,1630.0,Санкт-Петербург,Ozon,Доставлен
512340,2024-12-02,1026.0,1,2520.0,Москва,Wildberries,Доставлен
501777,2024-02-27,1019.0,1,2260.0,Регионы,Wildberries,Доставлен
509432,2024-09-24,1026.0,1,2420.0,Москва,Wildberries,Доставлен
508707,2024-09-06,1010.0,1,1130.0,Новосибирск,Wildberries,Доставлен
505141,2024-05-26,1009.0,1,1770.0,Новосибирск,Wildberries,Возврат
502542,2024-03-15,1002.0,1,4210.0,Москва,Wildberries,Доставлен
513209,2024-12-16,1024.0,2,3520.0,Регионы,Wildberries,Доставлен
507989,2024-08-19,1020.0,1,1450.0,Москва,Wildberries,Доставлен
502545,2024-03-15,1004.0,2,2680.0,Регионы,Ozon,Доставлен
503042,2024-03-26,1001.0,1,1330.0,Регионы,Ozon,Доставлен
504632,2024-05-08,1012.0,1,2710.0,Москва,Wildberries,Доставлен
509007,2024-09-14,1005.0,2,2800.0,Регионы,Wildberries,Доставлен
507996,2024-08-19,1022.0,1,1730.0,Новосибирск,Ozon,Доставлен
512342,2024-12-03,1001.0,1,1210.0,Москва,Wildberries,Доставлен
502207,2024-03-08,1001.0,1,1330.0,Регионы,Wildberries,Доставлен
502753,2024-03-19,1025.0,1,2690.0,Регионы,Wildberries,Отменён
512300,2024-12-02,1011.0,1,3510.0,Новосибирск,Wildberries,Возврат
512704,2024-12-08,1021.0,1,1580.0,Москва,Wildberries,Доставлен
500704,2024-01-25,1021.0,1,1500.0,Санкт-Петербург,Wildberries,Доставлен
500830,2024-01-30,1003.0,1,3080.0,Регионы,Ozon,Отменён
506286,2024-07-01,1016.0,1,2400.0,Москва,Ozon,Отменён
510705,2024-10-31,1022.0,1,1730.0,Регионы,Ozon,Доставлен
501036,2024-02-05,1014.0,1,2500.0,Екатеринбург,Ozon,Отменён
511119,2024-11-09,1022.0,1,1570.0,Регионы,Ozon,Доставлен
508412,2024-08-30,1003.0,1,3070.0,Москва,Ozon,Отменён
511188,2024-11-11,1005.0,1,2700.0,Екатеринбург,Ozon,Доставлен
505361,2024-06-02,1010.0,2,1190.0,Москва,Wildberries,Доставлен
510151,2024-10-15,1023.0,1,940.0,Москва,Ozon,Доставлен
512816,2024-12-10,1018.0,1,710.0,Регионы,Wildberries,Доставлен
513901,2024-12-28,1013.0,1,2120.0,Санкт-Петербург,Ozon,Доставлен
509262,2024-09-21,1001.0,1,1110.0,Новосибирск,Wildberries,Доставлен
503644,2024-04-10,1015.0,1,2590.0,Москва,Wildberries,Доставлен
506469,2024-07-07,1002.0,1,4150.0,Санкт-Петербург,Ozon,Доставлен
500822,2024-01-29,1026.0,1,2680.0,Регионы,Wildberries,Возврат
504624,2024-05-08,1008.0,1,4380.0,Екатеринбург,Ozon,Доставлен
505606,2024-06-10,1017.0,1,1700.0,Екатеринбург,Ozon,Доставлен
505511,2024-06-07,1005.0,1,2670.0,Регионы,Ozon,Отменён
500517,2024-01-19,1004.0,1,2800.0,Регионы,Wildberries,Доставлен
510451,2024-10-24,1024.0,1,3600.0,Новосибирск,Wildberries,Доставлен
506279,2024-07-01,1012.0,1,2670.0,Санкт-Петербург,Wildberries,Доставлен
507768,2024-08-13,1019.0,1,2120.0,Санкт-Петербург,Wildberries,Доставлен
502049,2024-03-05,1004.0,1,2500.0,Москва,Ozon,Доставлен
505839,2024-06-17,1014.0,1,2430.0,Новосибирск,Wildberries,Доставлен
508283,2024-08-26,1019.0,1,2170.0,Санкт-Петербург,Ozon,Доставлен
512136,2024-11-29,1013.0,1,2240.0,Москва,Wildberries,Доставлен
512755,2024-12-09,1020.0,1,1510.0,Регионы,Ozon,Доставлен
500601,2024-01-21,1022.0,2,1390.0,Санкт-Петербург,Wildberries,Доставлен
512520,2024-12-06,1001.0,1,1400.0,Москва,Ozon,Доставлен
503256,2024-03-30,1003.0,1,3100.0,Новосибирск,Wildberries,Возврат
502840,2024-03-22,1002.0,1,3810.0,Регионы,Wildberries,Доставлен
512731,2024-12-09,1008.0,1,5040.0,Санкт-Петербург,Wildberries,Доставлен
512724,2024-12-09,1007.0,1,1050.0,Регионы,Ozon,Доставлен
510757,2024-11-01,1017.0,1,1590.0,Екатеринбург,Wildberries,Доставлен
508900,2024-09-11,1008.0,1,4950.0,Москва,Ozon,Доставлен
503037,2024-03-25,1025.0,1,3150.0,Регионы,Wildberries,Доставлен
504951,2024-05-19,1019.0,1,2200.0,Москва,Wildberries,Доставлен
508680,2024-09-05,1020.0,1,1580.0,Регионы,Ozon,Доставлен
504967,2024-05-20,1003.0,1,3070.0,Екатеринбург,Wildberries,Доставлен
511503,2024-11-17,1006.0,1,4360.0,Москва,Wildberries,Доставлен
506326,2024-07-02,1019.0,1,2460.0,Регионы,Wildberries,Доставлен
508785,2024-09-08,1003.0,3,3020.0,Регионы,Wildberries,Доставлен
501609,2024-02-22,1013.0,1,2370.0,Регионы,Wildberries,Доставлен
513204,2024-12-16,1019.0,1,2210.0,Санкт-Петербург,Wildberries,Доставлен
501099,2024-02-07,1011.0,1,3460.0,Москва,Ozon,Доставлен
512293,2024-12-02,1008.0,1,5020.0,Москва,Wildberries,Доставлен
508550,2024-09-02,1024.0,1,3660.0,Новосибирск,Ozon,Доставлен
504849,2024-05-16,1011.0,1,3570.0,Санкт-Петербург,Ozon,Доставлен
510983,2024-11-06,1024.0,1,3610.0,Москва,Ozon,Доставлен
513533,2024-12-22,1008.0,1,4090.0,Санкт-Петербург,Ozon,Отменён
507333,2024-08-02,1021.0,1,1540.0,Екатеринбург,Ozon,Доставлен
503131,2024-03-27,1018.0,1,720.0,Екатеринбург,Wildberries,Доставлен
500254,2024-01-09,1006.0,1,4120.0,Санкт-Петербург,Wildberries,Доставлен
504112,2024-04-23,1017.0,2,1450.0,Москва,Wildberries,Отменён
501962,2024-03-03,1005.0,1,2350.0,Санкт-Петербург,Wildberries,Доставлен
504133,2024-04-23,1026.0,1,2230.0,Санкт-Петербург,Ozon,Отменён
500436,2024-01-16,1011.0,1,3370.0,Регионы,Wildberries,Доставлен
508782,2024-09-08,1001.0,1,1390.0,Екатеринбург,Wildberries,Доставлен
503123,2024-03-27,1015.0,1,2450.0,Регионы,Ozon,Доставлен
510553,2024-10-27,1013.0,1,2080.0,Санкт-Петербург,Ozon,Возврат
506698,2024-07-14,1011.0,1,3740.0,Санкт-Петербург,Wildberries,Доставлен
510268,2024-10-19,1005.0,1,2810.0,Санкт-Петербург,Ozon,Возврат
502383,2024-03-11,1024.0,1,3040.0,Санкт-Петербург,Wildberries,Доставлен
508205,2024-08-25,1004.0,1,2610.0,Москва,Ozon,Доставлен
503804,2024-04-15,1002.0,1,3800.0,Москва,Wildberries,Доставлен
506356,2024-07-03,1020.0,2,1500.0,Екатеринбург,Wildberries,Доставлен
510341,2024-10-21,1011.0,1,3340.0,Санкт-Петербург,Ozon,Возврат
512976,2024-12-13,1002.0,1,3730.0,Санкт-Петербург,Ozon,Доставлен
509723,2024-10-02,1009.0,1,2000.0,Екатеринбург,Ozon,Доставлен
503263,2024-03-30,1006.0,1,4070.0,Новосибирск,Wildberries,Доставлен
510248,2024-10-18,1016.0,1,2230.0,Москва,Wildberries,Доставлен
503580,2024-04-08,1014.0,1,2730.0,Санкт-Петербург,Wildberries,Отменён
501221,2024-02-10,1023.0,3,1020.0,Екатеринбург,Wildberries,Доставлен
507781,2024-08-14,1001.0,1,1300.0,Регионы,Ozon,Доставлен
511000,2024-11-07,1006.0,1,3880.0,Регионы,Wildberries,Доставлен
501496,2024-02-19,1005.0,1,2400.0,Санкт-Петербург,Wildberries,Доставлен
504616,2024-05-08,1001.0,1,1150.0,Москва,Wildberries,Доставлен
504108,2024-04-23,1010.0,1,1090.0,Москва,Wildberries,Доставлен
502528,2024-03-14,1025.0,1,3140.0,Москва,Wildberries,Доставлен
503970,2024-04-19,1013.0,1,2510.0,Москва,Ozon,Отменён
507946,2024-08-18,1017.0,1,1610.0,Екатеринбург,Wildberries,Доставлен
504384,2024-05-01,1011.0,1,3980.0,Москва,Wildberries,Возврат
512720,2024-12-09,1005.0,1,2370.0,Екатеринбург,Ozon,Доставлен
505484,2024-06-06,1008.0,1,4090.0,Новосибирск,Wildberries,Доставлен
506298,2024-07-01,1023.0,2,1000.0,Регионы,Ozon,Доставлен
510215,2024-10-17,1023.0,1,840.0,Санкт-Петербург,Wildberries,Отменён
507780,2024-08-13,1026.0,1,2520.0,Регионы,Ozon,Доставлен
512518,2024-12-05,1026.0,2,2320.0,Москва,Wildberries,Доставлен
503170,2024-03-28,1014.0,1,2310.0,Регионы,Wildberries,Возврат
504802,2024-05-14,1007.0,2,1080.0,Екатеринбург,Wildberries,Доставлен
511363,2024-11-14,1008.0,1,4250.0,Регионы,Wildberries,Доставлен
501981,2024-03-03,1022.0,1,1660.0,Москва,Wildberries,Возврат
505176,2024-05-27,1008.0,1,4750.0,Екатеринбург,Wildberries,Доставлен
507475,2024-08-06,1019.0,2,2150.0,Екатеринбург,Wildberries,Доставлен
502118,2024-03-06,1010.0,1,1200.0,Москва,Ozon,Доставлен
502640,2024-03-17,1010.0,1,1330.0,Москва,Wildberries,Доставлен
505021,2024-05-21,1022.0,1,1540.0,Новосибирск,Ozon,Доставлен
503715,2024-04-12,1017.0,2,1690.0,Москва,Wildberries,Доставлен
501689,2024-02-24,1018.0,1,760.0,Санкт-Петербург,Ozon,Доставлен
507418,2024-08-04,1023.0,1,870.0,Регионы,Wildberries,Доставлен
505116,2024-05-25,1010.0,1,1200.0,Екатеринбург,Wildberries,Доставлен
506657,2024-07-13,1002.0,1,3900.0,Москва,Wildberries,Доставлен
505653,2024-06-11,1020.0,1,1390.0,Регионы,Ozon,Доставлен
509095,2024-09-16,1010.0,1,1260.0,Санкт-Петербург,Wildberries,Доставлен
509327,2024-09-22,1015.0,1,2460.0,Санкт-Петербург,Wildberries,Возврат
512675,2024-12-08,1012.0,1,3320.0,Регионы,Ozon,Доставлен
501109,2024-02-07,1015.0,1,2560.0,Санкт-Петербург,Ozon,Доставлен
504974,2024-05-20,1013.0,1,2470.0,Екатеринбург,Ozon,Доставлен
507144,2024-07-28,1019.0,1,2500.0,Москва,Wildberries,Доставлен
507592,2024-08-09,1016.0,1,2580.0,Регионы,Ozon,Доставлен
511602,2024-11-19,1004.0,1,2250.0,Регионы,Wildberries,Доставлен
505492,2024-06-06,1012.0,1,2640.0,Регионы,Wildberries,Доставлен
511282,2024-11-13,1001.0,1,1180.0,Екатеринбург,Wildberries,Возврат
505628,2024-06-11,1007.0,1,1200.0,Регионы,Ozon,Доставлен
500769,2024-01-27,1022.0,1,1610.0,Регионы,Wildberries,Доставлен
513879,2024-12-28,1006.0,1,4460.0,Москва,Ozon,Доставлен
513364,2024-12-19,1011.0,2,3720.0,Москва,Wildberries,Доставлен
508810,2024-09-08,1021.0,1,1630.0,Санкт-Петербург,Wildberries,Доставлен
511364,2024-11-14,1009.0,1,1710.0,Москва,Wildberries,Доставлен
514053,2024-12-30,1020.0,1,1500.0,Новосибирск,Ozon,Доставлен
500796,2024-01-28,1019.0,1,2180.0,Регионы,Wildberries,Доставлен
504912,2024-05-18,1014.0,1,2210.0,Регионы,Ozon,Доставлен
503838,2024-04-15,1022.0,1,1610.0,Регионы,Ozon,Доставлен
512585,2024-12-07,1006.0,2,4050.0,Новосибирск,Wildberries,Доставлен
503876,2024-04-16,1025.0,1,2950.0,Санкт-Петербург,Wildberries,Доставлен
512952,2024-12-12,1015.0,1,2220.0,Москва,Ozon,Доставлен
503841,2024-04-15,1024.0,1,2950.0,Москва,Wildberries,Доставлен
510666,2024-10-30,1019.0,1,2110.0,Москва,Wildberries,Доставлен
501326,2024-02-13,1015.0,1,2350.0,Регионы,Wildberries,Доставлен
513673,2024-12-24,1019.0,2,2330.0,Санкт-Петербург,Wildberries,Доставлен
510675,2024-10-30,1024.0,1,3700.0,Новосибирск,Wildberries,Доставлен
510463,2024-10-25,1006.0,1,3690.0,Екатеринбург,Wildberries,Доставлен
501088,2024-02-07,1001.0,1,1250.0,Регионы,Wildberries,Доставлен
504078,2024-04-22,1013.0,1,2480.0,Регионы,Wildberries,Доставлен
508052,2024-08-21,1010.0,1,1300.0,Регионы,Wildberries,Доставлен
504535,2024-05-05,1020.0,1,1420.0,Регионы,Ozon,Отменён
511604,2024-11-19,1006.0,1,3590.0,Регионы,Ozon,Возврат
509762,2024-10-03,1012.0,1,3020.0,Москва,Wildberries,Доставлен
509430,2024-09-24,1024.0,1,3400.0,Регионы,Wildberries,Доставлен
509060,2024-09-15,1016.0,1,2610.0,Регионы,Ozon,Доставлен
507017,2024-07-24,1022.0,1,1590.0,Санкт-Петербург,Ozon,Отменён
502305,2024-03-10,1009.0,1,1960.0,Москва,Wildberries,Доставлен
513318,2024-12-18,1012.0,1,2820.0,Санкт-Петербург,Ozon,Доставлен
509796,2024-10-04,1020.0,1,1300.0,Санкт-Петербург,Wildberries,Доставлен
513700,2024-12-25,1005.0,2,2750.0,Москва,Wildberries,Доставлен
511129,2024-11-10,1002.0,1,4090.0,Санкт-Петербург,Wildberries,Доставлен
508409,2024-08-30,1002.0,2,3860.0,Регионы,Wildberries,Отменён
511818,2024-11-23,1001.0,1,1230.0,Регионы,Ozon,Возврат
506157,2024-06-27,1004.0,2,2580.0,Регионы,Ozon,Доставлен
501540,2024-02-20,1015.0,1,2390.0,Санкт-Петербург,Wildberries,Возврат
500909,2024-02-02,1001.0,1,1300.0,Москва,Ozon,Доставлен
500848,2024-01-30,1018.0,1,800.0,Москва,Wildberries,Доставлен
507121,2024-07-27,1021.0,1,1650.0,Москва,Wildberries,Доставлен
508654,2024-09-05,1005.0,1,2500.0,Москва,Ozon,Доставлен
511384,2024-11-14,1019.0,1,2290.0,Екатеринбург,Ozon,Доставлен
509006,2024-09-14,1004.0,1,2470.0,Санкт-Петербург,Wildberries,Доставлен
508187,2024-08-24,1020.0,1,1320.0,Новосибирск,Wildberries,Доставлен
501523,2024-02-20,1002.0,1,3570.0,Санкт-Петербург,Ozon,Доставлен
509247,2024-09-20,1017.0,1,1640.0,Новосибирск,Ozon,Доставлен
505987,2024-06-21,1017.0,1,1640.0,Санкт-Петербург,Wildberries,Доставлен
502219,2024-03-08,1007.0,2,1090.0,Новосибирск,Wildberries,Доставлен
509999,2024-10-11,1007.0,1,1280.0,Москва,Wildberries,Доставлен
513844,2024-12-27,1013.0,1,2290.0,Новосибирск,Ozon,Доставлен
504140,2024-04-24,1004.0,1,2240.0,Санкт-Петербург,Wildberries,Доставлен
506475,2024-07-07,1009.0,1,1760.0,Регионы,Wildberries,Доставлен
504833,2024-05-15,1021.0,3,1620.0,Москва,Wildberries,Доставлен
500777,2024-01-28,1003.0,1,3140.0,Регионы,Wildberries,Возврат
503927,2024-04-18,1016.0,1,2660.0,Санкт-Петербург,Ozon,Возврат
512332,2024-12-02,1023.0,1,960.0,Новосибирск,Wildberries,Доставлен
514001,2024-12-30,1001.0,1,1260.0,Санкт-Петербург,Wildberries,Доставлен
504786,2024-05-13,1014.0,1,2540.0,Санкт-Петербург,Wildberries,Доставлен
503599,2024-04-09,1010.0,2,1120.0,Регионы,Wildberries,Доставлен
510973,2024-11-06,1014.0,1,2460.0,Санкт-Петербург,Wildberries,Доставлен
509726,2024-10-02,1011.0,2,4000.0,Регионы,Wildberries,Возврат
504288,2024-04-28,1012.0,1,3210.0,Регионы,Wildberries,Доставлен
511728,2024-11-21,1009.0,1,1990.0,Регионы,Wildberries,Доставлен
506184,2024-06-28,1005.0,1,2460.0,Регионы,Ozon,Доставлен
503344,2024-03-31,1023.0,1,840.0,Санкт-Петербург,Wildberries,Возврат
505555,2024-06-08,1022.0,1,1450.0,Москва,Ozon,Доставлен
507658,2024-08-11,1009.0,1,2020.0,Москва,Ozon,Отменён
501943,2024-03-03,1001.0,1,1190.0,Москва,Ozon,Доставлен
501733,2024-02-26,1011.0,1,3830.0,Москва,Wildberries,Доставлен
513129,2024-12-15,1012.0,1,3080.0,Екатеринбург,Wildberries,Доставлен
502166,2024-03-07,1005.0,1,2540.0,Москва,Ozon,Доставлен
504586,2024-05-07,1012.0,3,3210.0,Москва,Ozon,Доставлен
514054,2024-12-30,1021.0,1,1370.0,Новосибирск,Wildberries,Возврат
512265,2024-12-01,1022.0,1,1650.0,Санкт-Петербург,Wildberries,Доставлен
500820,2024-01-29,1025.0,1,2940.0,Санкт-Петербург,Wildberries,Доставлен
507477,2024-08-06,1020.0,1,1510.0,Новосибирск,Ozon,Доставлен
510716,2024-10-31,1026.0,2,2480.0,Екатеринбург,Ozon,Отменён
512922,2024-12-12,1003.0,1,3210.0,Екатеринбург,Ozon,Доставлен
512643,2024-12-08,1001.0,1,1380.0,Москва,Wildberries,Доставлен
508223,2024-08-25,1016.0,1,2450.0,Регионы,Ozon,Доставлен
501469,2024-02-18,1004.0,1,2690.0,Екатеринбург,Wildberries,Доставлен
504014,2024-04-20,1015.0,1,2040.0,Санкт-Петербург,Ozon,Доставлен
513582,2024-12-23,1005.0,1,2510.0,Москва,Wildberries,Доставлен
507083,2024-07-26,1026.0,2,2370.0,Регионы,Wildberries,Доставлен
513999,2024-12-30,1001.0,1,1100.0,Екатеринбург,Wildberries,Доставлен
513606,2024-12-23,1017.0,1,1750.0,Москва,Wildberries,Доставлен
503209,2024-03-29,1005.0,1,2310.0,Москва,Ozon,Доставлен
505946,2024-06-20,1009.0,1,1970.0,Санкт-Петербург,Ozon,Доставлен
509419,2024-09-24,1017.0,1,1680.0,Екатеринбург,Wildberries,Доставлен
512855,2024-12-11,1006.0,1,3920.0,Регионы,Wildberries,Отменён
502683,2024-03-18,1010.0,1,1290.0,Новосибирск,Wildberries,Доставлен
513165,2024-12-16,1003.0,1,3600.0,Регионы,Wildberries,Доставлен
507979,2024-08-19,1015.0,3,2080.0,Регионы,Ozon,Доставлен
500863,2024-01-31,1012.0,1,3130.0,Екатеринбург,Wildberries,Возврат
508643,2024-09-04,1026.0,1,2550.0,Регионы,Wildberries,Доставлен
512240,2024-12-01,1011.0,1,3540.0,Регионы,Ozon,Доставлен
506979,2024-07-23,1007.0,1,1080.0,Новосибирск,Wildberries,Доставлен
502914,2024-03-23,1009.0,1,1930.0,Регионы,Ozon,Возврат
509312,2024-09-22,1002.0,1,3620.0,Москва,Ozon,Возврат
510106,2024-10-14,1017.0,1,1370.0,Москва,Wildberries,Доставлен
505878,2024-06-18,1014.0,3,2490.0,Регионы,Wildberries,Доставлен
509979,2024-10-10,1022.0,1,1730.0,Регионы,Wildberries,Доставлен
504421,2024-05-02,1008.0,1,4400.0,Москва,Wildberries,Доставлен
510926,2024-11-05,1013.0,1,2600.0,Санкт-Петербург,Ozon,Доставлен
513778,2024-12-26,1016.0,1,2410.0,Регионы,Wildberries,Доставлен
511486,2024-11-16,1023.0,1,850.0,Екатеринбург,Ozon,Доставлен
513280,2024-12-17,1024.0,1,3600.0,Регионы,Wildberries,Доставлен
510494,2024-10-26,1008.0,1,4120.0,Екатеринбург,Ozon,Доставлен
504553,2024-05-06,1007.0,1,1170.0,Регионы,Ozon,Доставлен
507049,2024-07-25,1022.0,1,1520.0,Регионы,Wildberries,Доставлен
501354,2024-02-14,1017.0,1,1520.0,Москва,Ozon,Доставлен
502338,2024-03-11,1001.0,1,1310.0,Регионы,Wildberries,Возврат
500431,2024-01-16,1005.0,1,2700.0,Регионы,Wildberries,Доставлен
508043,2024-08-21,1004.0,1,2490.0,Екатеринбург,Wildberries,Доставлен
511445,2024-11-16,1002.0,1,3340.0,Москва,Wildberries,Возврат
512635,2024-12-07,1026.0,1,2220.0,Санкт-Петербург,Wildberries,Доставлен
513505,2024-12-21,1023.0,1,850.0,Санкт-Петербург,Ozon,Доставлен
502063,2024-03-05,1009.0,1,1680.0,Регионы,Wildberries,Доставлен
505978,2024-06-21,1008.0,1,4150.0,Регионы,Wildberries,Доставлен
508602,2024-09-04,1005.0,2,2350.0,Москва,Ozon,Доставлен
507365,2024-08-03,1016.0,2,2650.0,Регионы,Wildberries,Доставлен
511286,2024-11-13,1003.0,1,3510.0,Регионы,Ozon,Возврат
506977,2024-07-23,1006.0,1,4260.0,Регионы,Ozon,Доставлен
513719,2024-12-25,1012.0,1,3180.0,Москва,Wildberries,Доставлен
506187,2024-06-28,1008.0,1,4620.0,Санкт-Петербург,Wildberries,Доставлен
508329,2024-08-27,1026.0,1,2670.0,Москва,Ozon,Доставлен
507790,2024-08-14,1013.0,1,2600.0,Москва,Ozon,Возврат
503678,2024-04-11,1014.0,1,2300.0,Регионы,Wildberries,Доставлен
502741,2024-03-19,1022.0,1,1650.0,Санкт-Петербург,Wildberries,Отменён
507632,2024-08-10,1015.0,2,2080.0,Москва,Wildberries,Доставлен
510355,2024-10-21,1026.0,1,2610.0,Новосибирск,Wildberries,Доставлен
503721,2024-04-12,1021.0,1,1430.0,Москва,Ozon,Доставлен
508687,2024-09-05,1024.0,1,3550.0,Новосибирск,Ozon,Отменён
504898,2024-05-18,1001.0,1,1380.0,Екатеринбург,Ozon,Доставлен
512211,2024-12-01,1001.0,2,1270.0,Новосибирск,Wildberries,Доставлен
510372,2024-10-22,1014.0,1,2580.0,Москва,Wildberries,Доставлен
502901,2024-03-23,1002.0,1,3370.0,Екатеринбург,Wildberries,Доставлен
508725,2024-09-06,1024.0,1,3270.0,Регионы,Wildberries,Доставлен
508191,2024-08-24,1023.0,1,930.0,Санкт-Петербург,Ozon,Доставлен
513731,2024-12-25,1018.0,1,720.0,Санкт-Петербург,Wildberries,Доставлен
509025,2024-09-14,1017.0,1,1540.0,Москва,Ozon,Возврат
512607,2024-12-07,1013.0,1,2080.0,Москва,Wildberries,Доставлен
512806,2024-12-10,1014.0,1,2630.0,Регионы,Wildberries,Доставлен
503892,2024-04-17,1012.0,1,3060.0,Екатеринбург,Ozon,Доставлен
508532,2024-09-02,1010.0,2,1330.0,Москва,Ozon,Доставлен
506748,2024-07-16,1005.0,1,2350.0,Регионы,Wildberries,Доставлен
504636,2024-05-08,1015.0,1,2530.0,Екатеринбург,Wildberries,Доставлен
508003,2024-08-19,1026.0,1,2630.0,Москва,Ozon,Доставлен
507437,2024-08-05,1015.0,1,2170.0,Регионы,Wildberries,Доставлен
512052,2024-11-27,1025.0,1,2720.0,Регионы,Wildberries,Доставлен
511889,2024-11-24,1007.0,1,1260.0,Регионы,Ozon,Доставлен
508227,2024-08-25,1017.0,1,1690.0,Новосибирск,Ozon,Доставлен
511061,2024-11-08,1016.0,1,2710.0,Москва,Ozon,Доставлен
513490,2024-12-21,1015.0,1,2160.0,Екатеринбург,Ozon,Доставлен
514116,2024-12-31,1022.0,1,1720.0,Регионы,Ozon,Доставлен
506696,2024-07-14,1007.0,1,1120.0,Москва,Ozon,Возврат
507097,2024-07-27,1008.0,1,4520.0,Москва,Wildberries,Доставлен
505000,2024-05-21,1007.0,1,1200.0,Москва,Wildberries,Доставлен
501636,2024-02-23,1007.0,1,1260.0,Санкт-Петербург,Wildberries,Доставлен
504359,2024-04-30,1016.0,2,2700.0,Москва,Wildberries,Доставлен
501917,2024-03-02,1011.0,1,3250.0,Санкт-Петербург,Wildberries,Доставлен
507221,2024-07-30,1024.0,1,2990.0,Регионы,Wildberries,Доставлен
512232,2024-12-01,1008.0,1,4550.0,Регионы,Wildberries,Доставлен
507518,2024-08-07,1024.0,1,3250.0,Москва,Ozon,Доставлен
510474,2024-10-25,1022.0,1,1510.0,Санкт-Петербург,Wildberries,Доставлен
513857,2024-12-27,1024.0,1,3670.0,Новосибирск,Wildberries,Доставлен
513173,2024-12-16,1006.0,1,3840.0,Санкт-Петербург,Ozon,Возврат
510361,2024-10-22,1007.0,2,1310.0,Санкт-Петербург,Ozon,Доставлен
507804,2024-08-14,1024.0,1,3550.0,Регионы,Wildberries,Доставлен
506266,2024-06-30,1021.0,1,1410.0,Москва,Wildberries,Доставлен
502838,2024-03-22,1001.0,1,1370.0,Новосибирск,Ozon,Доставлен
503681,2024-04-11,1015.0,1,2450.0,Москва,Wildberries,Доставлен
500498,2024-01-18,1016.0,3,2680.0,Регионы,Ozon,Доставлен
501860,2024-03-01,1011.0,2,3290.0,Москва,Wildberries,Возврат
505104,2024-05-25,1004.0,1,2600.0,Регионы,Wildberries,Доставлен
500171,2024-01-06,1004.0,1,2690.0,Москва,Ozon,Доставлен
506256,2024-06-30,1013.0,1,2230.0,Регионы,Ozon,Доставлен
509190,2024-09-19,1004.0,3,2430.0,Москва,Ozon,Доставлен
503684,2024-04-11,1020.0,1,1500.0,Москва,Ozon,Доставлен
509855,2024-10-06,1016.0,1,2670.0,Регионы,Wildberries,Доставлен
511074,2024-11-08,1024.0,2,3460.0,Регионы,Wildberries,Доставлен
512771,2024-12-10,1002.0,1,3490.0,Новосибирск,Ozon,Доставлен
506874,2024-07-19,1022.0,1,1690.0,Новосибирск,Wildberries,Доставлен
500235,2024-01-08,1010.0,1,1310.0,Регионы,Wildberries,Возврат
503524,2024-04-06,1023.0,1,1000.0,Регионы,Wildberries,Доставлен
507355,2024-08-03,1012.0,2,2720.0,Регионы,Wildberries,Отменён
502082,2024-03-05,1017.0,1,1590.0,Санкт-Петербург,Ozon,Доставлен
511452,2024-11-16,1005.0,2,2680.0,Москва,Wildberries,Доставлен
509310,2024-09-22,1001.0,1,1270.0,Регионы,Ozon,Доставлен
504047,2024-04-21,1012.0,1,2790.0,Регионы,Ozon,Доставлен
506970,2024-07-22,1024.0,2,3460.0,Екатеринбург,Ozon,Доставлен
500199,2024-01-06,1025.0,1,3010.0,Москва,Ozon,Доставлен
510017,2024-10-11,1018.0,1,800.0,Регионы,Ozon,Доставлен
506160,2024-06-27,1008.0,3,4560.0,Москва,Ozon,Доставлен
509508,2024-09-26,1023.0,1,1050.0,Москва,Wildberries,Доставлен
504013,2024-04-20,1015.0,1,2390.0,Новосибирск,Wildberries,Доставлен
503669,2024-04-11,1007.0,1,1130.0,Москва,Wildberries,Доставлен
505791,2024-06-16,1010.0,1,1200.0,Новосибирск,Ozon,Доставлен
505941,2024-06-20,1007.0,1,1210.0,Регионы,Ozon,Доставлен
500548,2024-01-19,1023.0,1,910.0,Новосибирск,Wildberries,Доставлен
511017,2024-11-07,1017.0,1,1650.0,Екатеринбург,Wildberries,Возврат
511544,2024-11-17,1026.0,1,2350.0,Регионы,Wildberries,Доставлен
503205,2024-03-29,1002.0,1,4240.0,Москва,Ozon,Доставлен
500565,2024-01-20,1014.0,1,2660.0,Екатеринбург,Ozon,Доставлен
511466,2024-11-16,1010.0,1,1080.0,Новосибирск,Ozon,Доставлен
506859,2024-07-19,1012.0,1,3260.0,Санкт-Петербург,Wildberries,Доставлен
506971,2024-07-22,1024.0,1,3420.0,Москва,Ozon,Доставлен
511881,2024-11-24,1004.0,2,2500.0,Новосибирск,Ozon,Доставлен
505344,2024-06-01,1021.0,2,1530.0,Регионы,Wildberries,Доставлен
512144,2024-11-29,1016.0,1,2550.0,Регионы,Wildberries,Доставлен
506873,2024-07-19,1020.0,1,1540.0,Регионы,Ozon,Возврат
508035,2024-08-21,1001.0,1,1190.0,Москва,Wildberries,Доставлен
506756,2024-07-16,1012.0,1,3160.0,Екатеринбург,Ozon,Доставлен
500238,2024-01-08,1014.0,1,2720.0,Санкт-Петербург,Wildberries,Возврат
509243,2024-09-20,1015.0,1,2210.0,Регионы,Wildberries,Возврат
504801,2024-05-14,1007.0,2,1100.0,Регионы,Ozon,Доставлен
506813,2024-07-17,1025.0,1,2860.0,Регионы,Ozon,Доставлен
513825,2024-12-27,1007.0,1,1260.0,Санкт-Петербург,Wildberries,Доставлен
505429,2024-06-04,1017.0,1,1380.0,Регионы,Ozon,Возврат
503396,2024-04-02,1005.0,1,2810.0,Москва,Wildberries,Доставлен
511280,2024-11-13,1001.0,1,1270.0,Новосибирск,Wildberries,Отменён
512919,2024-12-12,1001.0,1,1290.0,Екатеринбург,Wildberries,Возврат
503848,2024-04-16,1002.0,1,3330.0,Екатеринбург,Wildberries,Доставлен
507598,2024-08-09,1018.0,1,740.0,Екатеринбург,Wildberries,Доставлен
507983,2024-08-19,1018.0,1,830.0,Москва,Wildberries,Доставлен
507498,2024-08-07,1012.0,2,2950.0,Москва,Ozon,Доставлен
508491,2024-09-01,1003.0,1,3050.0,Новосибирск,Ozon,Доставлен
509309,2024-09-22,1001.0,1,1190.0,Регионы,Wildberries,Доставлен
509996,2024-10-11,1007.0,1,1150.0,Москва,Ozon,Возврат
512558,2024-12-06,1022.0,1,1720.0,Новосибирск,Wildberries,Доставлен
509631,2024-09-29,1026.0,2,2150.0,Регионы,Wildberries,Возврат
505708,2024-06-13,1017.0,1,1620.0,Регионы,Ozon,Доставлен
504337,2024-04-29,1023.0,1,950.0,Регионы,Ozon,Доставлен
513404,2024-12-20,1003.0,2,3270.0,Екатеринбург,Wildberries,Доставлен
505255,2024-05-29,1026.0,2,2560.0,Регионы,Wildberries,Возврат
509510,2024-09-26,1024.0,1,2950.0,Регионы,Wildberries,Отменён
500456,2024-01-17,1007.0,1,1060.0,Новосибирск,Ozon,Доставлен
506436,2024-07-06,1008.0,1,4130.0,Санкт-Петербург,Ozon,Доставлен
509665,2024-09-30,1022.0,1,1700.0,Регионы,Ozon,Доставлен
500106,2024-01-04,1008.0,1,4010.0,Москва,Wildberries,Доставлен
501894,2024-03-01,1026.0,2,2640.0,Москва,Wildberries,Доставлен
504824,2024-05-15,1015.0,1,2110.0,Санкт-Петербург,Wildberries,Доставлен
507600,2024-08-09,1018.0,1,750.0,Москва,Wildberries,Доставлен
511738,2024-11-21,1013.0,1,2370.0,Санкт-Петербург,Wildberries,Доставлен
500823,2024-01-29,1026.0,1,2180.0,Регионы,Wildberries,Доставлен
510898,2024-11-04,1022.0,1,1580.0,Регионы,Wildberries,Возврат
505712,2024-06-13,1019.0,1,2110.0,Новосибирск,Wildberries,Доставлен
507577,2024-08-09,1008.0,1,4370.0,,Ozon,Доставлен
509198,2024-09-19,1009.0,2,1920.0,Санкт-Петербург,Ozon,Доставлен
504293,2024-04-28,1014.0,2,2410.0,Москва,Ozon,Доставлен
509008,2024-09-14,1006.0,1,4260.0,Москва,Wildberries,Доставлен
502654,2024-03-17,1020.0,1,1530.0,Санкт-Петербург,Wildberries,Доставлен
511731,2024-11-21,1010.0,2,1290.0,Регионы,Ozon,Доставлен
511172,2024-11-10,1024.0,1,3040.0,Регионы,Ozon,Доставлен
509603,2024-09-29,1009.0,1,1980.0,Москва,Wildberries,Возврат
506122,2024-06-26,1003.0,1,3260.0,Новосибирск,Wildberries,Доставлен
506337,2024-07-02,1026.0,1,2200.0,Регионы,Wildberries,Доставлен
502073,2024-03-05,1013.0,1,2450.0,Регионы,Wildberries,Доставлен
506861,2024-07-19,1014.0,1,2330.0,Санкт-Петербург,Ozon,Доставлен
508819,2024-09-09,1001.0,1,1260.0,Москва,Ozon,Доставлен
508138,2024-08-23,1013.0,1,2490.0,Новосибирск,Wildberries,Доставлен
506371,2024-07-04,1002.0,1,4090.0,Санкт-Петербург,Ozon,Доставлен
509557,2024-09-28,1006.0,1,4190.0,Москва,Wildberries,Доставлен
506553,2024-07-09,1022.0,1,1390.0,Санкт-Петербург,Ozon,Доставлен
508216,2024-08-25,1012.0,1,2950.0,Санкт-Петербург,Ozon,Доставлен
513187,2024-12-16,1012.0,2,2970.0,Москва,Wildberries,Доставлен
514021,2024-12-30,1009.0,1,1670.0,Екатеринбург,Wildberries,Доставлен
513537,2024-12-22,1010.0,2,1280.0,Москва,Wildberries,Отменён
512544,2024-12-06,1010.0,2,1280.0,Регионы,Ozon,Доставлен
504527,2024-05-05,1014.0,1,2390.0,Регионы,Wildberries,Доставлен
508913,2024-09-11,1017.0,1,1700.0,Москва,Wildberries,Доставлен
502844,2024-03-22,1003.0,1,3330.0,Регионы,Ozon,Отменён
511053,2024-11-08,1011.0,1,3770.0,Регионы,Wildberries,Доставлен
505775,2024-06-15,1020.0,1,1570.0,Регионы,Wildberries,Доставлен
511761,2024-11-22,1001.0,1,1390.0,Санкт-Петербург,Wildberries,Доставлен
506412,2024-07-05,1010.0,2,1330.0,Санкт-Петербург,Wildberries,Отменён
514029,2024-12-30,1011.0,2,3700.0,Регионы,Wildberries,Доставлен
502878,2024-03-22,1018.0,2,830.0,Екатеринбург,Wildberries,Возврат
505402,2024-06-03,1021.0,1,1630.0,Санкт-Петербург,Ozon,Доставлен
504168,2024-04-25,1001.0,1,1310.0,Санкт-Петербург,Wildberries,Доставлен
503910,2024-04-18,1003.0,2,2950.0,Регионы,Ozon,Доставлен
507808,2024-08-15,1003.0,1,2980.0,Новосибирск,Ozon,Доставлен
501211,2024-02-10,1015.0,1,2400.0,Москва,Wildberries,Доставлен
506244,2024-06-30,1003.0,1,3320.0,Москва,Wildberries,Доставлен
500179,2024-01-06,1007.0,1,1040.0,Москва,Ozon,Доставлен
512821,2024-12-10,1020.0,2,1420.0,Екатеринбург,Wildberries,Доставлен
500620,2024-01-22,1014.0,3,2500.0,Москва,Wildberries,Доставлен
510711,2024-10-31,1024.0,1,3740.0,Екатеринбург,Wildberries,Доставлен
509727,2024-10-02,1012.0,1,2800.0,Москва,Ozon,Доставлен
502624,2024-03-16,1024.0,1,3730.0,Регионы,Wildberries,Доставлен
502561,2024-03-15,1012.0,1,3310.0,Екатеринбург,Ozon,Доставлен
512303,2024-12-02,1012.0,1,2700.0,Регионы,Ozon,Доставлен
511477,2024-11-16,1017.0,1,1740.0,Москва,Ozon,Доставлен
512228,2024-12-01,1007.0,1,1220.0,Регионы,Wildberries,Доставлен
504190,2024-04-25,1021.0,1,1380.0,Санкт-Петербург,Ozon,Возврат
500311,2024-01-11,1011.0,1,4010.0,Регионы,Wildberries,Доставлен
511650,2024-11-19,1026.0,1,2540.0,Новосибирск,Ozon,Доставлен
504239,2024-04-27,1002.0,1,4010.0,Новосибирск,Ozon,Доставлен
512531,2024-12-06,1006.0,1,3790.0,Екатеринбург,Wildberries,Доставлен
508983,2024-09-13,1017.0,2,1700.0,Регионы,Ozon,Доставлен
510373,2024-10-22,1016.0,1,2810.0,Москва,Ozon,Доставлен
501933,2024-03-02,1024.0,1,3400.0,Новосибирск,Ozon,Доставлен
503036,2024-03-25,1025.0,1,2880.0,Регионы,Ozon,Доставлен
505703,2024-06-13,1015.0,1,2530.0,Санкт-Петербург,Wildberries,Отменён
512596,2024-12-07,1009.0,1,1750.0,Москва,Ozon,Доставлен
513048,2024-12-14,1008.0,1,4720.0,Регионы,Wildberries,Доставлен
506605,2024-07-11,1014.0,1,2350.0,Регионы,Wildberries,Доставлен
511554,2024-11-18,1004.0,1,2420.0,Регионы,Wildberries,Доставлен
508807,2024-09-08,1018.0,2,740.0,Москва,Wildberries,Доставлен
508233,2024-08-25,1019.0,2,2170.0,Регионы,Wildberries,Доставлен
505982,2024-06-21,1013.0,1,2300.0,Новосибирск,Wildberries,Доставлен
513510,2024-12-21,1026.0,1,2420.0,Москва,Ozon,Доставлен
507645,2024-08-10,1023.0,1,970.0,Регионы,Wildberries,Доставлен
507932,2024-08-18,1010.0,1,1230.0,Москва,Ozon,Доставлен
504814,2024-05-14,1024.0,1,3370.0,Регионы,Wildberries,Доставлен
512277,2024-12-02,1003.0,1,3520.0,Екатеринбург,Wildberries,Доставлен
512086,2024-11-28,1015.0,1,2450.0,Новосибирск,Ozon,Доставлен
513645,2024-12-24,1007.0,1,1210.0,Новосибирск,Wildberries,Доставлен
512697,2024-12-08,1020.0,1,1400.0,Москва,Wildberries,Доставлен
507450,2024-08-05,1022.0,1,1710.0,Москва,Wildberries,Доставлен
507601,2024-08-09,1018.0,1,770.0,Москва,Wildberries,Доставлен
508720,2024-09-06,1022.0,1,1530.0,Екатеринбург,Ozon,Доставлен
503490,2024-04-05,1016.0,1,2410.0,Екатеринбург,Wildberries,Доставлен
506150,2024-06-26,1024.0,1,2990.0,Екатеринбург,Ozon,Отменён
503296,2024-03-30,1025.0,1,2590.0,Москва,Wildberries,Доставлен
505754,2024-06-15,1006.0,1,4390.0,Новосибирск,Wildberries,Доставлен
502319,2024-03-10,1016.0,1,2620.0,Регионы,Ozon,Доставлен
506044,2024-06-23,1009.0,1,1780.0,Екатеринбург,Ozon,Доставлен
502692,2024-03-18,1017.0,1,1570.0,Регионы,Ozon,Доставлен
504449,2024-05-03,1001.0,1,1150.0,Санкт-Петербург,Wildberries,Доставлен
506847,2024-07-18,1022.0,1,1620.0,Санкт-Петербург,Wildberries,Отменён
511155,2024-11-10,1014.0,2,2360.0,Москва,Wildberries,Доставлен
512968,2024-12-12,1024.0,1,3520.0,Санкт-Петербург,Wildberries,Доставлен
504621,2024-05-08,1006.0,1,4570.0,Новосибирск,Wildberries,Доставлен
503972,2024-04-19,1014.0,1,2340.0,Москва,Ozon,Доставлен
513106,2024-12-15,1004.0,1,2460.0,Регионы,Ozon,Доставлен
500911,2024-02-02,1002.0,1,3460.0,Регионы,Ozon,Доставлен
508146,2024-08-23,1019.0,1,2360.0,Москва,Wildberries,Доставлен
510198,2024-10-17,1011.0,1,3940.0,Санкт-Петербург,Wildberries,Отменён
504600,2024-05-07,1020.0,1,1490.0,Новосибирск,Ozon,Доставлен
500559,2024-01-20,1008.0,2,4310.0,Екатеринбург,Wildberries,Доставлен
500125,2024-01-04,1024.0,1,3540.0,Регионы,Wildberries,Доставлен
509663,2024-09-30,1021.0,1,1600.0,Санкт-Петербург,Ozon,Доставлен
505650,2024-06-11,1017.0,2,1530.0,Москва,Wildberries,Доставлен
505381,2024-06-02,1021.0,1,1720.0,Санкт-Петербург,Wildberries,Доставлен
511043,2024-11-08,1006.0,1,4440.0,Москва,Wildberries,Возврат
512015,2024-11-27,1006.0,1,3880.0,Регионы,Wildberries,Доставлен
509967,2024-10-10,1009.0,1,1850.0,Екатеринбург,Wildberries,Доставлен
509405,2024-09-24,1009.0,1,1960.0,Москва,Wildberries,Доставлен
501184,2024-02-09,1019.0,1,2100.0,Москва,Ozon,Доставлен
500225,2024-01-08,1002.0,1,3480.0,Санкт-Петербург,Wildberries,Доставлен
510924,2024-11-05,1011.0,1,3570.0,Москва,Ozon,Доставлен
513742,2024-12-25,1023.0,1,930.0,Санкт-Петербург,Wildberries,Доставлен
501952,2024-03-03,1003.0,1,3640.0,Регионы,Wildberries,Доставлен
500429,2024-01-16,1005.0,2,2590.0,Москва,Wildberries,Доставлен
513978,2024-12-29,1018.0,1,790.0,Регионы,Wildberries,Доставлен
501372,2024-02-15,1003.0,2,3630.0,Екатеринбург,Wildberries,Доставлен
504781,2024-05-13,1010.0,1,1250.0,Новосибирск,Wildberries,Доставлен
509020,2024-09-14,1013.0,1,2160.0,Москва,Wildberries,Отменён
503310,2024-03-31,1005.0,1,2290.0,Новосибирск,Ozon,Доставлен
510616,2024-10-29,1005.0,1,2430.0,Санкт-Петербург,Ozon,Возврат
512610,2024-12-07,1015.0,1,2250.0,Екатеринбург,Ozon,Доставлен
503745,2024-04-13,1013.0,1,2150.0,Санкт-Петербург,Wildberries,Отменён
512885,2024-12-11,1016.0,1,2540.0,Санкт-Петербург,Wildberries,Возврат
505338,2024-06-01,1016.0,1,2700.0,Регионы,Wildberries,Доставлен
509864,2024-10-06,1024.0,1,3640.0,Новосибирск,Wildberries,Доставлен
505557,2024-06-08,1022.0,1,1500.0,Москва,Wildberries,Возврат
505494,2024-06-06,1013.0,1,2420.0,Санкт-Петербург,Wildberries,Доставлен
501278,2024-02-12,1011.0,1,3980.0,Москва,Ozon,Доставлен
500746,2024-01-27,1007.0,1,1080.0,Санкт-Петербург,Ozon,Доставлен
504694,2024-05-10,1019.0,1,2230.0,Москва,Ozon,Доставлен
500142,2024-01-05,1013.0,1,2190.0,Регионы,Ozon,Доставлен
512637,2024-12-07,1026.0,1,2260.0,Санкт-Петербург,Wildberries,Доставлен
502249,2024-03-08,1025.0,1,2750.0,Регионы,Wildberries,Доставлен
500455,2024-01-17,1006.0,3,4550.0,Москва,Ozon,Доставлен
504869,2024-05-17,1005.0,1,2440.0,Санкт-Петербург,Ozon,Доставлен
508699,2024-09-06,1002.0,1,3780.0,Санкт-Петербург,Wildberries,Возврат
505017,2024-05-21,1021.0,2,1530.0,Москва,Wildberries,Доставлен
508633,2024-09-04,1022.0,1,1460.0,Регионы,Ozon,Доставлен
512345,2024-12-03,1002.0,1,3700.0,Москва,Wildberries,Доставлен
512512,2024-12-05,1024.0,1,3610.0,Москва,Wildberries,Доставлен
511938,2024-11-25,1008.0,2,4350.0,Новосибирск,Wildberries,Доставлен
501828,2024-02-29,1012.0,2,2820.0,Новосибирск,Wildberries,Доставлен
507635,2024-08-10,1017.0,2,1570.0,Регионы,Wildberries,Доставлен
508303,2024-08-27,1007.0,1,1250.0,Новосибирск,Ozon,Отменён
509162,2024-09-18,1008.0,1,4640.0,Регионы,Wildberries,Возврат
502997,2024-03-25,1003.0,1,3180.0,Регионы,Wildberries,Доставлен
512645,2024-12-08,1002.0,1,3970.0,Санкт-Петербург,Ozon,Отменён
512916,2024-12-11,1025.0,1,2920.0,Новосибирск,Wildberries,Доставлен
509177,2024-09-18,1020.0,2,1310.0,Новосибирск,Ozon,Доставлен
512600,2024-12-07,1009.0,1,2000.0,Регионы,Ozon,Доставлен
501746,2024-02-26,1019.0,1,2230.0,Москва,Ozon,Доставлен
505802,2024-06-16,1016.0,1,2560.0,Москва,Ozon,Доставлен
509775,2024-10-03,1025.0,1,3230.0,Москва,Wildberries,Возврат
502448,2024-03-13,1003.0,1,3050.0,Регионы,Wildberries,Доставлен
505939,2024-06-20,1006.0,2,4430.0,Регионы,Wildberries,Доставлен
506966,2024-07-22,1019.0,1,2270.0,Санкт-Петербург,Ozon,Доставлен
512871,2024-12-11,1010.0,1,1380.0,Москва,Wildberries,Возврат
511666,2024-11-20,1006.0,1,4300.0,Москва,Wildberries,Доставлен
512099,2024-11-28,1024.0,1,3150.0,Санкт-Петербург,Wildberries,Доставлен
500377,2024-01-13,1026.0,1,2350.0,Регионы,Ozon,Доставлен
513653,2024-12-24,1010.0,2,1200.0,Регионы,Wildberries,Доставлен
508398,2024-08-29,1024.0,1,3440.0,Регионы,Ozon,Доставлен
506308,2024-07-02,1006.0,1,4540.0,Новосибирск,Ozon,Доставлен
510387,2024-10-23,1003.0,1,3490.0,Регионы,Wildberries,Возврат
505473,2024-06-05,1022.0,1,1440.0,Санкт-Петербург,Wildberries,Возврат
509460,2024-09-25,1019.0,1,2030.0,Москва,Wildberries,Доставлен
510959,2024-11-06,1008.0,1,4700.0,Регионы,Wildberries,Доставлен
502179,2024-03-07,1012.0,2,2840.0,Регионы,Wildberries,Доставлен
508190,2024-08-24,1021.0,1,1570.0,Санкт-Петербург,Wildberries,Возврат
506033,2024-06-23,1005.0,2,2550.0,Новосибирск,Wildberries,Доставлен
503702,2024-04-12,1007.0,1,1310.0,Регионы,Ozon,Возврат
513657,2024-12-24,1012.0,1,2790.0,Санкт-Петербург,Ozon,Отменён
500419,2024-01-15,1019.0,2,1990.0,Регионы,Wildberries,Доставлен
508476,2024-08-31,1019.0,1,2330.0,Екатеринбург,Wildberries,Доставлен
507923,2024-08-18,1005.0,1,2650.0,Санкт-Петербург,Ozon,Доставлен
503551,2024-04-07,1021.0,1,1620.0,Регионы,Wildberries,Доставлен
500872,2024-01-31,1017.0,1,1540.0,Санкт-Петербург,Wildberries,Доставлен
502146,2024-03-06,1023.0,1,1030.0,Екатеринбург,Ozon,Возврат
511198,2024-11-11,1011.0,1,3180.0,Регионы,Ozon,Доставлен
500355,2024-01-12,1026.0,1,2520.0,Регионы,Ozon,Доставлен
511417,2024-11-15,1011.0,1,3540.0,Новосибирск,Wildberries,Доставлен
510492,2024-10-26,1007.0,2,1190.0,Регионы,Wildberries,Доставлен
509333,2024-09-22,1017.0,2,1580.0,Москва,Wildberries,Доставлен
505693,2024-06-13,1005.0,1,2240.0,Регионы,Wildberries,Доставлен
510534,2024-10-27,1001.0,1,1260.0,Регионы,Ozon,Доставлен
505566,2024-06-09,1006.0,1,4040.0,Москва,Ozon,Доставлен
509936,2024-10-09,1001.0,1,1200.0,Регионы,Wildberries,Доставлен
505698,2024-06-13,1011.0,1,3570.0,Санкт-Петербург,Wildberries,Доставлен
504187,2024-04-25,1020.0,1,1490.0,Москва,Wildberries,Доставлен
511921,2024-11-24,1024.0,1,3020.0,Регионы,Wildberries,Доставлен
504555,2024-05-06,1011.0,1,3690.0,Санкт-Петербург,Ozon,Доставлен
510216,2024-10-17,1024.0,2,3490.0,Москва,Wildberries,Доставлен
512798,2024-12-10,1011.0,3,3340.0,Москва,Wildberries,Доставлен
509831,2024-10-05,1024.0,2,3010.0,Санкт-Петербург,Wildberries,Доставлен
508971,2024-09-13,1009.0,1,1950.0,Москва,Wildberries,Доставлен
512507,2024-12-05,1019.0,1,2060.0,Екатеринбург,Ozon,Доставлен
503736,2024-04-13,1005.0,3,2470.0,Санкт-Петербург,Ozon,Доставлен
500376,2024-01-13,1023.0,2,930.0,Новосибирск,Wildberries,Доставлен
503631,2024-04-10,1003.0,1,3540.0,Регионы,Ozon,Доставлен
510249,2024-10-18,1018.0,3,740.0,Регионы,Wildberries,Доставлен
507043,2024-07-25,1017.0,1,1380.0,Москва,Ozon,Доставлен
513491,2024-12-21,1016.0,1,2290.0,Санкт-Петербург,Wildberries,Доставлен
512443,2024-12-04,1022.0,1,1430.0,Регионы,Ozon,Доставлен
501169,2024-02-09,1005.0,1,2730.0,Санкт-Петербург,Ozon,Доставлен
511899,2024-11-24,1009.0,1,1870.0,Екатеринбург,Ozon,Доставлен
501903,2024-03-02,1003.0,1,3490.0,Санкт-Петербург,Wildberries,Доставлен
500631,2024-01-22,1021.0,1,1600.0,Регионы,Ozon,Доставлен
504605,2024-05-07,1022.0,1,1630.0,Москва,Wildberries,Доставлен
513462,2024-12-21,1004.0,1,2270.0,Москва,Ozon,Отменён
502595,2024-03-16,1002.0,1,3490.0,Москва,Wildberries,Доставлен
507939,2024-08-18,1013.0,2,2440.0,Санкт-Петербург,Ozon,Доставлен
500177,2024-01-06,1006.0,1,4080.0,Москва,Wildberries,Доставлен
507616,2024-08-09,1025.0,1,2630.0,Новосибирск,Wildberries,Доставлен
503898,2024-04-17,1018.0,2,730.0,Регионы,Wildberries,Возврат
509407,2024-09-24,1010.0,1,1350.0,Регионы,Wildberries,Доставлен
510564,2024-10-27,1022.0,1,1580.0,Москва,Wildberries,Доставлен
507414,2024-08-04,1022.0,1,1530.0,Новосибирск,Ozon,Доставлен
513708,2024-12-25,1009.0,1,1700.0,Екатеринбург,Wildberries,Доставлен
503787,2024-04-14,1010.0,1,1270.0,Регионы,Wildberries,Доставлен
503934,2024-04-18,1020.0,1,1500.0,Регионы,Wildberries,Доставлен
501551,2024-02-20,1026.0,1,2610.0,Регионы,Ozon,Доставлен
512901,2024-12-11,1021.0,1,1420.0,Новосибирск,Ozon,Доставлен
508318,2024-08-27,1020.0,1,1520.0,Москва,Wildberries,Доставлен
503367,2024-04-01,1012.0,1,2700.0,Екатеринбург,Wildberries,Доставлен
501600,2024-02-22,1005.0,1,2790.0,Новосибирск,Wildberries,Доставлен
509695,2024-10-01,1014.0,1,2340.0,Москва,Wildberries,Доставлен
505749,2024-06-15,1003.0,1,3600.0,Санкт-Петербург,Wildberries,Доставлен
513513,2024-12-22,1002.0,2,3610.0,Екатеринбург,Ozon,Доставлен
507868,2024-08-16,1017.0,1,1690.0,Москва,Wildberries,Доставлен
510207,2024-10-17,1017.0,1,1400.0,Екатеринбург,Wildberries,Доставлен
503206,2024-03-29,1002.0,1,3630.0,Санкт-Петербург,Wildberries,Доставлен
502510,2024-03-14,1014.0,1,2180.0,Екатеринбург,Wildberries,Доставлен
511050,2024-11-08,1010.0,1,1240.0,Москва,Wildberries,Доставлен
502440,2024-03-12,1026.0,1,2180.0,Екатеринбург,Wildberries,Доставлен
504531,2024-05-05,1016.0,1,2220.0,Санкт-Петербург,Wildberries,Доставлен
511707,2024-11-20,1023.0,1,980.0,Регионы,Wildberries,Доставлен
501417,2024-02-16,1011.0,1,3880.0,Москва,Ozon,Отменён
505261,2024-05-30,1004.0,1,2310.0,Регионы,Ozon,Доставлен
510869,2024-11-03,1024.0,1,3700.0,Регионы,Wildberries,Доставлен
501416,2024-02-16,1011.0,2,3840.0,Москва,Wildberries,Доставлен
504332,2024-04-29,1020.0,2,1570.0,Новосибирск,Wildberries,Возврат
504397,2024-05-01,1016.0,1,2720.0,Санкт-Петербург,Ozon,Доставлен
508558,2024-09-03,1003.0,1,3500.0,Регионы,Ozon,Доставлен
505926,2024-06-19,1016.0,1,2270.0,Москва,Wildberries,Отменён
513711,2024-12-25,1009.0,1,1940.0,Новосибирск,Wildberries,Отменён
511507,2024-11-17,1009.0,1,1600.0,Екатеринбург,Wildberries,Доставлен
506609,2024-07-11,1018.0,1,720.0,Регионы,Wildberries,Доставлен
511839,2024-11-23,1011.0,1,3560.0,Регионы,Ozon,Доставлен
504959,2024-05-19,1023.0,1,860.0,Новосибирск,Wildberries,Доставлен
513826,2024-12-27,1007.0,3,1230.0,Новосибирск,Ozon,Доставлен
513832,2024-12-27,1009.0,1,1960.0,Новосибирск,Wildberries,Возврат
513529,2024-12-22,1007.0,1,1080.0,Москва,Wildberries,Доставлен
505237,2024-05-29,1008.0,1,4320.0,Екатеринбург,Wildberries,Доставлен
500873,2024-01-31,1017.0,3,1580.0,Санкт-Петербург,Wildberries,Доставлен
500936,2024-02-02,1022.0,1,1650.0,Санкт-Петербург,Ozon,Доставлен
506455,2024-07-06,1020.0,1,1380.0,Москва,Ozon,Доставлен
510862,2024-11-03,1021.0,2,1380.0,Регионы,Wildberries,Доставлен
502264,2024-03-09,1005.0,2,2710.0,Екатеринбург,Wildberries,Доставлен
501934,2024-03-02,1024.0,1,3230.0,Новосибирск,Wildberries,Доставлен
510980,2024-11-06,1023.0,1,930.0,Екатеринбург,Wildberries,Доставлен
509697,2024-10-01,1015.0,1,2330.0,Москва,Ozon,Отменён
511502,2024-11-17,1006.0,1,4330.0,Регионы,Wildberries,Доставлен
500929,2024-02-02,1015.0,1,2270.0,Санкт-Петербург,Wildberries,Возврат
506010,2024-06-22,1012.0,1,3100.0,Регионы,Wildberries,Доставлен
504378,2024-05-01,1006.0,2,3860.0,Москва,Wildberries,Возврат
512991,2024-12-13,1009.0,1,1880.0,Санкт-Петербург,Wildberries,Возврат
512869,2024-12-11,1010.0,1,1370.0,Москва,Wildberries,Возврат
511179,2024-11-11,1001.0,1,1330.0,Москва,Wildberries,Доставлен
509771,2024-10-03,1020.0,1,1300.0,Новосибирск,Wildberries,Доставлен
504436,2024-05-02,1019.0,1,2370.0,Екатеринбург,Wildberries,Доставлен
513933,2024-12-28,1024.0,1,3190.0,Москва,Wildberries,Возврат
500898,2024-02-01,1016.0,1,2470.0,Москва,Wildberries,Доставлен
503957,2024-04-19,1007.0,2,1250.0,Санкт-Петербург,Wildberries,Доставлен
512316,2024-12-02,1017.0,1,1640.0,Регионы,Wildberries,Доставлен
500725,2024-01-26,1012.0,2,3260.0,Регионы,Ozon,Доставлен
503019,2024-03-25,1017.0,1,1600.0,Регионы,Ozon,Доставлен
508995,2024-09-13,1024.0,2,3460.0,Москва,Wildberries,Доставлен
510111,2024-10-14,1022.0,1,1700.0,Москва,Ozon,Доставлен
505253,2024-05-29,1024.0,1,3580.0,Екатеринбург,Wildberries,Доставлен
500569,2024-01-20,1018.0,1,730.0,Санкт-Петербург,Ozon,Доставлен
508399,2024-08-29,1025.0,2,2610.0,Санкт-Петербург,Ozon,Доставлен
503100,2024-03-27,1003.0,1,3060.0,Москва,Wildberries,Возврат
504548,2024-05-06,1002.0,1,3800.0,Москва,Wildberries,Доставлен
512936,2024-12-12,1009.0,1,1770.0,Регионы,Ozon,Доставлен
508262,2024-08-26,1012.0,1,2640.0,Новосибирск,Ozon,Возврат
512969,2024-12-12,1024.0,1,3200.0,Москва,Wildberries,Доставлен
500993,2024-02-04,1007.0,1,1070.0,Москва,Ozon,Доставлен
503374,2024-04-01,1016.0,1,2340.0,Санкт-Петербург,Wildberries,Доставлен
502167,2024-03-07,1006.0,1,4260.0,Москва,Ozon,Доставлен
506974,2024-07-23,1002.0,1,3450.0,,Wildberries,Доставлен
505316,2024-05-31,1025.0,1,2990.0,Москва,Ozon,Доставлен
511114,2024-11-09,1018.0,1,830.0,Регионы,Wildberries,Отменён
504031,2024-04-20,1024.0,1,3200.0,Санкт-Петербург,Wildberries,Доставлен
509051,2024-09-15,1011.0,1,3900.0,Екатеринбург,Ozon,Возврат
508658,2024-09-05,1007.0,1,1060.0,Москва,Ozon,Доставлен
508037,2024-08-21,1001.0,1,1160.0,Регионы,Ozon,Доставлен
506134,2024-06-26,1015.0,1,2520.0,Новосибирск,Wildberries,Возврат
507986,2024-08-19,1019.0,1,2250.0,Москва,Wildberries,Доставлен
508489,2024-09-01,1002.0,1,4220.0,Москва,Wildberries,Доставлен
512823,2024-12-10,1021.0,1,1400.0,Регионы,Ozon,Доставлен
509551,2024-09-28,1003.0,1,3120.0,Регионы,Ozon,Доставлен
511809,2024-11-22,1022.0,1,1390.0,Санкт-Петербург,Ozon,Доставлен
513960,2024-12-29,1008.0,1,4910.0,Москва,Ozon,Доставлен
513836,2024-12-27,1010.0,1,1200.0,Москва,Wildberries,Доставлен
510598,2024-10-28,1015.0,1,2270.0,Москва,Wildberries,Доставлен
511213,2024-11-11,1021.0,2,1420.0,Москва,Wildberries,Доставлен
504676,2024-05-10,1010.0,1,1190.0,Москва,Wildberries,Доставлен
507357,2024-08-03,1012.0,1,3020.0,Регионы,Wildberries,Доставлен
509001,2024-09-14,1002.0,1,3460.0,Санкт-Петербург,Wildberries,Доставлен
503903,2024-04-17,1023.0,1,960.0,Регионы,Wildberries,Доставлен
500614,2024-01-22,1008.0,2,3980.0,Москва,Ozon,Доставлен
502091,2024-03-05,1025.0,1,2760.0,Новосибирск,Wildberries,Доставлен
500720,2024-01-26,1009.0,1,2000.0,Москва,Wildberries,Возврат
509448,2024-09-25,1005.0,1,2620.0,Москва,Ozon,Доставлен
510347,2024-10-21,1015.0,1,2260.0,Москва,Wildberries,Доставлен
509480,2024-09-26,1004.0,1,2680.0,Москва,Wildberries,Доставлен
507453,2024-08-05,1023.0,1,1060.0,Москва,Wildberries,Доставлен
510107,2024-10-14,1019.0,1,2330.0,Санкт-Петербург,Wildberries,Доставлен
506417,2024-07-05,1013.0,1,2540.0,Регионы,Wildberries,Доставлен
506398,2024-07-05,1002.0,3,3660.0,Регионы,Ozon,Доставлен
512811,2024-12-10,1015.0,1,2310.0,Москва,Wildberries,Доставлен
502184,2024-03-07,1014.0,1,2510.0,Москва,Wildberries,Доставлен
505119,2024-05-25,1013.0,1,2330.0,Санкт-Петербург,Wildberries,Доставлен
507448,2024-08-05,1021.0,1,1370.0,Екатеринбург,Wildberries,Доставлен
506762,2024-07-16,1017.0,1,1490.0,Регионы,Wildberries,Доставлен
513035,2024-12-14,1004.0,3,2660.0,Москва,Wildberries,Возврат
508763,2024-09-07,1020.0,1,1520.0,Новосибирск,Wildberries,Возврат
508339,2024-08-28,1004.0,1,2800.0,Санкт-Петербург,Wildberries,Доставлен
507921,2024-08-18,1004.0,1,2370.0,Регионы,Wildberries,Доставлен
504036,2024-04-21,1003.0,1,3530.0,Санкт-Петербург,Wildberries,Возврат
510826,2024-11-03,1004.0,1,2560.0,Новосибирск,Ozon,Доставлен
511303,2024-11-13,1009.0,1,1650.0,Москва,Ozon,Доставлен
502803,2024-03-21,1006.0,3,4380.0,Регионы,Wildberries,Доставлен
513566,2024-12-22,1025.0,1,2630.0,Санкт-Петербург,Wildberries,Доставлен
503896,2024-04-17,1015.0,1,2430.0,Москва,Wildberries,Доставлен
509029,2024-09-14,1021.0,1,1670.0,Санкт-Петербург,Wildberries,Доставлен
507166,2024-07-29,1007.0,1,1170.0,Регионы,Ozon,Доставлен
505476,2024-06-05,1026.0,1,2190.0,Москва,Wildberries,Доставлен
500546,2024-01-19,1023.0,1,1010.0,Регионы,Wildberries,Возврат
510602,2024-10-28,1017.0,1,1410.0,Санкт-Петербург,Wildberries,Доставлен
503210,2024-03-29,1006.0,1,4330.0,Новосибирск,Wildberries,Доставлен
506830,2024-07-18,1012.0,1,2680.0,Екатеринбург,Ozon,Доставлен
511985,2024-11-26,1012.0,1,2800.0,Регионы,Wildberries,Доставлен
500430,2024-01-16,1005.0,1,2360.0,Москва,Wildberries,Доставлен
513453,2024-12-21,1001.0,1,1200.0,Москва,Wildberries,Доставлен
501980,2024-03-03,1020.0,1,1550.0,Екатеринбург,Wildberries,Доставлен
511830,2024-11-23,1008.0,1,4840.0,Новосибирск,Wildberries,Доставлен
502217,2024-03-08,1005.0,1,2750.0,Москва,Wildberries,Отменён
500269,2024-01-09,1024.0,1,3150.0,Москва,Wildberries,Отменён
513605,2024-12-23,1015.0,2,2580.0,Москва,Wildberries,Доставлен
500018,2024-01-01,1011.0,1,3230.0,Екатеринбург,Wildberries,Возврат
506718,2024-07-15,1004.0,1,2280.0,Санкт-Петербург,Wildberries,Возврат
509344,2024-09-22,1025.0,2,2850.0,Москва,Ozon,Доставлен
504875,2024-05-17,1009.0,1,1850.0,Регионы,Wildberries,Доставлен
508445,2024-08-30,1026.0,1,2410.0,Регионы,Wildberries,Доставлен
504740,2024-05-12,1008.0,1,4960.0,Санкт-Петербург,Wildberries,Доставлен
501505,2024-02-19,1013.0,1,2220.0,Москва,Wildberries,Возврат
503470,2024-04-04,1011.0,1,3290.0,Москва,Wildberries,Доставлен
513245,2024-12-17,1011.0,3,3690.0,Санкт-Петербург,Ozon,Доставлен
507425,2024-08-05,1009.0,2,1710.0,Регионы,Wildberries,Доставлен
506367,2024-07-03,1025.0,1,3000.0,Регионы,Ozon,Доставлен
510977,2024-11-06,1018.0,2,830.0,Москва,Ozon,Доставлен
503536,2024-04-07,1006.0,2,4050.0,Новосибирск,Ozon,Доставлен
502161,2024-03-07,1003.0,1,3560.0,Регионы,Wildberries,Возврат
508277,2024-08-26,1018.0,1,750.0,Екатеринбург,Ozon,Доставлен
505608,2024-06-10,1018.0,1,840.0,Москва,Wildberries,Доставлен
513661,2024-12-24,1013.0,1,2540.0,Регионы,Wildberries,Доставлен
501553,2024-02-21,1001.0,1,1180.0,Новосибирск,Ozon,Доставлен
500077,2024-01-03,1019.0,1,2170.0,Москва,Ozon,Доставлен
508192,2024-08-24,1023.0,1,920.0,Санкт-Петербург,Ozon,Доставлен
510985,2024-11-06,1025.0,1,2910.0,Регионы,Wildberries,Доставлен
513178,2024-12-16,1009.0,1,1950.0,Москва,Ozon,Доставлен
511859,2024-11-23,1020.0,1,1400.0,Санкт-Петербург,Ozon,Доставлен
503958,2024-04-19,1007.0,1,1330.0,Регионы,Ozon,Доставлен
511860,2024-11-23,1020.0,1,1590.0,Москва,Ozon,Доставлен
503500,2024-04-05,1024.0,1,3260.0,Регионы,Ozon,Доставлен
501080,2024-02-06,1023.0,1,890.0,Санкт-Петербург,Wildberries,Доставлен
507275,2024-08-01,1012.0,1,2850.0,Москва,Wildberries,Доставлен
503915,2024-04-18,1007.0,1,1170.0,Регионы,Ozon,Доставлен
504944,2024-05-19,1016.0,1,2810.0,Санкт-Петербург,Wildberries,Доставлен
508975,2024-09-13,1012.0,1,2750.0,Регионы,Wildberries,Доставлен
513293,2024-12-18,1003.0,1,3460.0,Москва,Ozon,Доставлен
513185,2024-12-16,1011.0,1,3910.0,Москва,Wildberries,Доставлен
512583,2024-12-07,1005.0,1,2420.0,Регионы,Ozon,Доставлен
511690,2024-11-20,1014.0,1,2650.0,Москва,Ozon,Доставлен
503514,2024-04-06,1018.0,1,730.0,Новосибирск,Ozon,Возврат
504118,2024-04-23,1020.0,1,1550.0,Регионы,Wildberries,Доставлен
512971,2024-12-12,1026.0,1,2530.0,Регионы,Ozon,Отменён
512258,2024-12-01,1019.0,1,2330.0,Москва,Wildberries,Доставлен
508148,2024-08-23,1020.0,2,1600.0,Москва,Ozon,Доставлен
506768,2024-07-16,1018.0,1,820.0,Санкт-Петербург,Wildberries,Доставлен
507326,2024-08-02,1020.0,1,1300.0,Екатеринбург,Wildberries,Доставлен
512192,2024-11-30,1018.0,1,780.0,Москва,Wildberries,Доставлен
513794,2024-12-26,1021.0,1,1600.0,Регионы,Wildberries,Доставлен
509100,2024-09-16,1013.0,1,2360.0,Москва,Wildberries,Возврат
513113,2024-12-15,1006.0,1,3850.0,Москва,Wildberries,Доставлен
503825,2024-04-15,1012.0,1,3200.0,Москва,Wildberries,Отменён
507922,2024-08-18,1005.0,2,2630.0,Москва,Wildberries,Возврат
504331,2024-04-29,1019.0,1,1960.0,Москва,Ozon,Доставлен
502198,2024-03-07,1023.0,1,850.0,Регионы,Wildberries,Доставлен
503968,2024-04-19,1013.0,1,2530.0,Москва,Wildberries,Доставлен
510421,2024-10-24,1004.0,2,2620.0,Екатеринбург,Wildberries,Доставлен
514027,2024-12-30,1011.0,1,3640.0,Москва,Wildberries,Доставлен
506423,2024-07-05,1018.0,1,810.0,Регионы,Wildberries,Возврат
514099,2024-12-31,1013.0,1,2450.0,Санкт-Петербург,Ozon,Доставлен
503280,2024-03-30,1022.0,1,1660.0,Екатеринбург,Ozon,Доставлен
512360,2024-12-03,1011.0,1,3210.0,Санкт-Петербург,Wildberries,Доставлен
506171,2024-06-27,1020.0,1,1270.0,Санкт-Петербург,Wildberries,Доставлен
508875,2024-09-10,1020.0,1,1610.0,Санкт-Петербург,Wildberries,Доставлен
507881,2024-08-16,1019.0,1,2280.0,Новосибирск,Wildberries,Доставлен
512404,2024-12-04,1005.0,1,2750.0,Москва,Ozon,Доставлен
510720,2024-11-01,1002.0,1,3530.0,Регионы,Ozon,Доставлен
513619,2024-12-23,1021.0,1,1560.0,Санкт-Петербург,Wildberries,Доставлен
511219,2024-11-11,1024.0,1,3230.0,Москва,Wildberries,Доставлен
509828,2024-10-05,1024.0,1,3130.0,Санкт-Петербург,Wildberries,Доставлен
510254,2024-10-18,1019.0,1,2210.0,Москва,Wildberries,Доставлен
504154,2024-04-24,1012.0,1,2950.0,Екатеринбург,Ozon,Доставлен
504086,2024-04-22,1017.0,1,1670.0,Регионы,Wildberries,Возврат
510385,2024-10-23,1001.0,1,1340.0,Санкт-Петербург,Wildberries,Доставлен
501473,2024-02-18,1007.0,2,1270.0,Новосибирск,Wildberries,Доставлен
512445,2024-12-04,1023.0,2,850.0,Новосибирск,Wildberries,Доставлен
501204,2024-02-10,1011.0,1,3230.0,Москва,Wildberries,Возврат
501455,2024-02-17,1024.0,1,3220.0,Москва,Wildberries,Доставлен
513010,2024-12-13,1016.0,2,2360.0,Москва,Ozon,Доставлен
512095,2024-11-28,1023.0,1,850.0,Москва,Wildberries,Доставлен
507411,2024-08-04,1020.0,1,1290.0,Регионы,Ozon,Доставлен
506883,2024-07-20,1007.0,1,1070.0,Екатеринбург,Ozon,Доставлен
507606,2024-08-09,1021.0,1,1430.0,Регионы,Wildberries,Доставлен
505665,2024-06-12,1009.0,1,1710.0,Регионы,Wildberries,Доставлен
504562,2024-05-06,1016.0,1,2220.0,Санкт-Петербург,Ozon,Возврат
503603,2024-04-09,1013.0,1,2100.0,Санкт-Петербург,Wildberries,Доставлен
505105,2024-05-25,1005.0,1,2350.0,Санкт-Петербург,Ozon,Доставлен
509009,2024-09-14,1007.0,1,1190.0,Регионы,Wildberries,Доставлен
509772,2024-10-03,1023.0,1,1050.0,Москва,Wildberries,Возврат
501305,2024-02-12,1024.0,1,3490.0,Новосибирск,Wildberries,Доставлен
513851,2024-12-27,1019.0,1,2070.0,Санкт-Петербург,Wildberries,Доставлен
505392,2024-06-03,1010.0,1,1260.0,Новосибирск,Ozon,Доставлен
508539,2024-09-02,1018.0,1,850.0,Москва,Wildberries,Доставлен
505329,2024-06-01,1009.0,2,1640.0,Москва,Wildberries,Доставлен
501644,2024-02-23,1013.0,1,2160.0,Екатеринбург,Ozon,Доставлен
509026,2024-09-14,1018.0,1,860.0,Регионы,Wildberries,Доставлен
505135,2024-05-26,1004.0,1,2240.0,Екатеринбург,Wildberries,Доставлен
506237,2024-06-29,1021.0,2,1690.0,Москва,Wildberries,Доставлен
512612,2024-12-07,1016.0,1,2360.0,Регионы,Ozon,Доставлен
501165,2024-02-09,1002.0,1,4020.0,Регионы,Wildberries,Доставлен
507225,2024-07-31,1002.0,1,3520.0,Регионы,Ozon,Доставлен
501293,2024-02-12,1015.0,1,2050.0,Санкт-Петербург,Ozon,Доставлен
504639,2024-05-08,1019.0,1,2230.0,Регионы,Wildberries,Доставлен
509684,2024-10-01,1007.0,1,1270.0,Регионы,Ozon,Доставлен
512104,2024-11-28,1026.0,1,2410.0,Москва,Ozon,Возврат
512676,2024-12-08,1012.0,1,3350.0,Санкт-Петербург,Ozon,Возврат
512941,2024-12-12,1011.0,1,3900.0,Санкт-Петербург,Wildberries,Возврат
511185,2024-11-11,1003.0,1,3610.0,Москва,Wildberries,Доставлен
503051,2024-03-26,1003.0,1,3250.0,Регионы,Wildberries,Доставлен
512004,2024-11-26,1024.0,1,3310.0,Регионы,Wildberries,Возврат
504662,2024-05-09,1019.0,1,2500.0,Санкт-Петербург,Ozon,Доставлен
500264,2024-01-09,1016.0,1,2580.0,Регионы,Wildberries,Доставлен
505421,2024-06-04,1012.0,1,2710.0,Москва,Wildberries,Доставлен
508574,2024-09-03,1015.0,1,2330.0,Москва,Wildberries,Доставлен
508806,2024-09-08,1018.0,1,700.0,Москва,Ozon,Доставлен
508408,2024-08-30,1002.0,1,3350.0,Москва,Ozon,Доставлен
511893,2024-11-24,1008.0,1,4960.0,Москва,Wildberries,Доставлен
505199,2024-05-28,1002.0,1,3640.0,Москва,Wildberries,Доставлен
506075,2024-06-24,1009.0,1,1860.0,Москва,Wildberries,Доставлен
502836,2024-03-22,1001.0,1,1340.0,Регионы,Ozon,Доставлен
503427,2024-04-03,1004.0,1,2240.0,Регионы,Wildberries,Доставлен
503387,2024-04-01,1025.0,1,2650.0,Екатеринбург,Ozon,Доставлен
509305,2024-09-21,1024.0,2,3720.0,Москва,Ozon,Доставлен
503404,2024-04-02,1013.0,1,2080.0,Екатеринбург,Wildberries,Возврат
509500,2024-09-26,1019.0,1,2170.0,Новосибирск,Wildberries,Доставлен
511283,2024-11-13,1001.0,1,1250.0,Москва,Wildberries,Отменён
501694,2024-02-24,1023.0,1,860.0,Москва,Ozon,Доставлен
505714,2024-06-13,1021.0,1,1600.0,Регионы,Ozon,Доставлен
508047,2024-08-21,1005.0,1,2410.0,Санкт-Петербург,Wildberries,Доставлен
513615,2024-12-23,1020.0,1,1570.0,Санкт-Петербург,Wildberries,Доставлен
506284,2024-07-01,1015.0,1,2040.0,Регионы,Wildberries,Возврат
503056,2024-03-26,1005.0,1,2820.0,Регионы,Wildberries,Отменён
500033,2024-01-02,1004.0,1,2240.0,Москва,Ozon,Доставлен
505902,2024-06-18,1024.0,1,3060.0,Екатеринбург,Wildberries,Возврат
500115,2024-01-04,1015.0,1,2220.0,Москва,Wildberries,Доставлен
512459,2024-12-05,1001.0,1,1120.0,Санкт-Петербург,Wildberries,Доставлен
506385,2024-07-04,1019.0,1,2290.0,Регионы,Ozon,Доставлен
512654,2024-12-08,1004.0,1,2720.0,Москва,Wildberries,Возврат
510529,2024-10-26,1026.0,1,2250.0,Санкт-Петербург,Wildberries,Доставлен
508779,2024-09-08,1001.0,3,1200.0,Новосибирск,Wildberries,Доставлен
501348,2024-02-14,1010.0,1,1290.0,Регионы,Ozon,Доставлен
503790,2024-04-14,1013.0,1,2650.0,Новосибирск,Wildberries,Доставлен
509291,2024-09-21,1017.0,2,1440.0,Новосибирск,Ozon,Отменён
505460,2024-06-05,1009.0,1,2010.0,Регионы,Wildberries,Доставлен
508586,2024-09-03,1021.0,1,1650.0,Екатеринбург,Ozon,Доставлен
511824,2024-11-23,1006.0,1,4380.0,Регионы,Wildberries,Доставлен
509331,2024-09-22,1016.0,1,2520.0,Москва,Ozon,Доставлен
513330,2024-12-18,1016.0,1,2790.0,Москва,Wildberries,Доставлен
501414,2024-02-16,1006.0,1,3970.0,Санкт-Петербург,Wildberries,Доставлен
502446,2024-03-13,1002.0,1,3330.0,Регионы,Wildberries,Доставлен
505948,2024-06-20,1012.0,1,3200.0,Санкт-Петербург,Wildberries,Доставлен
508087,2024-08-22,1004.0,1,2600.0,Регионы,Ozon,Доставлен
507321,2024-08-02,1018.0,1,870.0,Москва,Wildberries,Доставлен
510521,2024-10-26,1023.0,3,920.0,Новосибирск,Ozon,Доставлен
512041,2024-11-27,1018.0,1,740.0,Екатеринбург,Wildberries,Доставлен
509902,2024-10-08,1002.0,1,3800.0,Санкт-Петербург,Wildberries,Доставлен
509176,2024-09-18,1019.0,1,2290.0,Новосибирск,Wildberries,Возврат
513350,2024-12-19,1004.0,2,2410.0,Новосибирск,Ozon,Доставлен
508361,2024-08-28,1021.0,1,1440.0,Москва,Wildberries,Доставлен
505718,2024-06-13,1025.0,1,2580.0,Санкт-Петербург,Wildberries,Доставлен
508746,2024-09-07,1008.0,1,4370.0,Москва,Wildberries,Доставлен
513067,2024-12-14,1016.0,1,2640.0,Москва,Ozon,Доставлен
511754,2024-11-21,1022.0,1,1680.0,Регионы,Wildberries,Доставлен
503308,2024-03-31,1005.0,1,2290.0,Регионы,Wildberries,Доставлен
501409,2024-02-16,1003.0,1,3610.0,Москва,Ozon,Отменён
512385,2024-12-03,1023.0,1,880.0,Новосибирск,Wildberries,Доставлен
506636,2024-07-12,1007.0,1,1310.0,Регионы,Ozon,Доставлен
509446,2024-09-25,1004.0,1,2720.0,Регионы,Wildberries,Доставлен
500750,2024-01-27,1011.0,1,3800.0,Екатеринбург,Wildberries,Доставлен
511686,2024-11-20,1012.0,1,2930.0,Москва,Wildberries,Доставлен
503129,2024-03-27,1017.0,1,1660.0,Москва,Wildberries,Доставлен
502788,2024-03-20,1024.0,2,3530.0,Москва,Wildberries,Доставлен
512934,2024-12-12,1009.0,1,1960.0,Екатеринбург,Wildberries,Доставлен
511811,2024-11-22,1023.0,1,940.0,Москва,Ozon,Доставлен
505880,2024-06-18,1015.0,2,2600.0,Санкт-Петербург,Ozon,Доставлен
500667,2024-01-24,1008.0,1,4560.0,Санкт-Петербург,Wildberries,Доставлен
511295,2024-11-13,1008.0,1,4240.0,Санкт-Петербург,Ozon,Доставлен
509606,2024-09-29,1009.0,1,1960.0,Санкт-Петербург,Wildberries,Возврат
501136,2024-02-08,1012.0,3,2790.0,Регионы,Wildberries,Доставлен
500529,2024-01-19,1013.0,1,2200.0,Москва,Wildberries,Доставлен
513248,2024-12-17,1012.0,2,2960.0,Санкт-Петербург,Ozon,Доставлен
512624,2024-12-07,1022.0,2,1650.0,Москва,Ozon,Доставлен
504444,2024-05-02,1025.0,3,2980.0,Регионы,Wildberries,Доставлен
510253,2024-10-18,1018.0,1,760.0,Санкт-Петербург,Wildberries,Доставлен
508678,2024-09-05,1018.0,1,730.0,Екатеринбург,Wildberries,Доставлен
503592,2024-04-09,1005.0,2,2670.0,Регионы,Ozon,Доставлен
507412,2024-08-04,1021.0,2,1460.0,Регионы,Wildberries,Доставлен
506245,2024-06-30,1005.0,1,2760.0,Регионы,Ozon,Возврат
512271,2024-12-02,1001.0,1,1230.0,Санкт-Петербург,Wildberries,Доставлен
513692,2024-12-25,1001.0,1,1250.0,Санкт-Петербург,Wildberries,Доставлен
500862,2024-01-31,1011.0,1,3610.0,Регионы,Ozon,Доставлен
502782,2024-03-20,1019.0,1,2280.0,Санкт-Петербург,Wildberries,Доставлен
504200,2024-04-26,1003.0,1,3270.0,Москва,Wildberries,Отменён
508776,2024-09-07,1026.0,1,2690.0,Екатеринбург,Ozon,Доставлен
512801,2024-12-10,1012.0,1,3060.0,Екатеринбург,Wildberries,Возврат
513867,2024-12-28,1001.0,2,1150.0,Москва,Ozon,Доставлен
501549,2024-02-20,1025.0,1,3130.0,Новосибирск,Wildberries,Доставлен
506299,2024-07-01,1023.0,1,1000.0,Регионы,Ozon,Доставлен
501598,2024-02-22,1004.0,1,2800.0,Регионы,Ozon,Доставлен
507143,2024-07-28,1018.0,1,690.0,Регионы,Wildberries,Доставлен
501468,2024-02-18,1004.0,1,2560.0,Регионы,Wildberries,Доставлен
513714,2024-12-25,1011.0,1,3480.0,Москва,Wildberries,Доставлен
503289,2024-03-30,1024.0,1,3030.0,Москва,Ozon,Доставлен
507390,2024-08-04,1004.0,1,2290.0,Москва,Ozon,Доставлен
505574,2024-06-09,1011.0,1,3500.0,Екатеринбург,Ozon,Отменён
507117,2024-07-27,1020.0,1,1340.0,Регионы,Wildberries,Доставлен
507566,2024-08-08,1025.0,1,2950.0,Санкт-Петербург,Wildberries,Доставлен
511208,2024-11-11,1018.0,1,730.0,Регионы,Wildberries,Возврат
501526,2024-02-20,1006.0,1,4160.0,Регионы,Ozon,Доставлен
501124,2024-02-07,1024.0,1,3360.0,Санкт-Петербург,Ozon,Возврат
513359,2024-12-19,1008.0,1,4910.0,Новосибирск,Wildberries,Доставлен
507706,2024-08-12,1012.0,1,3000.0,Регионы,Wildberries,Возврат
508419,2024-08-30,1011.0,2,3250.0,Санкт-Петербург,Wildberries,Доставлен
506477,2024-07-07,1012.0,1,3290.0,Москва,Wildberries,Доставлен
509221,2024-09-20,1002.0,1,3690.0,Регионы,Wildberries,Доставлен
503670,2024-04-11,1007.0,1,1050.0,Регионы,Wildberries,Доставлен
513796,2024-12-26,1021.0,1,1350.0,Екатеринбург,Wildberries,Отменён
508748,2024-09-07,1009.0,1,1860.0,Москва,Wildberries,Доставлен
502138,2024-03-06,1022.0,1,1620.0,Москва,Ozon,Доставлен
508072,2024-08-21,1022.0,1,1710.0,Санкт-Петербург,Ozon,Доставлен
512890,2024-12-11,1018.0,1,850.0,Новосибирск,Wildberries,Доставлен
501341,2024-02-14,1005.0,1,2730.0,Новосибирск,Wildberries,Доставлен
503687,2024-04-11,1023.0,1,890.0,Екатеринбург,Wildberries,Доставлен
502880,2024-03-22,1020.0,1,1500.0,Санкт-Петербург,Wildberries,Доставлен
506442,2024-07-06,1013.0,3,2090.0,Москва,Ozon,Доставлен
512455,2024-12-04,1026.0,1,2660.0,Санкт-Петербург,Wildberries,Доставлен
500708,2024-01-25,1025.0,2,2620.0,Новосибирск,Wildberries,Доставлен
512989,2024-12-13,1008.0,2,4850.0,Екатеринбург,Wildberries,Доставлен
513643,2024-12-24,1005.0,1,2750.0,Москва,Ozon,Возврат
500490,2024-01-18,1013.0,1,2370.0,Москва,Ozon,Доставлен
503729,2024-04-12,1024.0,1,3640.0,Регионы,Wildberries,Доставлен
500292,2024-01-10,1016.0,1,2370.0,Москва,Wildberries,Доставлен
511884,2024-11-24,1005.0,1,2310.0,Регионы,Ozon,Отменён
503833,2024-04-15,1018.0,1,840.0,Москва,Ozon,Доставлен
509364,2024-09-23,1011.0,1,3520.0,Екатеринбург,Ozon,Доставлен
501656,2024-02-23,1024.0,1,3290.0,Регионы,Wildberries,Доставлен
505507,2024-06-06,1025.0,1,2650.0,Регионы,Wildberries,Доставлен
511877,2024-11-24,1002.0,1,3990.0,Новосибирск,Ozon,Доставлен
504423,2024-05-02,1009.0,1,1730.0,Новосибирск,Wildberries,Доставлен
512887,2024-12-11,1017.0,1,1730.0,Регионы,Wildberries,Доставлен
508669,2024-09-05,1014.0,1,2360.0,Новосибирск,Ozon,Доставлен
510583,2024-10-28,1005.0,2,2500.0,Москва,Wildberries,Доставлен
512715,2024-12-09,1003.0,1,3050.0,Москва,Ozon,Доставлен
501841,2024-03-01,1001.0,1,1270.0,Санкт-Петербург,Wildberries,Отменён
502513,2024-03-14,1015.0,1,2380.0,Москва,Wildberries,Отменён
502066,2024-03-05,1010.0,1,1250.0,Екатеринбург,Wildberries,Доставлен
500104,2024-01-04,1007.0,1,1320.0,Екатеринбург,Wildberries,Доставлен
511581,2024-11-18,1019.0,1,2330.0,Москва,Wildberries,Отменён
513679,2024-12-24,1021.0,1,1620.0,Москва,Wildberries,Доставлен
500524,2024-01-19,1008.0,1,5020.0,Екатеринбург,Wildberries,Доставлен
508259,2024-08-26,1010.0,1,1240.0,Екатеринбург,Wildberries,Доставлен
509366,2024-09-23,1011.0,1,3510.0,Москва,Ozon,Доставлен
512314,2024-12-02,1016.0,1,2560.0,Регионы,Wildberries,Доставлен
501940,2024-03-02,1026.0,1,2240.0,Москва,Wildberries,Доставлен
502667,2024-03-17,1025.0,2,2850.0,Москва,Wildberries,Доставлен
509589,2024-09-28,1026.0,1,2540.0,Санкт-Петербург,Ozon,Доставлен
508944,2024-09-12,1016.0,1,2500.0,Санкт-Петербург,Wildberries,Доставлен
512367,2024-12-03,1014.0,1,2540.0,Регионы,Wildberries,Доставлен
504585,2024-05-07,1012.0,1,3160.0,Екатеринбург,Wildberries,Возврат
504066,2024-04-22,1005.0,1,2660.0,Регионы,Ozon,Доставлен
510931,2024-11-05,1016.0,2,2660.0,Москва,Wildberries,Доставлен
505113,2024-05-25,1009.0,1,2010.0,Регионы,Wildberries,Доставлен
502107,2024-03-06,1006.0,2,4570.0,Регионы,Wildberries,Доставлен
511995,2024-11-26,1019.0,1,2110.0,Москва,Ozon,Доставлен
511700,2024-11-20,1021.0,1,1400.0,Регионы,Wildberries,Доставлен
513707,2024-12-25,1008.0,2,4040.0,Москва,Wildberries,Возврат
506352,2024-07-03,1016.0,1,2440.0,Регионы,Wildberries,Доставлен
506416,2024-07-05,1012.0,3,3070.0,Москва,Wildberries,Доставлен
510196,2024-10-17,1010.0,2,1350.0,Регионы,Wildberries,Доставлен
506347,2024-07-03,1011.0,2,3420.0,Регионы,Wildberries,Доставлен
508895,2024-09-11,1007.0,1,1220.0,Регионы,Wildberries,Доставлен
505821,2024-06-16,1024.0,2,3660.0,Регионы,Wildberries,Доставлен
500011,2024-01-01,1007.0,1,1090.0,Москва,Wildberries,Доставлен
511130,2024-11-10,1002.0,3,4210.0,Регионы,Wildberries,Доставлен
510393,2024-10-23,1009.0,1,2020.0,Москва,Ozon,Доставлен
502098,2024-03-06,1003.0,1,3420.0,Регионы,Wildberries,Возврат
505075,2024-05-24,1001.0,1,1150.0,Санкт-Петербург,Wildberries,Доставлен
510465,2024-10-25,1008.0,1,4840.0,Москва,Ozon,Доставлен
500775,2024-01-28,1002.0,1,4150.0,Регионы,Ozon,Доставлен
513516,2024-12-22,1003.0,1,3040.0,Москва,Wildberries,Возврат
500760,2024-01-27,1015.0,1,2410.0,Екатеринбург,Wildberries,Возврат
505033,2024-05-22,1010.0,1,1250.0,Москва,Wildberries,Доставлен
506317,2024-07-02,1013.0,1,2500.0,Москва,Wildberries,Отменён
509843,2024-10-06,1005.0,2,2220.0,Москва,Ozon,Доставлен
506172,2024-06-27,1020.0,1,1480.0,Регионы,Wildberries,Доставлен
512778,2024-12-10,1005.0,1,2530.0,Регионы,Wildberries,Доставлен
512727,2024-12-09,1007.0,1,1070.0,Екатеринбург,Wildberries,Доставлен
507089,2024-07-27,1002.0,1,3820.0,Регионы,Wildberries,Доставлен
508683,2024-09-05,1021.0,2,1480.0,Новосибирск,Wildberries,Доставлен
509383,2024-09-23,1021.0,1,1440.0,Екатеринбург,Wildberries,Возврат
509282,2024-09-21,1010.0,3,1330.0,Москва,Wildberries,Доставлен
507424,2024-08-05,1009.0,1,1770.0,Регионы,Ozon,Доставлен
501480,2024-02-18,1014.0,2,2170.0,Санкт-Петербург,Wildberries,Доставлен
507971,2024-08-19,1011.0,3,3800.0,Регионы,Wildberries,Доставлен
510127,2024-10-15,1008.0,1,4820.0,Москва,Wildberries,Возврат
508141,2024-08-23,1015.0,2,2120.0,Москва,Wildberries,Доставлен
505395,2024-06-03,1012.0,1,3030.0,Москва,Wildberries,Доставлен
510265,2024-10-19,1003.0,1,3440.0,Новосибирск,Wildberries,Возврат
506840,2024-07-18,1019.0,1,2420.0,Регионы,Ozon,Доставлен
505663,2024-06-12,1009.0,1,2030.0,Москва,Wildberries,Доставлен
500072,2024-01-03,1012.0,1,3230.0,Санкт-Петербург,Ozon,Доставлен
512283,2024-12-02,1004.0,1,2430.0,Новосибирск,Wildberries,Доставлен
506705,2024-07-14,1019.0,1,2370.0,Регионы,Wildberries,Доставлен
506127,2024-06-26,1009.0,2,1950.0,Регионы,Ozon,Отменён
510045,2024-10-12,1019.0,1,2220.0,Регионы,Wildberries,Доставлен
510920,2024-11-05,1010.0,1,1170.0,Новосибирск,Ozon,Доставлен
511176,2024-11-10,1026.0,1,2550.0,Екатеринбург,Wildberries,Доставлен
500825,2024-01-30,1001.0,1,1350.0,Регионы,Wildberries,Доставлен
508579,2024-09-03,1019.0,1,2490.0,Санкт-Петербург,Wildberries,Доставлен
505816,2024-06-16,1022.0,1,1610.0,Москва,Wildberries,Доставлен
500348,2024-01-12,1019.0,1,2370.0,Регионы,Ozon,Доставлен
502808,2024-03-21,1011.0,1,3830.0,Регионы,Wildberries,Возврат
506866,2024-07-19,1017.0,1,1520.0,Санкт-Петербург,Wildberries,Доставлен
512235,2024-12-01,1009.0,1,1810.0,Регионы,Wildberries,Отменён
508166,2024-08-24,1011.0,1,3950.0,Екатеринбург,Wildberries,Доставлен
500469,2024-01-17,1017.0,1,1410.0,Санкт-Петербург,Wildberries,Доставлен
509611,2024-09-29,1014.0,1,2550.0,Москва,Wildberries,Доставлен
508224,2024-08-25,1017.0,1,1500.0,Санкт-Петербург,Ozon,Доставлен
504633,2024-05-08,1013.0,1,2330.0,Москва,Wildberries,Доставлен
500342,2024-01-12,1008.0,1,4830.0,Екатеринбург,Wildberries,Отменён
511251,2024-11-12,1011.0,1,3220.0,Москва,Wildberries,Отменён
509492,2024-09-26,1014.0,1,2320.0,Москва,Ozon,Возврат
506092,2024-06-24,1025.0,2,2540.0,Екатеринбург,Ozon,Возврат
510420,2024-10-24,1002.0,2,3590.0,Регионы,Ozon,Доставлен
501620,2024-02-22,1021.0,1,1580.0,Регионы,Wildberries,Доставлен
505083,2024-05-24,1014.0,1,2470.0,Новосибирск,Wildberries,Возврат
502491,2024-03-14,1001.0,1,1340.0,Санкт-Петербург,Wildberries,Доставлен
511684,2024-11-20,1012.0,1,2710.0,Москва,Wildberries,Доставлен
502661,2024-03-17,1023.0,2,1050.0,Регионы,Wildberries,Отменён
513973,2024-12-29,1015.0,1,2520.0,Екатеринбург,Wildberries,Возврат
501928,2024-03-02,1018.0,1,860.0,Москва,Wildberries,Доставлен
511305,2024-11-13,1010.0,1,1270.0,Регионы,Ozon,Доставлен
508912,2024-09-11,1017.0,1,1500.0,Москва,Wildberries,Отменён
502834,2024-03-21,1025.0,1,3000.0,Москва,Wildberries,Доставлен
505180,2024-05-27,1013.0,1,2130.0,Регионы,Ozon,Доставлен
511152,2024-11-10,1012.0,1,3050.0,Новосибирск,Wildberries,Доставлен
506862,2024-07-19,1015.0,1,2090.0,Москва,Ozon,Доставлен
503181,2024-03-28,1019.0,1,2500.0,Москва,Wildberries,Возврат
511422,2024-11-15,1014.0,1,2150.0,Регионы,Wildberries,Доставлен
501654,2024-02-23,1022.0,1,1410.0,Москва,Wildberries,Доставлен
508942,2024-09-12,1014.0,1,2260.0,Регионы,Wildberries,Доставлен
500689,2024-01-25,1004.0,1,2480.0,Москва,Wildberries,Доставлен
512370,2024-12-03,1015.0,1,2320.0,Москва,Wildberries,Возврат
502862,2024-03-22,1015.0,1,2130.0,Новосибирск,Ozon,Доставлен
511512,2024-11-17,1010.0,1,1290.0,Екатеринбург,Wildberries,Доставлен
507851,2024-08-16,1006.0,1,3970.0,Москва,Wildberries,Доставлен
503097,2024-03-27,1001.0,1,1210.0,Регионы,Wildberries,Доставлен
509751,2024-10-03,1006.0,1,4160.0,Регионы,Wildberries,Доставлен
509274,2024-09-21,1006.0,1,3820.0,Регионы,Ozon,Доставлен
513428,2024-12-20,1015.0,1,2430.0,Новосибирск,Wildberries,Доставлен
510046,2024-10-12,1020.0,1,1530.0,Новосибирск,Wildberries,Доставлен
506879,2024-07-20,1001.0,1,1150.0,Москва,Wildberries,Доставлен
513869,2024-12-28,1002.0,1,3420.0,Екатеринбург,Wildberries,Доставлен
500383,2024-01-14,1004.0,1,2760.0,Регионы,Wildberries,Доставлен
508946,2024-09-12,1017.0,2,1710.0,Санкт-Петербург,Wildberries,Доставлен
509483,2024-09-26,1005.0,1,2510.0,Санкт-Петербург,Wildberries,Доставлен
513358,2024-12-19,1008.0,1,4230.0,Москва,Wildberries,Доставлен
509857,2024-10-06,1018.0,1,810.0,Москва,Ozon,Доставлен
510852,2024-11-03,1013.0,1,2450.0,Санкт-Петербург,Ozon,Доставлен
513905,2024-12-28,1015.0,1,2040.0,Санкт-Петербург,Wildberries,Доставлен
510382,2024-10-22,1025.0,1,2860.0,Новосибирск,Wildberries,Доставлен
501532,2024-02-20,1012.0,1,3320.0,Москва,Wildberries,Доставлен
511691,2024-11-20,1014.0,1,2540.0,Санкт-Петербург,Ozon,Доставлен
513884,2024-12-28,1008.0,2,3980.0,Регионы,Wildberries,Возврат
500339,2024-01-12,1005.0,1,2480.0,Новосибирск,Ozon,Доставлен
506818,2024-07-18,1001.0,1,1100.0,Регионы,Ozon,Доставлен
502348,2024-03-11,1006.0,1,4210.0,Новосибирск,Ozon,Возврат
511255,2024-11-12,1012.0,1,3040.0,Регионы,Ozon,Доставлен
501252,2024-02-11,1014.0,1,2170.0,Москва,Ozon,Доставлен
510085,2024-10-14,1001.0,1,1150.0,Екатеринбург,Wildberries,Доставлен
503671,2024-04-11,1007.0,1,1180.0,Москва,Ozon,Возврат
508761,2024-09-07,1019.0,1,2010.0,Санкт-Петербург,Wildberries,Доставлен
507741,2024-08-13,1003.0,1,3610.0,Санкт-Петербург,Wildberries,Доставлен
503454,2024-04-03,1024.0,1,3690.0,Москва,Wildberries,Возврат
512305,2024-12-02,1013.0,1,2260.0,Санкт-Петербург,Ozon,Доставлен
508629,2024-09-04,1020.0,2,1310.0,Москва,Ozon,Доставлен
509752,2024-10-03,1007.0,1,1300.0,Регионы,Ozon,Доставлен
509111,2024-09-16,1021.0,1,1460.0,Регионы,Wildberries,Доставлен
500656,2024-01-23,1025.0,1,3230.0,Екатеринбург,Wildberries,Доставлен
507458,2024-08-06,1003.0,1,2940.0,Регионы,Ozon,Доставлен
508747,2024-09-07,1008.0,1,4260.0,Москва,Ozon,Доставлен
504877,2024-05-17,1010.0,1,1220.0,Москва,Ozon,Доставлен
511626,2024-11-19,1015.0,1,2130.0,Москва,Ozon,Возврат
510235,2024-10-18,1012.0,3,3190.0,Санкт-Петербург,Wildberries,Доставлен
506629,2024-07-12,1005.0,1,2810.0,Новосибирск,Wildberries,Возврат
504389,2024-05-01,1013.0,1,2330.0,Москва,Ozon,Доставлен
507595,2024-08-09,1017.0,1,1680.0,Москва,Ozon,Доставлен
509668,2024-09-30,1024.0,1,3240.0,Москва,Ozon,Возврат
511216,2024-11-11,1022.0,1,1620.0,Москва,Wildberries,Отменён
508795,2024-09-08,1007.0,1,1200.0,Новосибирск,Ozon,Доставлен
508804,2024-09-08,1017.0,1,1410.0,Москва,Wildberries,Доставлен
502358,2024-03-11,1013.0,1,2200.0,Регионы,Wildberries,Доставлен
504205,2024-04-26,1006.0,1,4560.0,Москва,Ozon,Доставлен
507336,2024-08-02,1025.0,1,3060.0,Новосибирск,Wildberries,Доставлен
504327,2024-04-29,1015.0,1,2390.0,Екатеринбург,Wildberries,Возврат
510664,2024-10-30,1019.0,1,2440.0,Москва,Ozon,Доставлен
509926,2024-10-08,1020.0,1,1370.0,Москва,Wildberries,Доставлен
512996,2024-12-13,1010.0,1,1090.0,Москва,Wildberries,Доставлен
503651,2024-04-10,1022.0,1,1540.0,Санкт-Петербург,Ozon,Доставлен
508344,2024-08-28,1007.0,1,1050.0,Регионы,Wildberries,Доставлен
507547,2024-08-08,1010.0,1,1340.0,Москва,Wildberries,Доставлен
505962,2024-06-20,1020.0,1,1280.0,Москва,Wildberries,Доставлен
502074,2024-03-05,1014.0,2,2640.0,Екатеринбург,Ozon,Доставлен
500783,2024-01-28,1011.0,1,3480.0,Екатеринбург,Ozon,Доставлен
504494,2024-05-04,1013.0,1,2270.0,Новосибирск,Wildberries,Доставлен
500167,2024-01-06,1001.0,1,1350.0,Регионы,Wildberries,Доставлен
507850,2024-08-16,1005.0,1,2720.0,Регионы,Wildberries,Доставлен
507074,2024-07-26,1014.0,1,2380.0,Москва,Wildberries,Доставлен
512207,2024-11-30,1025.0,1,2660.0,Регионы,Ozon,Доставлен
512895,2024-12-11,1019.0,1,2250.0,Регионы,Ozon,Доставлен
506106,2024-06-25,1015.0,1,2040.0,Москва,Wildberries,Доставлен
505893,2024-06-18,1021.0,2,1560.0,Санкт-Петербург,Wildberries,Доставлен
502490,2024-03-13,1026.0,1,2200.0,Москва,Wildberries,Доставлен
505739,2024-06-14,1017.0,2,1420.0,Регионы,Ozon,Доставлен
500143,2024-01-05,1013.0,1,2170.0,Регионы,Wildberries,Доставлен
505337,2024-06-01,1015.0,1,2580.0,Санкт-Петербург,Ozon,Доставлен
510179,2024-10-16,1017.0,1,1380.0,Новосибирск,Wildberries,Доставлен
513382,2024-12-19,1019.0,1,2220.0,Москва,Ozon,Доставлен
502500,2024-03-14,1007.0,1,1260.0,Санкт-Петербург,Wildberries,Доставлен
512959,2024-12-12,1018.0,1,730.0,Екатеринбург,Ozon,Доставлен
506558,2024-07-10,1001.0,1,1150.0,Санкт-Петербург,Wildberries,Отменён
510886,2024-11-04,1007.0,1,1190.0,Регионы,Ozon,Доставлен
506320,2024-07-02,1014.0,1,2480.0,Регионы,Wildberries,Отменён
504334,2024-04-29,1022.0,1,1570.0,Санкт-Петербург,Ozon,Доставлен
509182,2024-09-18,1023.0,1,910.0,Москва,Wildberries,Доставлен
501759,2024-02-27,1004.0,1,2670.0,Екатеринбург,Wildberries,Доставлен
510562,2024-10-27,1020.0,1,1390.0,Санкт-Петербург,Wildberries,Доставлен
509214,2024-09-19,1021.0,1,1680.0,Москва,Wildberries,Доставлен
512826,2024-12-10,1023.0,1,1010.0,Новосибирск,Wildberries,Доставлен
500867,2024-01-31,1015.0,1,2520.0,Регионы,Ozon,Доставлен
513291,2024-12-18,1003.0,1,3540.0,Регионы,Wildberries,Доставлен
505416,2024-06-04,1005.0,1,2440.0,Регионы,Ozon,Доставлен
504388,2024-05-01,1013.0,1,2170.0,Екатеринбург,Ozon,Доставлен
501698,2024-02-25,1001.0,2,1200.0,Новосибирск,Ozon,Доставлен
504396,2024-05-01,1016.0,1,2510.0,Регионы,Wildberries,Доставлен
506314,2024-07-02,1010.0,1,1290.0,Регионы,Ozon,Доставлен
508520,2024-09-02,1002.0,2,4000.0,Москва,Wildberries,Доставлен
507763,2024-08-13,1018.0,1,760.0,Санкт-Петербург,Wildberries,Доставлен
511977,2024-11-26,1007.0,1,1050.0,Регионы,Ozon,Возврат
505679,2024-06-12,1020.0,1,1460.0,Санкт-Петербург,Ozon,Доставлен
508996,2024-09-13,1024.0,1,3150.0,Екатеринбург,Ozon,Возврат
512160,2024-11-29,1023.0,1,960.0,Регионы,Ozon,Доставлен
503109,2024-03-27,1006.0,1,4390.0,Регионы,Wildberries,Доставлен
505323,2024-06-01,1005.0,1,2640.0,Новосибирск,Wildberries,Доставлен
513810,2024-12-26,1025.0,3,3050.0,Регионы,Wildberries,Доставлен
506984,2024-07-23,1017.0,1,1410.0,Москва,Wildberries,Доставлен
511944,2024-11-25,1011.0,1,3380.0,Регионы,Wildberries,Возврат
511682,2024-11-20,1010.0,1,1230.0,Москва,Wildberries,Доставлен
511980,2024-11-26,1010.0,1,1300.0,Санкт-Петербург,Wildberries,Доставлен
506204,2024-06-28,1020.0,2,1560.0,Москва,Wildberries,Доставлен
508594,2024-09-04,1001.0,1,1230.0,Санкт-Петербург,Ozon,Доставлен
505984,2024-06-21,1015.0,1,2050.0,Екатеринбург,Wildberries,Возврат
501347,2024-02-14,1009.0,1,1760.0,Екатеринбург,Wildberries,Доставлен
507553,2024-08-08,1016.0,1,2370.0,Регионы,Wildberries,Доставлен
507709,2024-08-12,1015.0,1,2510.0,Москва,Wildberries,Возврат
502392,2024-03-11,1026.0,2,2330.0,Новосибирск,Wildberries,Доставлен
501268,2024-02-12,1003.0,1,3570.0,Регионы,Wildberries,Доставлен
504902,2024-05-18,1007.0,1,1300.0,Новосибирск,Wildberries,Доставлен
501444,2024-02-17,1014.0,2,2200.0,Новосибирск,Ozon,Доставлен
513547,2024-12-22,1014.0,1,2280.0,Санкт-Петербург,Wildberries,Возврат
508378,2024-08-29,1015.0,1,2090.0,Санкт-Петербург,Ozon,Доставлен
511592,2024-11-18,1024.0,1,3280.0,Регионы,Wildberries,Отменён
505848,2024-06-17,1021.0,1,1480.0,Новосибирск,Ozon,Доставлен
502086,2024-03-05,1019.0,2,1990.0,Москва,Ozon,Доставлен
512264,2024-12-01,1021.0,1,1420.0,Новосибирск,Ozon,Доставлен
508289,2024-08-26,1021.0,1,1390.0,Санкт-Петербург,Ozon,Доставлен
513724,2024-12-25,1015.0,1,2170.0,Москва,Wildberries,Доставлен
502120,2024-03-06,1012.0,1,3230.0,Регионы,Wildberries,Доставлен
512903,2024-12-11,1021.0,1,1440.0,Регионы,Ozon,Доставлен
507024,2024-07-25,1005.0,1,2370.0,Новосибирск,Wildberries,Доставлен
500002,2024-01-01,1001.0,1,1400.0,Регионы,Ozon,Доставлен
501753,2024-02-27,1001.0,2,1120.0,Санкт-Петербург,Wildberries,Отменён
508662,2024-09-05,1009.0,1,1900.0,Санкт-Петербург,Wildberries,Доставлен
509072,2024-09-15,1023.0,1,1010.0,Регионы,Ozon,Доставлен
504673,2024-05-10,1005.0,1,2810.0,Москва,Wildberries,Доставлен
509852,2024-10-06,1014.0,1,2560.0,Регионы,Ozon,Доставлен
503826,2024-04-15,1012.0,1,2670.0,Санкт-Петербург,Ozon,Отменён
509669,2024-09-30,1024.0,1,3430.0,Екатеринбург,Ozon,Возврат
500261,2024-01-09,1013.0,1,2250.0,Екатеринбург,Ozon,Доставлен
504026,2024-04-20,1022.0,1,1740.0,Санкт-Петербург,Wildberries,Доставлен
501224,2024-02-10,1024.0,2,3210.0,Москва,Wildberries,Возврат
510041,2024-10-12,1013.0,1,2190.0,Регионы,Wildberries,Доставлен
501378,2024-02-15,1008.0,1,4110.0,Москва,Wildberries,Доставлен
507307,2024-08-02,1006.0,1,3850.0,Регионы,Wildberries,Возврат
509414,2024-09-24,1014.0,1,2500.0,Санкт-Петербург,Wildberries,Доставлен
509598,2024-09-29,1006.0,1,4140.0,Новосибирск,Wildberries,Доставлен
512274,2024-12-02,1002.0,1,3820.0,Санкт-Петербург,Wildberries,Доставлен
500536,2024-01-19,1017.0,1,1700.0,Регионы,Ozon,Доставлен
506837,2024-07-18,1017.0,1,1500.0,Новосибирск,Wildberries,Доставлен
507992,2024-08-19,1021.0,1,1630.0,Новосибирск,Wildberries,Возврат
506519,2024-07-08,1019.0,1,2390.0,Екатеринбург,Wildberries,Доставлен
502213,2024-03-08,1004.0,1,2760.0,Москва,Ozon,Доставлен
506278,2024-07-01,1010.0,1,1180.0,Регионы,Ozon,Доставлен
507888,2024-08-16,1021.0,1,1380.0,Москва,Wildberries,Доставлен
512149,2024-11-29,1017.0,1,1490.0,Регионы,Ozon,Доставлен
509136,2024-09-17,1011.0,1,3330.0,Москва,Wildberries,Доставлен
504503,2024-05-04,1019.0,2,2120.0,Екатеринбург,Wildberries,Доставлен
508434,2024-08-30,1019.0,2,2440.0,Регионы,Ozon,Доставлен
501927,2024-03-02,1018.0,1,770.0,Санкт-Петербург,Wildberries,Отменён
502604,2024-03-16,1010.0,1,1350.0,Санкт-Петербург,Wildberries,Отменён
500527,2024-01-19,1009.0,1,1700.0,Регионы,Wildberries,Доставлен
507967,2024-08-19,1010.0,1,1110.0,Регионы,Wildberries,Доставлен
501160,2024-02-09,1001.0,2,1390.0,Новосибирск,Ozon,Доставлен
512310,2024-12-02,1015.0,1,2440.0,Москва,Wildberries,Доставлен
513980,2024-12-29,1019.0,1,2000.0,Регионы,Wildberries,Доставлен
502961,2024-03-24,1009.0,1,1740.0,Москва,Ozon,Доставлен
502253,2024-03-08,1026.0,1,2260.0,Москва,Ozon,Доставлен
502089,2024-03-05,1022.0,1,1500.0,Регионы,Wildberries,Доставлен
506228,2024-06-29,1015.0,1,2570.0,Москва,Wildberries,Доставлен
504526,2024-05-05,1014.0,1,2490.0,Екатеринбург,Ozon,Доставлен
506163,2024-06-27,1011.0,1,3610.0,Регионы,Ozon,Доставлен
510518,2024-10-26,1020.0,1,1420.0,Москва,Wildberries,Доставлен
512516,2024-12-05,1025.0,1,2600.0,Регионы,Ozon,Доставлен
511555,2024-11-18,1004.0,1,2480.0,Регионы,Wildberries,Возврат
506904,2024-07-20,1021.0,1,1410.0,Москва,Wildberries,Доставлен
509764,2024-10-03,1014.0,1,2690.0,Санкт-Петербург,Wildberries,Доставлен
509671,2024-09-30,1025.0,1,2800.0,Москва,Ozon,Возврат
504350,2024-04-30,1003.0,1,2970.0,Москва,Wildberries,Доставлен
507318,2024-08-02,1018.0,1,690.0,Екатеринбург,Wildberries,Доставлен
500321,2024-01-11,1019.0,1,2460.0,Москва,Wildberries,Возврат
506145,2024-06-26,1021.0,1,1700.0,Екатеринбург,Wildberries,Доставлен
511456,2024-11-16,1008.0,2,4170.0,Санкт-Петербург,Wildberries,Доставлен
505043,2024-05-22,1019.0,1,2380.0,Регионы,Wildberries,Доставлен
501085,2024-02-06,1025.0,2,2880.0,Регионы,Wildberries,Доставлен
511406,2024-11-15,1007.0,1,1230.0,Екатеринбург,Wildberries,Доставлен
507429,2024-08-05,1011.0,1,3890.0,Екатеринбург,Wildberries,Доставлен
501192,2024-02-10,1001.0,1,1280.0,Санкт-Петербург,Wildberries,Доставлен
503828,2024-04-15,1014.0,1,2630.0,Новосибирск,Ozon,Доставлен
508813,2024-09-08,1022.0,1,1710.0,Новосибирск,Ozon,Доставлен
510291,2024-10-19,1020.0,1,1440.0,Новосибирск,Wildberries,Возврат
504847,2024-05-16,1007.0,1,1040.0,Санкт-Петербург,Ozon,Доставлен
507090,2024-07-27,1002.0,1,3620.0,Москва,Wildberries,Доставлен
511936,2024-11-25,1008.0,3,5010.0,Регионы,Ozon,Доставлен
502804,2024-03-21,1007.0,1,1310.0,Москва,Ozon,Доставлен
501865,2024-03-01,1015.0,1,2300.0,Москва,Wildberries,Доставлен
507161,2024-07-29,1003.0,1,3000.0,Санкт-Петербург,Wildberries,Доставлен
506055,2024-06-23,1020.0,1,1470.0,Регионы,Ozon,Доставлен
510488,2024-10-26,1005.0,2,2560.0,Регионы,Ozon,Доставлен
510152,2024-10-15,1025.0,2,2930.0,Санкт-Петербург,Ozon,Доставлен
508770,2024-09-07,1024.0,1,3010.0,Регионы,Wildberries,Доставлен
513769,2024-12-26,1010.0,1,1210.0,Москва,Ozon,Доставлен
509588,2024-09-28,1025.0,1,2940.0,Регионы,Ozon,Доставлен
511591,2024-11-18,1024.0,2,3010.0,Москва,Wildberries,Доставлен
506280,2024-07-01,1013.0,1,2220.0,Санкт-Петербург,Wildberries,Возврат
510947,2024-11-06,1002.0,1,3390.0,Санкт-Петербург,Wildberries,Отменён
501806,2024-02-28,1014.0,2,2270.0,Екатеринбург,Wildberries,Возврат
511047,2024-11-08,1009.0,2,1880.0,Москва,Ozon,Доставлен
513097,2024-12-15,1001.0,1,1340.0,Москва,Wildberries,Доставлен
504367,2024-04-30,1025.0,2,2930.0,Регионы,Ozon,Доставлен
508363,2024-08-28,1023.0,1,850.0,Москва,Wildberries,Доставлен
502042,2024-03-05,1001.0,1,1310.0,Екатеринбург,Ozon,Доставлен
504441,2024-05-02,1023.0,1,870.0,Москва,Wildberries,Возврат
501234,2024-02-11,1006.0,1,4300.0,Москва,Ozon,Доставлен
505912,2024-06-19,1008.0,1,4140.0,Санкт-Петербург,Wildberries,Возврат
512879,2024-12-11,1015.0,1,2450.0,Санкт-Петербург,Ozon,Доставлен
505170,2024-05-27,1006.0,1,4060.0,Москва,Wildberries,Возврат
507388,2024-08-04,1003.0,1,3690.0,Москва,Wildberries,Доставлен
511157,2024-11-10,1015.0,2,2580.0,Москва,Ozon,Доставлен
513988,2024-12-29,1022.0,1,1710.0,Екатеринбург,Wildberries,Доставлен
503820,2024-04-15,1011.0,2,3190.0,Регионы,Wildberries,Доставлен
512301,2024-12-02,1012.0,1,3020.0,Москва,Ozon,Доставлен
512181,2024-11-30,1009.0,2,1850.0,Екатеринбург,Ozon,Отменён
509468,2024-09-25,1023.0,1,970.0,Санкт-Петербург,Ozon,Доставлен
512541,2024-12-06,1009.0,1,1790.0,Санкт-Петербург,Ozon,Доставлен
513699,2024-12-25,1004.0,2,2460.0,Санкт-Петербург,Wildberries,Доставлен
502950,2024-03-24,1003.0,1,3010.0,Регионы,Ozon,Доставлен
508462,2024-08-31,1013.0,1,2190.0,Москва,Ozon,Доставлен
501891,2024-03-01,1026.0,1,2450.0,Санкт-Петербург,Wildberries,Доставлен
500678,2024-01-24,1020.0,1,1400.0,Санкт-Петербург,Wildberries,Доставлен
503098,2024-03-27,1002.0,1,3980.0,Регионы,Wildberries,Возврат
511367,2024-11-14,1009.0,1,1810.0,Новосибирск,Ozon,Доставлен
501297,2024-02-12,1018.0,1,850.0,Регионы,Wildberries,Отменён
507629,2024-08-10,1010.0,1,1090.0,Москва,Wildberries,Возврат
504392,2024-05-01,1015.0,1,2410.0,Регионы,Wildberries,Отменён
505167,2024-05-27,1004.0,1,2270.0,Регионы,Wildberries,Возврат
504150,2024-04-24,1008.0,2,4350.0,Москва,Wildberries,Доставлен
513414,2024-12-20,1007.0,1,1130.0,Новосибирск,Wildberries,Отменён
502240,2024-03-08,1023.0,1,830.0,Екатеринбург,Wildberries,Доставлен
503901,2024-04-17,1021.0,1,1700.0,Регионы,Ozon,Доставлен
509832,2024-10-05,1026.0,1,2490.0,Регионы,Wildberries,Доставлен
508009,2024-08-20,1004.0,2,2270.0,Санкт-Петербург,Wildberries,Доставлен
503343,2024-03-31,1022.0,1,1680.0,Санкт-Петербург,Ozon,Возврат
506103,2024-06-25,1010.0,1,1090.0,Новосибирск,Wildberries,Возврат
508494,2024-09-01,1005.0,1,2430.0,Екатеринбург,Wildberries,Доставлен
500366,2024-01-13,1015.0,1,2050.0,Регионы,Wildberries,Доставлен
511353,2024-11-14,1004.0,2,2750.0,Москва,Wildberries,Доставлен
504199,2024-04-26,1003.0,1,3390.0,Москва,Wildberries,Возврат
506889,2024-07-20,1012.0,2,2890.0,Москва,Wildberries,Доставлен
513092,2024-12-14,1026.0,1,2160.0,Москва,Wildberries,Доставлен
502796,2024-03-20,1026.0,1,2220.0,Москва,Ozon,Доставлен
506828,2024-07-18,1011.0,1,3190.0,Санкт-Петербург,Wildberries,Доставлен
503695,2024-04-11,1025.0,2,2740.0,Москва,Ozon,Доставлен
509050,2024-09-15,1010.0,1,1200.0,Регионы,Wildberries,Доставлен
504406,2024-05-01,1024.0,1,3470.0,Москва,Wildberries,Возврат
503006,2024-03-25,1009.0,1,1950.0,Москва,Wildberries,Доставлен
511734,2024-11-21,1011.0,1,3260.0,Москва,Wildberries,Отменён
511779,2024-11-22,1009.0,1,1630.0,Москва,Ozon,Отменён
503255,2024-03-30,1003.0,1,3270.0,Регионы,Ozon,Возврат
500545,2024-01-19,1022.0,1,1610.0,Регионы,Ozon,Доставлен
505448,2024-06-05,1002.0,1,3340.0,Екатеринбург,Wildberries,Доставлен
510557,2024-10-27,1017.0,1,1610.0,Москва,Wildberries,Возврат
504486,2024-05-04,1006.0,1,4170.0,Москва,Wildberries,Доставлен
511062,2024-11-08,1016.0,1,2200.0,Санкт-Петербург,Wildberries,Доставлен
504947,2024-05-19,1017.0,1,1560.0,Екатеринбург,Wildberries,Доставлен
510063,2024-10-13,1007.0,1,1080.0,Москва,Wildberries,Отменён
505957,2024-06-20,1017.0,2,1640.0,Санкт-Петербург,Ozon,Доставлен
506261,2024-06-30,1017.0,2,1680.0,Новосибирск,Wildberries,Отменён
506359,2024-07-03,1021.0,1,1400.0,Москва,Wildberries,Доставлен
514069,2024-12-30,1025.0,1,2780.0,Санкт-Петербург,Wildberries,Доставлен
505142,2024-05-26,1010.0,1,1230.0,Москва,Wildberries,Доставлен
501895,2024-03-02,1001.0,1,1210.0,Москва,Wildberries,Возврат
509377,2024-09-23,1018.0,1,840.0,Москва,Wildberries,Доставлен
503005,2024-03-25,1007.0,1,1070.0,Регионы,Ozon,Доставлен
501899,2024-03-02,1002.0,1,3680.0,Москва,Ozon,Доставлен
500833,2024-01-30,1009.0,1,1980.0,Москва,Wildberries,Доставлен
506324,2024-07-02,1018.0,1,780.0,Регионы,Wildberries,Доставлен
508883,2024-09-10,1026.0,1,2720.0,Москва,Wildberries,Доставлен
512789,2024-12-10,1007.0,1,1200.0,Санкт-Петербург,Ozon,Доставлен
508127,2024-08-23,1007.0,1,1230.0,Москва,Wildberries,Доставлен
501513,2024-02-19,1022.0,1,1660.0,Санкт-Петербург,Ozon,Доставлен
506363,2024-07-03,1023.0,1,1060.0,Регионы,Wildberries,Возврат
507771,2024-08-13,1020.0,3,1430.0,Екатеринбург,Ozon,Доставлен
513964,2024-12-29,1010.0,1,1300.0,Регионы,Wildberries,Доставлен
513259,2024-12-17,1017.0,2,1590.0,Регионы,Ozon,Доставлен
503883,2024-04-17,1002.0,1,4110.0,Регионы,Wildberries,Доставлен
501076,2024-02-06,1021.0,1,1540.0,Регионы,Wildberries,Отменён
513893,2024-12-28,1011.0,1,3850.0,Регионы,Wildberries,Доставлен
502203,2024-03-07,1025.0,1,3210.0,Регионы,Ozon,Доставлен
507998,2024-08-19,1023.0,1,970.0,Москва,Ozon,Доставлен
506454,2024-07-06,1019.0,2,2360.0,Санкт-Петербург,Wildberries,Доставлен
502112,2024-03-06,1009.0,1,1630.0,Москва,Ozon,Доставлен
510418,2024-10-24,1002.0,1,3890.0,Регионы,Wildberries,Доставлен
507890,2024-08-16,1026.0,1,2660.0,Регионы,Wildberries,Доставлен
511021,2024-11-07,1019.0,1,2080.0,Екатеринбург,Wildberries,Доставлен
507063,2024-07-26,1008.0,1,4460.0,Екатеринбург,Ozon,Доставлен
502603,2024-03-16,1008.0,1,5050.0,Регионы,Wildberries,Доставлен
510139,2024-10-15,1017.0,1,1730.0,Новосибирск,Wildberries,Доставлен
507379,2024-08-03,1021.0,1,1450.0,Екатеринбург,Wildberries,Доставлен
508945,2024-09-12,1016.0,1,2250.0,Москва,Wildberries,Доставлен
507212,2024-07-30,1019.0,1,2070.0,Регионы,Wildberries,Доставлен
501362,2024-02-14,1024.0,1,3580.0,Екатеринбург,Wildberries,Доставлен
502010,2024-03-04,1014.0,1,2550.0,Регионы,Ozon,Отменён
510875,2024-11-04,1001.0,1,1290.0,Регионы,Ozon,Доставлен
501836,2024-02-29,1026.0,1,2420.0,Екатеринбург,Ozon,Доставлен
508556,2024-09-03,1003.0,1,3710.0,Регионы,Wildberries,Доставлен
502765,2024-03-20,1004.0,1,2270.0,Санкт-Петербург,Wildberries,Доставлен
509328,2024-09-22,1015.0,1,2160.0,Регионы,Wildberries,Возврат
506916,2024-07-21,1006.0,1,4370.0,Санкт-Петербург,Ozon,Доставлен
503808,2024-04-15,1005.0,1,2520.0,Москва,Wildberries,Доставлен
506524,2024-07-08,1026.0,1,2150.0,,Ozon,Доставлен
501680,2024-02-24,1012.0,1,3000.0,Москва,Ozon,Доставлен
503590,2024-04-08,1025.0,1,2690.0,Регионы,Ozon,Доставлен
502357,2024-03-11,1013.0,1,2170.0,Регионы,Wildberries,Доставлен
508664,2024-09-05,1010.0,1,1340.0,Екатеринбург,Wildberries,Доставлен
509815,2024-10-05,1010.0,1,1340.0,Москва,Ozon,Доставлен
506617,2024-07-11,1022.0,1,1710.0,Екатеринбург,Ozon,Возврат
512663,2024-12-08,1008.0,1,4150.0,Москва,Ozon,Доставлен
511207,2024-11-11,1017.0,1,1430.0,Санкт-Петербург,Wildberries,Доставлен
504811,2024-05-14,1020.0,1,1360.0,Санкт-Петербург,Wildberries,Доставлен
512712,2024-12-08,1026.0,1,2240.0,Регионы,Ozon,Доставлен
502069,2024-03-05,1012.0,1,2710.0,Москва,Ozon,Отменён
504390,2024-05-01,1013.0,1,2460.0,Санкт-Петербург,Wildberries,Доставлен
500880,2024-01-31,1025.0,1,3210.0,Санкт-Петербург,Wildberries,Доставлен
506910,2024-07-20,1024.0,2,3350.0,Санкт-Петербург,Wildberries,Доставлен
513387,2024-12-19,1021.0,2,1420.0,Регионы,Wildberries,Доставлен
504960,2024-05-19,1025.0,2,3170.0,Екатеринбург,Wildberries,Доставлен
508951,2024-09-12,1018.0,1,810.0,Москва,Wildberries,Доставлен
503122,2024-03-27,1014.0,1,2660.0,Москва,Ozon,Доставлен
510595,2024-10-28,1014.0,1,2200.0,Регионы,Wildberries,Возврат
507096,2024-07-27,1008.0,1,4760.0,Регионы,Wildberries,Доставлен
510252,2024-10-18,1018.0,1,840.0,Москва,Wildberries,Доставлен
512490,2024-12-05,1012.0,1,3220.0,Москва,Wildberries,Доставлен
504479,2024-05-04,1003.0,1,3410.0,Екатеринбург,Wildberries,Доставлен
510770,2024-11-01,1026.0,1,2690.0,Новосибирск,Ozon,Доставлен
510104,2024-10-14,1016.0,1,2440.0,Москва,Wildberries,Доставлен
506742,2024-07-15,1024.0,1,3260.0,Екатеринбург,Wildberries,Доставлен
511535,2024-11-17,1023.0,1,910.0,Новосибирск,Wildberries,Доставлен
501021,2024-02-05,1002.0,1,3590.0,Регионы,Wildberries,Доставлен
501074,2024-02-06,1019.0,1,2280.0,Москва,Ozon,Доставлен
505850,2024-06-17,1022.0,1,1550.0,Регионы,Wildberries,Доставлен
500059,2024-01-03,1001.0,1,1140.0,Регионы,Wildberries,Возврат
509442,2024-09-25,1003.0,1,3020.0,Екатеринбург,Ozon,Доставлен
510487,2024-10-26,1004.0,2,2600.0,Новосибирск,Ozon,Доставлен
508479,2024-08-31,1020.0,1,1430.0,Санкт-Петербург,Wildberries,Доставлен
505335,2024-06-01,1013.0,1,2610.0,Санкт-Петербург,Wildberries,Доставлен
511147,2024-11-10,1010.0,1,1310.0,Москва,Wildberries,Доставлен
510591,2024-10-28,1011.0,1,3660.0,Регионы,Ozon,Доставлен
506790,2024-07-17,1007.0,3,1230.0,Регионы,Wildberries,Доставлен
507558,2024-08-08,1019.0,1,2420.0,Москва,Ozon,Доставлен
501069,2024-02-06,1017.0,1,1740.0,Санкт-Петербург,Wildberries,Доставлен
510722,2024-11-01,1002.0,1,3820.0,Новосибирск,Ozon,Доставлен
513208,2024-12-16,1023.0,1,950.0,Москва,Ozon,Доставлен
509670,2024-09-30,1024.0,1,3480.0,Регионы,Wildberries,Доставлен
509706,2024-10-01,1022.0,1,1600.0,Санкт-Петербург,Wildberries,Доставлен
504452,2024-05-03,1005.0,1,2240.0,Регионы,Wildberries,Возврат
503069,2024-03-26,1016.0,1,2420.0,Регионы,Ozon,Доставлен
505165,2024-05-26,1024.0,1,3010.0,Регионы,Ozon,Доставлен
506292,2024-07-01,1019.0,1,2460.0,Екатеринбург,Ozon,Доставлен
512568,2024-12-06,1026.0,1,2220.0,Москва,Wildberries,Доставлен
513397,2024-12-19,1025.0,1,3170.0,Москва,Ozon,Отменён
504613,2024-05-07,1025.0,1,2540.0,Москва,Wildberries,Доставлен
508485,2024-08-31,1025.0,1,3030.0,Санкт-Петербург,Wildberries,Отменён
503290,2024-03-30,1024.0,2,3610.0,Санкт-Петербург,Ozon,Доставлен
501800,2024-02-28,1009.0,1,0.0,Москва,Wildberries,Доставлен
512634,2024-12-07,1025.0,1,2750.0,Екатеринбург,Ozon,Возврат
507879,2024-08-16,1018.0,1,770.0,Регионы,Ozon,Отменён
512830,2024-12-10,1024.0,2,3560.0,Санкт-Петербург,Wildberries,Доставлен
502501,2024-03-14,1011.0,1,3270.0,Регионы,Wildberries,Доставлен
507243,2024-07-31,1017.0,1,1470.0,Москва,Wildberries,Доставлен
513878,2024-12-28,1006.0,2,3720.0,Санкт-Петербург,Wildberries,Доставлен
500915,2024-02-02,1004.0,1,2470.0,Санкт-Петербург,Wildberries,Доставлен
508020,2024-08-20,1017.0,1,1410.0,Регионы,Wildberries,Доставлен
504289,2024-04-28,1012.0,2,3330.0,Регионы,Wildberries,Доставлен
503796,2024-04-14,1023.0,1,880.0,Санкт-Петербург,Ozon,Отменён
503722,2024-04-12,1021.0,1,1580.0,Регионы,Wildberries,Доставлен
511577,2024-11-18,1017.0,1,1600.0,Санкт-Петербург,Ozon,Доставлен
507561,2024-08-08,1021.0,1,1410.0,Санкт-Петербург,Ozon,Доставлен
506275,2024-07-01,1007.0,1,1250.0,Новосибирск,Wildberries,Отменён
506056,2024-06-23,1020.0,2,1460.0,Санкт-Петербург,Ozon,Доставлен
511565,2024-11-18,1010.0,1,1140.0,Екатеринбург,Wildberries,Доставлен
510874,2024-11-03,1026.0,1,2180.0,Санкт-Петербург,Wildberries,Возврат
505615,2024-06-10,1025.0,3,3000.0,Москва,Ozon,Доставлен
510698,2024-10-31,1017.0,1,1380.0,Москва,Ozon,Доставлен
509496,2024-09-26,1016.0,2,2730.0,Москва,Wildberries,Возврат
501174,2024-02-09,1010.0,1,1370.0,Регионы,Wildberries,Доставлен
509625,2024-09-29,1024.0,1,3410.0,Санкт-Петербург,Ozon,Доставлен
509292,2024-09-21,1018.0,1,760.0,Новосибирск,Wildberries,Доставлен
508599,2024-09-04,1004.0,1,2540.0,Москва,Ozon,Доставлен
510101,2024-10-14,1011.0,1,3700.0,Регионы,Wildberries,Возврат
513236,2024-12-17,1009.0,1,1830.0,Регионы,Wildberries,Доставлен
513223,2024-12-17,1005.0,1,2640.0,Регионы,Ozon,Доставлен
511271,2024-11-12,1020.0,1,1300.0,Санкт-Петербург,Wildberries,Доставлен
513811,2024-12-26,1026.0,1,2570.0,Екатеринбург,Wildberries,Доставлен
501406,2024-02-16,1001.0,2,1130.0,Регионы,Wildberries,Доставлен
508243,2024-08-25,1023.0,2,1040.0,Москва,Ozon,Доставлен
508362,2024-08-28,1021.0,1,1670.0,Москва,Ozon,Возврат
502814,2024-03-21,1014.0,1,2440.0,Москва,Wildberries,Доставлен
500310,2024-01-11,1011.0,1,3810.0,Регионы,Wildberries,Возврат
505509,2024-06-06,1026.0,1,2270.0,Регионы,Ozon,Возврат
504091,2024-04-22,1021.0,1,1410.0,Регионы,Ozon,Доставлен
508968,2024-09-13,1007.0,1,1290.0,Новосибирск,Ozon,Доставлен
505671,2024-06-12,1013.0,1,2370.0,Регионы,Wildberries,Доставлен
500368,2024-01-13,1016.0,1,2430.0,Регионы,Wildberries,Доставлен
500571,2024-01-20,1024.0,1,3430.0,Регионы,Ozon,Доставлен
507612,2024-08-09,1023.0,2,1050.0,Регионы,Wildberries,Доставлен
509786,2024-10-04,1010.0,2,1130.0,Санкт-Петербург,Ozon,Возврат
510456,2024-10-25,1001.0,1,1110.0,Регионы,Wildberries,Доставлен
513751,2024-12-26,1003.0,1,3040.0,Екатеринбург,Wildberries,Доставлен
501542,2024-02-20,1016.0,1,2460.0,Москва,Wildberries,Доставлен
513774,2024-12-26,1013.0,1,2490.0,Регионы,Wildberries,Доставлен
508367,2024-08-29,1001.0,1,1220.0,Санкт-Петербург,Ozon,Возврат
504645,2024-05-08,1024.0,2,3660.0,Екатеринбург,Ozon,Доставлен
505366,2024-06-02,1011.0,1,3390.0,Москва,Ozon,Возврат
514015,2024-12-30,1007.0,1,1290.0,Регионы,Wildberries,Доставлен
510708,2024-10-31,1023.0,1,1000.0,Москва,Ozon,Доставлен
506128,2024-06-26,1009.0,1,1800.0,Санкт-Петербург,Wildberries,Доставлен
505042,2024-05-22,1019.0,1,2340.0,Регионы,Ozon,Доставлен
508147,2024-08-23,1020.0,1,1510.0,Регионы,Ozon,Доставлен
512965,2024-12-12,1022.0,1,1420.0,Санкт-Петербург,Wildberries,Доставлен
500073,2024-01-03,1015.0,1,2230.0,Москва,Wildberries,Доставлен
504830,2024-05-15,1020.0,1,1560.0,Регионы,Wildberries,Доставлен
510699,2024-10-31,1017.0,1,1630.0,Москва,Wildberries,Отменён
505091,2024-05-24,1020.0,1,1410.0,Санкт-Петербург,Ozon,Доставлен
504859,2024-05-16,1023.0,1,990.0,Екатеринбург,Wildberries,Доставлен
507864,2024-08-16,1014.0,3,2450.0,Москва,Ozon,Доставлен
506234,2024-06-29,1019.0,1,2310.0,Москва,Ozon,Доставлен
511028,2024-11-07,1022.0,1,1370.0,Екатеринбург,Wildberries,Доставлен
504270,2024-04-27,1026.0,1,2220.0,Москва,Ozon,Доставлен
506953,2024-07-22,1011.0,1,3430.0,Регионы,Wildberries,Доставлен
513370,2024-12-19,1014.0,1,2510.0,Екатеринбург,Wildberries,Доставлен
503737,2024-04-13,1006.0,1,3950.0,Екатеринбург,Wildberries,Доставлен
512641,2024-12-08,1001.0,1,1100.0,Москва,Wildberries,Доставлен
506949,2024-07-22,1007.0,1,1120.0,Регионы,Wildberries,Возврат
510704,2024-10-31,1022.0,1,1530.0,Новосибирск,Ozon,Отменён
507055,2024-07-26,1003.0,1,3180.0,Регионы,Wildberries,Отменён
507284,2024-08-01,1019.0,1,2050.0,Екатеринбург,Wildberries,Доставлен
507272,2024-08-01,1010.0,1,1160.0,Санкт-Петербург,Wildberries,Доставлен
501781,2024-02-27,1020.0,1,1350.0,Екатеринбург,Ozon,Возврат
506448,2024-07-06,1017.0,1,1560.0,Екатеринбург,Wildberries,Доставлен
509968,2024-10-10,1009.0,1,1630.0,Регионы,Ozon,Доставлен
501535,2024-02-20,1013.0,1,2280.0,Регионы,Wildberries,Доставлен
503106,2024-03-27,1005.0,1,2410.0,Санкт-Петербург,Ozon,Доставлен
503766,2024-04-13,1025.0,1,3050.0,Регионы,Ozon,Доставлен
504961,2024-05-19,1025.0,1,3190.0,Екатеринбург,Ozon,Доставлен
503331,2024-03-31,1016.0,1,2410.0,Регионы,Ozon,Доставлен
513753,2024-12-26,1003.0,2,3340.0,Санкт-Петербург,Ozon,Доставлен
512124,2024-11-29,1008.0,1,4440.0,Екатеринбург,Ozon,Доставлен
507773,2024-08-13,1021.0,1,1430.0,Новосибирск,Wildberries,Доставлен
504395,2024-05-01,1015.0,1,2480.0,Москва,Ozon,Доставлен
505996,2024-06-21,1025.0,1,2770.0,Регионы,Wildberries,Доставлен
503963,2024-04-19,1010.0,1,1150.0,Регионы,Ozon,Доставлен
504257,2024-04-27,1015.0,1,2520.0,Москва,Wildberries,Доставлен
501785,2024-02-27,1022.0,1,1390.0,Москва,Wildberries,Доставлен
507206,2024-07-30,1011.0,1,3870.0,Москва,Wildberries,Доставлен
501030,2024-02-05,1010.0,1,1370.0,Екатеринбург,Ozon,Доставлен
508712,2024-09-06,1018.0,1,810.0,Екатеринбург,Ozon,Доставлен
510639,2024-10-29,1025.0,1,2830.0,Москва,Wildberries,Отменён
507211,2024-07-30,1018.0,1,740.0,Регионы,Ozon,Доставлен
505320,2024-06-01,1001.0,1,1400.0,Новосибирск,Wildberries,Доставлен
501915,2024-03-02,1010.0,1,1100.0,Москва,Ozon,Доставлен
500239,2024-01-08,1014.0,1,2570.0,Регионы,Wildberries,Доставлен
507556,2024-08-08,1017.0,1,1380.0,Москва,Ozon,Доставлен
509802,2024-10-04,1024.0,1,3630.0,Москва,Ozon,Доставлен
512571,2024-12-07,1001.0,1,1380.0,Москва,Wildberries,Доставлен
500396,2024-01-14,1015.0,1,2440.0,Екатеринбург,Wildberries,Возврат
504191,2024-04-25,1022.0,1,1520.0,Москва,Wildberries,Доставлен
505882,2024-06-18,1017.0,2,1610.0,Регионы,Wildberries,Доставлен
501984,2024-03-03,1023.0,1,900.0,Москва,Ozon,Доставлен
501937,2024-03-02,1025.0,1,3230.0,Москва,Wildberries,Возврат
503365,2024-04-01,1009.0,1,1930.0,Новосибирск,Wildberries,Возврат
512732,2024-12-09,1009.0,1,1940.0,Регионы,Wildberries,Доставлен
502619,2024-03-16,1022.0,2,1500.0,Регионы,Ozon,Доставлен
501034,2024-02-05,1013.0,1,2160.0,Москва,Ozon,Доставлен
514036,2024-12-30,1014.0,1,2490.0,Регионы,Wildberries,Отменён
500605,2024-01-21,1025.0,2,3100.0,Москва,Wildberries,Доставлен
511990,2024-11-26,1016.0,2,2240.0,Санкт-Петербург,Wildberries,Доставлен
510997,2024-11-07,1004.0,2,2300.0,Санкт-Петербург,Wildberries,Доставлен
509624,2024-09-29,1024.0,1,3430.0,Регионы,Ozon,Возврат
512953,2024-12-12,1015.0,1,2580.0,Санкт-Петербург,Wildberries,Доставлен
513349,2024-12-19,1003.0,1,3320.0,Регионы,Ozon,Доставлен
504903,2024-05-18,1008.0,1,4680.0,Регионы,Wildberries,Доставлен
504209,2024-04-26,1010.0,2,1090.0,Москва,Ozon,Доставлен
510558,2024-10-27,1017.0,1,1550.0,Москва,Ozon,Доставлен
501322,2024-02-13,1013.0,1,2460.0,Новосибирск,Ozon,Доставлен
506168,2024-06-27,1018.0,1,760.0,Санкт-Петербург,Ozon,Доставлен
502577,2024-03-15,1020.0,1,1410.0,Москва,Ozon,Доставлен
513066,2024-12-14,1016.0,1,2700.0,Новосибирск,Ozon,Отменён
506915,2024-07-21,1006.0,1,3680.0,Москва,Ozon,Отменён
505274,2024-05-30,1016.0,2,2370.0,Регионы,Wildberries,Доставлен
510834,2024-11-03,1006.0,1,4210.0,Екатеринбург,Ozon,Доставлен
506689,2024-07-14,1003.0,1,3270.0,Регионы,Wildberries,Доставлен
512349,2024-12-03,1003.0,1,3240.0,Москва,Ozon,Доставлен
503755,2024-04-13,1021.0,1,1710.0,Регионы,Ozon,Доставлен
505667,2024-06-12,1010.0,1,1190.0,Санкт-Петербург,Wildberries,Доставлен
510244,2024-10-18,1015.0,1,2600.0,Санкт-Петербург,Wildberries,Возврат
513310,2024-12-18,1009.0,1,1730.0,Новосибирск,Wildberries,Доставлен
510876,2024-11-04,1002.0,2,4100.0,Регионы,Ozon,Доставлен
503381,2024-04-01,1019.0,1,2330.0,Санкт-Петербург,Wildberries,Доставлен
504319,2024-04-29,1008.0,1,4930.0,Санкт-Петербург,Wildberries,Доставлен
512975,2024-12-13,1002.0,1,4240.0,Регионы,Ozon,Доставлен
512398,2024-12-04,1003.0,2,3150.0,Регионы,Wildberries,Доставлен
507091,2024-07-27,1003.0,1,3240.0,Москва,Wildberries,Доставлен
503933,2024-04-18,1019.0,2,2500.0,Санкт-Петербург,Wildberries,Доставлен
501743,2024-02-26,1019.0,1,2310.0,Москва,Wildberries,Доставлен
512294,2024-12-02,1008.0,1,4860.0,Регионы,Wildberries,Доставлен
512214,2024-12-01,1001.0,1,1170.0,Регионы,Wildberries,Доставлен
507457,2024-08-06,1002.0,1,3990.0,Регионы,Wildberries,Доставлен
510070,2024-10-13,1012.0,1,3280.0,Новосибирск,Ozon,Доставлен
512269,2024-12-01,1024.0,2,3720.0,Регионы,Ozon,Доставлен
513308,2024-12-18,1009.0,1,1660.0,Регионы,Wildberries,Доставлен
513741,2024-12-25,1023.0,1,840.0,Регионы,Wildberries,Доставлен
510116,2024-10-14,1025.0,1,3150.0,Санкт-Петербург,Ozon,Возврат
510953,2024-11-06,1004.0,1,2560.0,Екатеринбург,Wildberries,Доставлен
502842,2024-03-22,1002.0,1,4040.0,Регионы,Wildberries,Доставлен
513137,2024-12-15,1014.0,1,2660.0,Москва,Ozon,Доставлен
514090,2024-12-31,1007.0,1,1100.0,Москва,Wildberries,Доставлен
504210,2024-04-26,1010.0,1,1330.0,Москва,Wildberries,Возврат
512330,2024-12-02,1023.0,1,860.0,Москва,Wildberries,Доставлен
508220,2024-08-25,1013.0,2,2390.0,Регионы,Ozon,Доставлен
510251,2024-10-18,1018.0,2,780.0,Москва,Wildberries,Доставлен
507276,2024-08-01,1012.0,1,3260.0,Екатеринбург,Wildberries,Доставлен
503569,2024-04-08,1003.0,1,3630.0,Москва,Ozon,Доставлен
507897,2024-08-17,1007.0,1,1180.0,Регионы,Wildberries,Доставлен
506493,2024-07-07,1022.0,1,1600.0,Санкт-Петербург,Wildberries,Доставлен
502177,2024-03-07,1012.0,1,3140.0,Москва,Wildberries,Доставлен
504622,2024-05-08,1006.0,1,3900.0,Екатеринбург,Ozon,Доставлен
502522,2024-03-14,1022.0,1,1670.0,Екатеринбург,Ozon,Доставлен
509800,2024-10-04,1024.0,1,3580.0,Санкт-Петербург,Wildberries,Доставлен
509904,2024-10-08,1007.0,1,1140.0,Москва,Ozon,Отменён
513666,2024-12-24,1016.0,1,2420.0,Новосибирск,Ozon,Доставлен
509416,2024-09-24,1016.0,1,2680.0,Санкт-Петербург,Ozon,Возврат
502445,2024-03-13,1002.0,2,4090.0,Москва,Wildberries,Доставлен
507605,2024-08-09,1021.0,1,1650.0,Регионы,Wildberries,Доставлен
512164,2024-11-29,1025.0,1,2990.0,Москва,Ozon,Доставлен
503313,2024-03-31,1008.0,1,4110.0,Екатеринбург,Wildberries,Доставлен
509709,2024-10-01,1025.0,1,2620.0,Санкт-Петербург,Ozon,Доставлен
505792,2024-06-16,1011.0,1,3880.0,Санкт-Петербург,Wildberries,Доставлен
507036,2024-07-25,1014.0,1,2680.0,Москва,Wildberries,Доставлен
511260,2024-11-12,1014.0,1,2400.0,Москва,Ozon,Возврат
509819,2024-10-05,1013.0,1,2600.0,Санкт-Петербург,Wildberries,Доставлен
509457,2024-09-25,1016.0,1,2390.0,Санкт-Петербург,Wildberries,Доставлен
501965,2024-03-03,1006.0,2,3990.0,Москва,Wildberries,Доставлен
500878,2024-01-31,1022.0,1,1690.0,Москва,Wildberries,Доставлен
513131,2024-12-15,1012.0,1,3250.0,Санкт-Петербург,Wildberries,Доставлен
513873,2024-12-28,1003.0,1,3470.0,Москва,Wildberries,Доставлен
505736,2024-06-14,1014.0,1,2170.0,Санкт-Петербург,Wildberries,Доставлен
504110,2024-04-23,1015.0,1,2440.0,Санкт-Петербург,Wildberries,Возврат
500482,2024-01-18,1004.0,1,2600.0,Регионы,Wildberries,Доставлен
513339,2024-12-18,1025.0,1,3150.0,Регионы,Wildberries,Доставлен
508465,2024-08-31,1015.0,1,2420.0,Москва,Wildberries,Доставлен
507314,2024-08-02,1015.0,2,2430.0,Регионы,Wildberries,Отменён
506521,2024-07-08,1021.0,1,1670.0,Регионы,Wildberries,Доставлен
510745,2024-11-01,1011.0,3,3350.0,Москва,Wildberries,Доставлен
513511,2024-12-22,1001.0,1,1330.0,Москва,Wildberries,Доставлен
506648,2024-07-12,1016.0,1,2460.0,Новосибирск,Ozon,Доставлен
511322,2024-11-13,1016.0,1,2210.0,Санкт-Петербург,Ozon,Доставлен
502919,2024-03-23,1013.0,1,2110.0,Москва,Wildberries,Возврат
504042,2024-04-21,1006.0,1,3900.0,Санкт-Петербург,Ozon,Доставлен
510507,2024-10-26,1015.0,1,2440.0,Регионы,Wildberries,Доставлен
513771,2024-12-26,1011.0,2,3990.0,Екатеринбург,Ozon,Доставлен
504996,2024-05-21,1005.0,1,2350.0,Москва,Ozon,Доставлен
509134,2024-09-17,1010.0,1,1120.0,Регионы,Wildberries,Доставлен
513610,2024-12-23,1018.0,2,700.0,Санкт-Петербург,Wildberries,Доставлен
513720,2024-12-25,1013.0,1,2560.0,Санкт-Петербург,Ozon,Доставлен
508481,2024-08-31,1020.0,1,1320.0,Новосибирск,Wildberries,Доставлен
511430,2024-11-15,1019.0,1,2280.0,Санкт-Петербург,Wildberries,Доставлен
507398,2024-08-04,1012.0,1,2640.0,Москва,Ozon,Доставлен
512756,2024-12-09,1021.0,1,1450.0,Екатеринбург,Wildberries,Доставлен
511753,2024-11-21,1022.0,2,1720.0,Москва,Ozon,Доставлен
501810,2024-02-28,1023.0,1,990.0,Регионы,Ozon,Доставлен
506318,2024-07-02,1013.0,1,2330.0,Екатеринбург,Ozon,Доставлен
509358,2024-09-23,1005.0,1,2680.0,Москва,Wildberries,Доставлен
500205,2024-01-07,1006.0,1,3650.0,Регионы,Wildberries,Доставлен
513286,2024-12-18,1001.0,1,1310.0,Москва,Wildberries,Доставлен
503510,2024-04-06,1013.0,1,2370.0,Москва,Wildberries,Доставлен
501163,2024-02-09,1001.0,2,1180.0,Москва,Ozon,Доставлен
506775,2024-07-16,1024.0,1,3040.0,Москва,Ozon,Доставлен
510922,2024-11-05,1010.0,1,1260.0,Екатеринбург,Ozon,Доставлен
509793,2024-10-04,1017.0,1,1680.0,Москва,Wildberries,Доставлен
500087,2024-01-03,1023.0,2,860.0,Регионы,Wildberries,Доставлен
505966,2024-06-20,1021.0,1,1660.0,Москва,Ozon,Отменён
511831,2024-11-23,1008.0,1,4280.0,Санкт-Петербург,Wildberries,Возврат
502208,2024-03-08,1002.0,1,3600.0,Регионы,Wildberries,Доставлен
503047,2024-03-26,1002.0,1,4010.0,Москва,Wildberries,Возврат
507748,2024-08-13,1009.0,1,1770.0,Новосибирск,Ozon,Доставлен
504718,2024-05-11,1016.0,2,2620.0,Москва,Ozon,Доставлен
505910,2024-06-19,1004.0,1,2830.0,Регионы,Ozon,Доставлен
511625,2024-11-19,1015.0,1,2330.0,Екатеринбург,Wildberries,Доставлен
512229,2024-12-01,1007.0,3,1060.0,Екатеринбург,Ozon,Доставлен
508557,2024-09-03,1003.0,2,3030.0,Екатеринбург,Wildberries,Доставлен
503981,2024-04-19,1019.0,1,2000.0,Москва,Ozon,Доставлен
511683,2024-11-20,1011.0,1,3590.0,Москва,Wildberries,Доставлен
512648,2024-12-08,1003.0,1,3480.0,Регионы,Ozon,Доставлен
509485,2024-09-26,1008.0,2,4730.0,Регионы,Wildberries,Доставлен
503976,2024-04-19,1017.0,1,1370.0,Регионы,Ozon,Отменён
507680,2024-08-11,1024.0,2,3060.0,Регионы,Ozon,Возврат
508546,2024-09-02,1021.0,1,1420.0,Москва,Wildberries,Доставлен
512741,2024-12-09,1012.0,1,2790.0,Екатеринбург,Wildberries,Доставлен
501000,2024-02-04,1011.0,1,3850.0,Регионы,Ozon,Отменён
503173,2024-03-28,1015.0,1,2490.0,Новосибирск,Ozon,Доставлен
509229,2024-09-20,1007.0,1,1190.0,Москва,Wildberries,Доставлен
512926,2024-12-12,1007.0,1,1210.0,Новосибирск,Wildberries,Отменён
511019,2024-11-07,1018.0,1,680.0,Екатеринбург,Ozon,Доставлен
510995,2024-11-07,1004.0,1,2270.0,Москва,Ozon,Доставлен
505185,2024-05-27,1016.0,1,2260.0,Санкт-Петербург,Wildberries,Отменён
510887,2024-11-04,1008.0,1,4260.0,Екатеринбург,Ozon,Возврат
509529,2024-09-27,1010.0,1,1230.0,Москва,Wildberries,Доставлен
500996,2024-02-04,1008.0,1,4320.0,Новосибирск,Wildberries,Доставлен
508413,2024-08-30,1004.0,1,2820.0,Санкт-Петербург,Ozon,Доставлен
502402,2024-03-12,1006.0,1,3860.0,Москва,Wildberries,Возврат
513530,2024-12-22,1007.0,1,1100.0,Регионы,Wildberries,Доставлен
512601,2024-12-07,1011.0,1,3960.0,Регионы,Ozon,Доставлен
501045,2024-02-05,1020.0,1,1480.0,Екатеринбург,Ozon,Доставлен
503822,2024-04-15,1011.0,1,3650.0,Санкт-Петербург,Wildberries,Доставлен
508442,2024-08-30,1022.0,2,1540.0,Новосибирск,Wildberries,Доставлен
502008,2024-03-04,1013.0,1,2630.0,Москва,Wildberries,Доставлен
505289,2024-05-30,1024.0,1,3440.0,Екатеринбург,Wildberries,Доставлен
510079,2024-10-13,1020.0,1,1270.0,Москва,Wildberries,Доставлен
512205,2024-11-30,1024.0,1,3490.0,Санкт-Петербург,Ozon,Доставлен
504660,2024-05-09,1018.0,1,750.0,Москва,Wildberries,Доставлен
512261,2024-12-01,1020.0,1,1410.0,Регионы,Ozon,Доставлен
503467,2024-04-04,1008.0,1,4330.0,Москва,Wildberries,Доставлен
510731,2024-11-01,1007.0,1,1200.0,Регионы,Wildberries,Возврат
507215,2024-07-30,1020.0,1,1560.0,Екатеринбург,Ozon,Доставлен
512308,2024-12-02,1014.0,1,2630.0,Новосибирск,Wildberries,Доставлен
504482,2024-05-04,1003.0,2,3320.0,Регионы,Wildberries,Доставлен
507493,2024-08-07,1008.0,1,4820.0,Регионы,Wildberries,Отменён
512325,2024-12-02,1021.0,1,1710.0,Санкт-Петербург,Wildberries,Возврат
504619,2024-05-08,1003.0,1,3330.0,Москва,Ozon,Доставлен
500592,2024-01-21,1014.0,1,2330.0,Екатеринбург,Ozon,Доставлен
512479,2024-12-05,1007.0,1,1300.0,Санкт-Петербург,Wildberries,Доставлен
510395,2024-10-23,1010.0,1,1260.0,Новосибирск,Ozon,Доставлен
502226,2024-03-08,1011.0,2,3530.0,Санкт-Петербург,Wildberries,Доставлен
510452,2024-10-24,1024.0,1,3050.0,Регионы,Wildberries,Доставлен
500519,2024-01-19,1007.0,1,1180.0,Москва,Ozon,Доставлен
507871,2024-08-16,1017.0,1,1710.0,Екатеринбург,Ozon,Доставлен
505685,2024-06-12,1023.0,1,1040.0,Екатеринбург,Ozon,Доставлен
504692,2024-05-10,1017.0,1,1590.0,Москва,Wildberries,Возврат
503105,2024-03-27,1005.0,1,2700.0,Москва,Ozon,Доставлен
511709,2024-11-20,1024.0,1,3300.0,Новосибирск,Wildberries,Доставлен
504063,2024-04-22,1003.0,1,3410.0,Санкт-Петербург,Wildberries,Доставлен
506604,2024-07-11,1014.0,2,2370.0,Санкт-Петербург,Wildberries,Доставлен
505983,2024-06-21,1014.0,1,2390.0,Санкт-Петербург,Wildberries,Доставлен
511238,2024-11-12,1007.0,1,1110.0,Регионы,Ozon,Доставлен
501651,2024-02-23,1019.0,1,2270.0,Москва,Wildberries,Доставлен
511404,2024-11-15,1006.0,1,4070.0,Москва,Ozon,Доставлен
506057,2024-06-23,1021.0,1,1400.0,Москва,Wildberries,Возврат
513694,2024-12-25,1002.0,1,3510.0,Москва,Wildberries,Доставлен
509467,2024-09-25,1022.0,1,1550.0,Москва,Ozon,Доставлен
501817,2024-02-29,1004.0,1,2750.0,Новосибирск,Ozon,Доставлен
504852,2024-05-16,1013.0,1,2470.0,Санкт-Петербург,Wildberries,Доставлен
506899,2024-07-20,1019.0,1,2260.0,Москва,Wildberries,Доставлен
502635,2024-03-17,1007.0,1,1090.0,Регионы,Wildberries,Возврат
501328,2024-02-13,1016.0,3,2420.0,Екатеринбург,Wildberries,Доставлен
504736,2024-05-12,1004.0,1,2540.0,Санкт-Петербург,Wildberries,Доставлен
501054,2024-02-06,1001.0,1,1360.0,Регионы,Wildberries,Доставлен
500044,2024-01-02,1016.0,1,2620.0,Москва,Ozon,Возврат
500008,2024-01-01,1005.0,1,2680.0,Новосибирск,Wildberries,Доставлен
508673,2024-09-05,1015.0,1,2290.0,Санкт-Петербург,Wildberries,Доставлен
507907,2024-08-17,1021.0,2,1620.0,Регионы,Ozon,Доставлен
505591,2024-06-10,1002.0,1,3820.0,Екатеринбург,Ozon,Возврат
500472,2024-01-17,1021.0,1,1390.0,Новосибирск,Wildberries,Доставлен
510430,2024-10-24,1007.0,1,1290.0,Москва,Wildberries,Доставлен
502323,2024-03-10,1022.0,1,1480.0,Москва,Ozon,Доставлен
508092,2024-08-22,1007.0,1,1130.0,Регионы,Ozon,Доставлен
507644,2024-08-10,1021.0,1,1650.0,Москва,Ozon,Доставлен
508847,2024-09-09,1024.0,1,3370.0,Екатеринбург,Ozon,Возврат
513386,2024-12-19,1021.0,1,1540.0,Екатеринбург,Wildberries,Доставлен
504405,2024-05-01,1021.0,1,1460.0,Москва,Ozon,Доставлен
500465,2024-01-17,1013.0,1,2360.0,Санкт-Петербург,Wildberries,Доставлен
504564,2024-05-06,1017.0,1,1420.0,Регионы,Wildberries,Возврат
501692,2024-02-24,1019.0,1,2430.0,Регионы,Ozon,Доставлен
508890,2024-09-11,1002.0,1,3370.0,Регионы,Wildberries,Доставлен
502231,2024-03-08,1017.0,1,1680.0,Санкт-Петербург,Wildberries,Доставлен
507580,2024-08-09,1010.0,1,1270.0,Регионы,Ozon,Доставлен
514048,2024-12-30,1019.0,1,1960.0,Санкт-Петербург,Ozon,Доставлен
510888,2024-11-04,1009.0,1,1880.0,Екатеринбург,Ozon,Доставлен
508258,2024-08-26,1009.0,1,2000.0,Москва,Wildberries,Доставлен
501349,2024-02-14,1010.0,1,1350.0,Санкт-Петербург,Wildberries,Отменён
510608,2024-10-28,1025.0,1,3150.0,Москва,Wildberries,Доставлен
502481,2024-03-13,1025.0,1,3020.0,Екатеринбург,Wildberries,Доставлен
505529,2024-06-07,1024.0,1,3540.0,Екатеринбург,Wildberries,Возврат
502150,2024-03-06,1024.0,1,3390.0,Регионы,Wildberries,Доставлен
502097,2024-03-06,1003.0,1,3010.0,Санкт-Петербург,Wildberries,Возврат
506189,2024-06-28,1009.0,1,1660.0,Регионы,Wildberries,Доставлен
505092,2024-05-24,1021.0,1,1430.0,Регионы,Ozon,Возврат
506468,2024-07-07,1001.0,1,1140.0,Санкт-Петербург,Wildberries,Отменён
513728,2024-12-25,1016.0,1,2410.0,Санкт-Петербург,Wildberries,Доставлен
511905,2024-11-24,1013.0,1,2340.0,Новосибирск,Wildberries,Доставлен
507234,2024-07-31,1010.0,1,1220.0,Екатеринбург,Ozon,Доставлен
511069,2024-11-08,1022.0,1,1440.0,Санкт-Петербург,Wildberries,Доставлен
506206,2024-06-28,1022.0,2,1660.0,Екатеринбург,Wildberries,Доставлен
510240,2024-10-18,1015.0,1,2140.0,Екатеринбург,Ozon,Доставлен
512014,2024-11-27,1004.0,1,2650.0,Регионы,Wildberries,Доставлен
504226,2024-04-26,1020.0,1,1350.0,Регионы,Wildberries,Доставлен
504137,2024-04-24,1003.0,1,3500.0,Москва,Ozon,Доставлен
500850,2024-01-30,1022.0,1,1430.0,Регионы,Wildberries,Отменён
501822,2024-02-29,1008.0,1,4850.0,Екатеринбург,Ozon,Доставлен
500418,2024-01-15,1019.0,2,2040.0,Регионы,Wildberries,Доставлен
503719,2024-04-12,1019.0,1,2050.0,Москва,Wildberries,Доставлен
510556,2024-10-27,1017.0,1,1510.0,Санкт-Петербург,Wildberries,Доставлен
512231,2024-12-01,1008.0,1,4660.0,Москва,Wildberries,Доставлен
510478,2024-10-25,1024.0,1,3120.0,Москва,Wildberries,Доставлен
512386,2024-12-03,1024.0,1,3060.0,Екатеринбург,Wildberries,Доставлен
510742,2024-11-01,1010.0,1,1210.0,Москва,Ozon,Доставлен
504174,2024-04-25,1004.0,2,2250.0,Санкт-Петербург,Ozon,Доставлен
501923,2024-03-02,1014.0,2,2230.0,Екатеринбург,Wildberries,Доставлен
512647,2024-12-08,1003.0,1,3360.0,Регионы,Ozon,Доставлен
513588,2024-12-23,1008.0,1,4650.0,Регионы,Ozon,Доставлен
505490,2024-06-06,1010.0,1,1260.0,Санкт-Петербург,Wildberries,Доставлен
510763,2024-11-01,1021.0,1,1640.0,Новосибирск,Wildberries,Возврат
503762,2024-04-13,1024.0,1,3290.0,Екатеринбург,Ozon,Доставлен
509712,2024-10-02,1001.0,1,1200.0,Екатеринбург,Wildberries,Отменён
502103,2024-03-06,1005.0,1,2600.0,Санкт-Петербург,Wildberries,Отменён
512417,2024-12-04,1007.0,1,1140.0,Санкт-Петербург,Ozon,Возврат
513609,2024-12-23,1018.0,1,740.0,Регионы,Ozon,Возврат
504156,2024-04-24,1014.0,1,2670.0,Екатеринбург,Wildberries,Доставлен
502233,2024-03-08,1018.0,1,800.0,Москва,Ozon,Доставлен
513331,2024-12-18,1016.0,2,2370.0,Регионы,Wildberries,Доставлен
509674,2024-10-01,1001.0,1,1120.0,Санкт-Петербург,Wildberries,Отменён
508575,2024-09-03,1015.0,2,2300.0,Регионы,Wildberries,Доставлен
513578,2024-12-23,1003.0,1,3040.0,Санкт-Петербург,Wildberries,Доставлен
506302,2024-07-01,1025.0,1,2810.0,Москва,Ozon,Доставлен
504932,2024-05-19,1005.0,1,2760.0,Регионы,Wildberries,Доставлен
500030,2024-01-02,1002.0,1,4170.0,Санкт-Петербург,Wildberries,Доставлен
510060,2024-10-13,1005.0,1,2610.0,Новосибирск,Wildberries,Доставлен
508514,2024-09-01,1021.0,1,1490.0,Новосибирск,Ozon,Доставлен
501824,2024-02-29,1009.0,2,1790.0,Санкт-Петербург,Wildberries,Доставлен
506921,2024-07-21,1012.0,2,3320.0,Екатеринбург,Wildberries,Доставлен
503698,2024-04-12,1002.0,1,3770.0,Москва,Wildberries,Возврат
511833,2024-11-23,1009.0,1,1830.0,Москва,Wildberries,Доставлен
503685,2024-04-11,1021.0,1,1490.0,Регионы,Wildberries,Доставлен
503345,2024-03-31,1023.0,1,1030.0,Санкт-Петербург,Wildberries,Доставлен
505969,2024-06-20,1024.0,1,3470.0,Санкт-Петербург,Ozon,Доставлен
511983,2024-11-26,1011.0,1,3570.0,Новосибирск,Ozon,Возврат
507994,2024-08-19,1021.0,1,1430.0,Санкт-Петербург,Wildberries,Доставлен
512224,2024-12-01,1004.0,1,2310.0,Москва,Ozon,Доставлен
508772,2024-09-07,1024.0,1,3130.0,Регионы,Wildberries,Доставлен
512796,2024-12-10,1010.0,1,1210.0,Новосибирск,Wildberries,Доставлен
509130,2024-09-17,1007.0,1,1050.0,Москва,Ozon,Доставлен
513009,2024-12-13,1015.0,1,2390.0,Регионы,Ozon,Возврат
506512,2024-07-08,1013.0,1,2580.0,Новосибирск,Wildberries,Доставлен
503281,2024-03-30,1022.0,2,1530.0,Санкт-Петербург,Wildberries,Доставлен
506390,2024-07-04,1024.0,1,3270.0,Москва,Ozon,Доставлен
502948,2024-03-24,1002.0,1,4010.0,Регионы,Wildberries,Доставлен
511378,2024-11-14,1015.0,1,2050.0,Екатеринбург,Ozon,Доставлен
503168,2024-03-28,1013.0,1,2110.0,Новосибирск,Ozon,Доставлен
508290,2024-08-26,1021.0,2,1560.0,Регионы,Ozon,Доставлен
507005,2024-07-24,1010.0,1,1250.0,Новосибирск,Wildberries,Доставлен
502413,2024-03-12,1013.0,1,2330.0,Регионы,Ozon,Доставлен
506309,2024-07-02,1007.0,1,1200.0,Санкт-Петербург,Wildberries,Возврат
510622,2024-10-29,1009.0,1,2020.0,Москва,Wildberries,Доставлен
502246,2024-03-08,1024.0,2,3140.0,Москва,Wildberries,Доставлен
507585,2024-08-09,1012.0,2,2840.0,Екатеринбург,Ozon,Доставлен
504607,2024-05-07,1022.0,1,1560.0,Москва,Wildberries,Доставлен
510269,2024-10-19,1007.0,1,1080.0,Москва,Wildberries,Доставлен
500448,2024-01-16,1024.0,1,3480.0,Санкт-Петербург,Ozon,Доставлен
505773,2024-06-15,1019.0,1,2500.0,Москва,Wildberries,Возврат
505994,2024-06-21,1022.0,1,1540.0,Москва,Ozon,Доставлен
506965,2024-07-22,1018.0,2,710.0,Екатеринбург,Ozon,Доставлен
500015,2024-01-01,1009.0,1,1990.0,Санкт-Петербург,Wildberries,Доставлен
504394,2024-05-01,1015.0,2,2170.0,Регионы,Wildberries,Доставлен
511975,2024-11-26,1004.0,1,2740.0,Новосибирск,Wildberries,Доставлен
509408,2024-09-24,1011.0,1,3440.0,Екатеринбург,Wildberries,Доставлен
505664,2024-06-12,1009.0,1,1730.0,Регионы,Wildberries,Доставлен
505505,2024-06-06,1024.0,1,3760.0,Санкт-Петербург,Ozon,Доставлен
503795,2024-04-14,1023.0,1,930.0,Регионы,Wildberries,Доставлен
511274,2024-11-12,1024.0,1,3590.0,Регионы,Ozon,Доставлен
506227,2024-06-29,1013.0,1,2240.0,Регионы,Ozon,Доставлен
508171,2024-08-24,1013.0,1,2520.0,Москва,Ozon,Доставлен
513493,2024-12-21,1017.0,1,1450.0,Москва,Wildberries,Доставлен
502343,2024-03-11,1004.0,1,2620.0,Санкт-Петербург,Ozon,Доставлен
500287,2024-01-10,1014.0,2,2370.0,Регионы,Wildberries,Доставлен
503844,2024-04-15,1025.0,1,3160.0,Новосибирск,Ozon,Доставлен
504219,2024-04-26,1015.0,1,2120.0,Санкт-Петербург,Wildberries,Доставлен
502313,2024-03-10,1014.0,2,2150.0,Новосибирск,Wildberries,Возврат
511052,2024-11-08,1011.0,1,3830.0,Екатеринбург,Ozon,Доставлен
508972,2024-09-13,1010.0,2,1090.0,Регионы,Ozon,Доставлен
505751,2024-06-15,1005.0,1,2440.0,Екатеринбург,Ozon,Доставлен
507271,2024-08-01,1009.0,1,2000.0,Регионы,Wildberries,Отменён
513655,2024-12-24,1010.0,2,1310.0,Регионы,Wildberries,Доставлен
504020,2024-04-20,1021.0,1,1390.0,Санкт-Петербург,Ozon,Доставлен
502053,2024-03-05,1005.0,1,2360.0,Санкт-Петербург,Wildberries,Доставлен
512039,2024-11-27,1018.0,1,720.0,Новосибирск,Ozon,Доставлен
510517,2024-10-26,1019.0,1,2130.0,Новосибирск,Wildberries,Доставлен
506661,2024-07-13,1007.0,1,1100.0,Санкт-Петербург,Wildberries,Доставлен
505005,2024-05-21,1009.0,1,1860.0,Регионы,Ozon,Возврат
504447,2024-05-02,1026.0,1,2650.0,Регионы,Ozon,Доставлен
513299,2024-12-18,1005.0,1,2610.0,Санкт-Петербург,Wildberries,Отменён
500166,2024-01-06,1001.0,1,1230.0,Москва,Ozon,Доставлен
511981,2024-11-26,1010.0,1,1180.0,Регионы,Wildberries,Доставлен
508853,2024-09-10,1005.0,1,2470.0,Новосибирск,Ozon,Отменён
506392,2024-07-04,1025.0,1,2980.0,Москва,Ozon,Доставлен
511301,2024-11-13,1009.0,1,1730.0,Екатеринбург,Ozon,Возврат
501340,2024-02-14,1004.0,1,2380.0,Москва,Wildberries,Доставлен
507044,2024-07-25,1019.0,1,2020.0,Москва,Ozon,Доставлен
501139,2024-02-08,1015.0,1,2330.0,Москва,Wildberries,Доставлен
510811,2024-11-02,1020.0,1,1600.0,Санкт-Петербург,Wildberries,Возврат
506303,2024-07-01,1025.0,1,2850.0,Регионы,Wildberries,Доставлен
507754,2024-08-13,1013.0,1,2320.0,Регионы,Wildberries,Доставлен
512651,2024-12-08,1004.0,1,2790.0,Екатеринбург,Wildberries,Доставлен
510409,2024-10-23,1021.0,1,1600.0,Екатеринбург,Wildberries,Доставлен
502189,2024-03-07,1017.0,1,1730.0,Екатеринбург,Wildberries,Доставлен
503974,2024-04-19,1015.0,1,2480.0,Санкт-Петербург,Ozon,Отменён
505229,2024-05-29,1001.0,1,1110.0,Москва,Ozon,Доставлен
500300,2024-01-10,1025.0,1,3130.0,Санкт-Петербург,Wildberries,Возврат
513831,2024-12-27,1009.0,1,1720.0,Регионы,Ozon,Доставлен
506542,2024-07-09,1017.0,2,1670.0,Регионы,Wildberries,Доставлен
501616,2024-02-22,1018.0,2,740.0,Москва,Wildberries,Доставлен
505328,2024-06-01,1009.0,1,1870.0,Регионы,Ozon,Доставлен
512591,2024-12-07,1008.0,1,4070.0,Санкт-Петербург,Wildberries,Доставлен
505660,2024-06-12,1005.0,1,2250.0,Екатеринбург,Wildberries,Доставлен
509326,2024-09-22,1014.0,1,2720.0,Москва,Ozon,Доставлен
503082,2024-03-26,1021.0,1,1660.0,Москва,Ozon,Доставлен
503143,2024-03-27,1025.0,1,2830.0,Санкт-Петербург,Wildberries,Доставлен
510130,2024-10-15,1012.0,2,3080.0,Новосибирск,Ozon,Доставлен
506067,2024-06-24,1003.0,1,3220.0,Санкт-Петербург,Wildberries,Отменён
509241,2024-09-20,1013.0,1,2590.0,Регионы,Ozon,Доставлен
501428,2024-02-16,1019.0,1,1980.0,Москва,Wildberries,Доставлен
505244,2024-05-29,1017.0,1,1590.0,Москва,Wildberries,Доставлен
505625,2024-06-11,1006.0,1,3950.0,Москва,Wildberries,Доставлен
504149,2024-04-24,1007.0,1,1170.0,Новосибирск,Wildberries,Возврат
500847,2024-01-30,1016.0,1,2220.0,Новосибирск,Ozon,Доставлен
508444,2024-08-30,1025.0,1,2980.0,Регионы,Ozon,Доставлен
503035,2024-03-25,1025.0,1,2740.0,Регионы,Ozon,Возврат
509220,2024-09-20,1001.0,2,1360.0,Регионы,Wildberries,Доставлен
513366,2024-12-19,1013.0,1,2460.0,Новосибирск,Ozon,Возврат
508999,2024-09-13,1026.0,1,2420.0,Москва,Wildberries,Доставлен
509745,2024-10-03,1002.0,1,4220.0,Екатеринбург,Ozon,Доставлен
500032,2024-01-02,1003.0,1,3040.0,Санкт-Петербург,Ozon,Доставлен
508908,2024-09-11,1013.0,1,2650.0,Екатеринбург,Ozon,Доставлен
510577,2024-10-28,1002.0,1,4180.0,Екатеринбург,Wildberries,Доставлен
512246,2024-12-01,1013.0,2,2400.0,Регионы,Ozon,Доставлен
500812,2024-01-29,1014.0,1,2510.0,Москва,Wildberries,Доставлен
512818,2024-12-10,1019.0,1,2370.0,Регионы,Ozon,Доставлен
501485,2024-02-18,1022.0,1,1450.0,Регионы,Wildberries,Доставлен
503460,2024-04-04,1003.0,1,3170.0,Регионы,Ozon,Доставлен
511972,2024-11-26,1001.0,1,1240.0,Регионы,Wildberries,Доставлен
509237,2024-09-20,1012.0,2,2750.0,Екатеринбург,Wildberries,Доставлен
505856,2024-06-18,1003.0,2,3650.0,Санкт-Петербург,Wildberries,Возврат
502145,2024-03-06,1023.0,1,880.0,Москва,Wildberries,Доставлен
513423,2024-12-20,1012.0,1,3010.0,Новосибирск,Wildberries,Доставлен
510682,2024-10-31,1004.0,1,2790.0,Москва,Wildberries,Доставлен
511437,2024-11-15,1023.0,1,860.0,Санкт-Петербург,Wildberries,Доставлен
506453,2024-07-06,1019.0,1,2500.0,Регионы,Wildberries,Доставлен
503192,2024-03-28,1024.0,1,3360.0,Москва,Wildberries,Доставлен
512131,2024-11-29,1010.0,1,1280.0,Екатеринбург,Ozon,Доставлен
508767,2024-09-07,1021.0,2,1450.0,Санкт-Петербург,Ozon,Доставлен
507811,2024-08-15,1004.0,2,2680.0,Москва,Wildberries,Доставлен
500331,2024-01-12,1001.0,1,1200.0,Регионы,Wildberries,Доставлен
513507,2024-12-21,1024.0,1,3690.0,Регионы,Wildberries,Доставлен
503511,2024-04-06,1013.0,1,2080.0,Екатеринбург,Wildberries,Доставлен
513683,2024-12-24,1023.0,1,840.0,Москва,Ozon,Доставлен
505612,2024-06-10,1024.0,1,3010.0,Екатеринбург,Ozon,Доставлен
509054,2024-09-15,1012.0,1,3080.0,Москва,Ozon,Возврат
506875,2024-07-19,1022.0,2,1690.0,Регионы,Ozon,Доставлен
501199,2024-02-10,1008.0,1,4110.0,Регионы,Ozon,Доставлен
505208,2024-05-28,1010.0,1,1380.0,Москва,Wildberries,Доставлен
504424,2024-05-02,1009.0,2,1600.0,Москва,Ozon,Доставлен
503952,2024-04-19,1004.0,1,2830.0,Москва,Wildberries,Доставлен
501089,2024-02-07,1002.0,1,3870.0,Екатеринбург,Wildberries,Доставлен
512699,2024-12-08,1020.0,1,1360.0,Москва,Wildberries,Доставлен
502516,2024-03-14,1018.0,1,690.0,Регионы,Wildberries,Доставлен
508196,2024-08-24,1024.0,1,3530.0,Санкт-Петербург,Wildberries,Отменён
503725,2024-04-12,1022.0,1,1630.0,Екатеринбург,Ozon,Доставлен
513916,2024-12-28,1018.0,1,680.0,Санкт-Петербург,Ozon,Доставлен
504041,2024-04-21,1006.0,1,4580.0,Новосибирск,Wildberries,Доставлен
507924,2024-08-18,1006.0,1,3600.0,Москва,Wildberries,Доставлен
502460,2024-03-13,1013.0,1,2320.0,Москва,Ozon,Доставлен
500550,2024-01-19,1026.0,1,2250.0,Москва,Wildberries,Доставлен
513013,2024-12-13,1016.0,1,2730.0,Регионы,Wildberries,Отменён
505582,2024-06-09,1019.0,1,2060.0,Регионы,Wildberries,Доставлен
502301,2024-03-10,1005.0,1,2670.0,Регионы,Wildberries,Доставлен
504361,2024-04-30,1019.0,1,2500.0,Москва,Ozon,Доставлен
503096,2024-03-27,1001.0,1,1280.0,Екатеринбург,Wildberries,Доставлен
509664,2024-09-30,1021.0,1,1470.0,Москва,Wildberries,Доставлен
509427,2024-09-24,1022.0,1,1480.0,Регионы,Wildberries,Доставлен
509347,2024-09-22,1026.0,2,2370.0,Регионы,Ozon,Доставлен
509594,2024-09-29,1003.0,1,3420.0,Москва,Ozon,Отменён
511967,2024-11-25,1025.0,2,2950.0,Санкт-Петербург,Ozon,Возврат
508093,2024-08-22,1007.0,1,1310.0,Москва,Ozon,Доставлен
500919,2024-02-02,1005.0,1,2430.0,Новосибирск,Wildberries,Доставлен
505161,2024-05-26,1023.0,1,940.0,Екатеринбург,Ozon,Доставлен
510541,2024-10-27,1003.0,1,3590.0,Санкт-Петербург,Wildberries,Доставлен
509816,2024-10-05,1011.0,1,3650.0,Санкт-Петербург,Wildberries,Доставлен
511853,2024-11-23,1014.0,2,2610.0,Новосибирск,Ozon,Доставлен
512548,2024-12-06,1012.0,1,3290.0,Москва,Wildberries,Доставлен
502602,2024-03-16,1007.0,1,1220.0,Санкт-Петербург,Wildberries,Отменён
503634,2024-04-10,1006.0,1,4400.0,Регионы,Ozon,Доставлен
510014,2024-10-11,1017.0,1,1570.0,Регионы,Wildberries,Доставлен
508660,2024-09-05,1009.0,1,1700.0,Екатеринбург,Ozon,Доставлен
505098,2024-05-24,1025.0,1,3030.0,Регионы,Wildberries,Доставлен
509685,2024-10-01,1007.0,1,1160.0,Москва,Ozon,Доставлен
504631,2024-05-08,1012.0,1,2650.0,Регионы,Wildberries,Доставлен
513424,2024-12-20,1013.0,1,2370.0,Екатеринбург,Ozon,Доставлен
513829,2024-12-27,1008.0,1,4140.0,Москва,Wildberries,Доставлен
504171,2024-04-25,1003.0,1,3640.0,Санкт-Петербург,Wildberries,Доставлен
510407,2024-10-23,1018.0,1,860.0,Москва,Ozon,Доставлен
501889,2024-03-01,1025.0,1,2950.0,Екатеринбург,Wildberries,Доставлен
512501,2024-12-05,1016.0,1,2800.0,Москва,Wildberries,Доставлен
505806,2024-06-16,1018.0,1,730.0,Москва,Wildberries,Доставлен
504862,2024-05-16,1026.0,1,2690.0,Новосибирск,Wildberries,Доставлен
511321,2024-11-13,1015.0,1,2480.0,Москва,Wildberries,Доставлен
510680,2024-10-31,1002.0,1,4050.0,Москва,Ozon,Доставлен
506121,2024-06-26,1001.0,1,1260.0,Регионы,Wildberries,Доставлен
512323,2024-12-02,1018.0,1,750.0,Санкт-Петербург,Ozon,Доставлен
508214,2024-08-25,1011.0,1,3990.0,Регионы,Wildberries,Доставлен
501205,2024-02-10,1012.0,1,3340.0,Санкт-Петербург,Wildberries,Доставлен
506525,2024-07-08,1026.0,1,2610.0,Москва,Ozon,Доставлен
502674,2024-03-18,1003.0,1,3630.0,Регионы,Ozon,Доставлен
505626,2024-06-11,1006.0,1,3780.0,Москва,Wildberries,Доставлен
511468,2024-11-16,1011.0,1,3200.0,Регионы,Wildberries,Возврат
510596,2024-10-28,1014.0,1,2350.0,Москва,Wildberries,Доставлен
507358,2024-08-03,1013.0,1,2250.0,Санкт-Петербург,Wildberries,Доставлен
511785,2024-11-22,1011.0,1,3750.0,Регионы,Wildberries,Доставлен
509507,2024-09-26,1022.0,1,1650.0,Санкт-Петербург,Wildberries,Доставлен
510554,2024-10-27,1015.0,2,2160.0,Москва,Wildberries,Доставлен
506632,2024-07-12,1006.0,1,4190.0,Санкт-Петербург,Wildberries,Доставлен
509240,2024-09-20,1012.0,1,3290.0,Москва,Wildberries,Доставлен
503248,2024-03-29,1026.0,1,2520.0,Екатеринбург,Ozon,Доставлен
513519,2024-12-22,1005.0,1,2680.0,Москва,Wildberries,Доставлен
504391,2024-05-01,1014.0,1,2650.0,Санкт-Петербург,Wildberries,Доставлен
506074,2024-06-24,1009.0,1,1860.0,Екатеринбург,Wildberries,Доставлен
512003,2024-11-26,1024.0,1,3380.0,Регионы,Wildberries,Доставлен
500811,2024-01-29,1012.0,1,2810.0,Санкт-Петербург,Ozon,Доставлен
506786,2024-07-17,1004.0,1,2280.0,Новосибирск,Wildberries,Доставлен
510672,2024-10-30,1022.0,2,1460.0,Регионы,Wildberries,Доставлен
514047,2024-12-30,1018.0,1,690.0,Регионы,Wildberries,Доставлен
501369,2024-02-15,1002.0,1,3930.0,Екатеринбург,Ozon,Доставлен
510861,2024-11-03,1021.0,1,1520.0,Санкт-Петербург,Ozon,Доставлен
501521,2024-02-19,1026.0,1,2730.0,Москва,Ozon,Возврат
513650,2024-12-24,1009.0,1,1730.0,Санкт-Петербург,Wildberries,Отменён
501206,2024-02-10,1013.0,1,2280.0,Регионы,Wildberries,Доставлен
507239,2024-07-31,1015.0,1,2160.0,Новосибирск,Wildberries,Возврат
502333,2024-03-10,1024.0,1,3450.0,Санкт-Петербург,Ozon,Доставлен
504035,2024-04-21,1003.0,1,3270.0,Регионы,Ozon,Доставлен
503850,2024-04-16,1004.0,1,2820.0,Москва,Wildberries,Возврат
504227,2024-04-26,1022.0,1,1580.0,Екатеринбург,Wildberries,Доставлен
509148,2024-09-17,1021.0,1,1660.0,Москва,Wildberries,Возврат
500860,2024-01-31,1008.0,1,4040.0,Новосибирск,Wildberries,Доставлен
502034,2024-03-04,1024.0,1,3080.0,Москва,Ozon,Доставлен
501316,2024-02-13,1006.0,1,3930.0,Регионы,Wildberries,Возврат
510592,2024-10-28,1011.0,1,3400.0,Екатеринбург,Ozon,Отменён
508499,2024-09-01,1007.0,1,1060.0,Регионы,Ozon,Доставлен
507123,2024-07-27,1025.0,1,3170.0,Санкт-Петербург,Wildberries,Доставлен
504720,2024-05-11,1017.0,1,1610.0,Москва,Ozon,Доставлен
507639,2024-08-10,1019.0,1,2220.0,Екатеринбург,Wildberries,Доставлен
504785,2024-05-13,1013.0,1,2600.0,Регионы,Ozon,Доставлен
500056,2024-01-02,1023.0,1,840.0,Санкт-Петербург,Ozon,Доставлен
501367,2024-02-15,1001.0,1,1380.0,Санкт-Петербург,Wildberries,Возврат
507294,2024-08-01,1024.0,1,3460.0,Новосибирск,Wildberries,Доставлен
511236,2024-11-12,1006.0,1,4120.0,Москва,Wildberries,Доставлен
503925,2024-04-18,1015.0,1,2240.0,Регионы,Ozon,Возврат
507505,2024-08-07,1015.0,2,2320.0,Санкт-Петербург,Ozon,Доставлен
512602,2024-12-07,1011.0,1,3600.0,Регионы,Wildberries,Доставлен
502507,2024-03-14,1012.0,2,3140.0,Санкт-Петербург,Ozon,Доставлен
507200,2024-07-30,1002.0,1,3390.0,Санкт-Петербург,Wildberries,Доставлен
505876,2024-06-18,1013.0,2,2220.0,Екатеринбург,Ozon,Доставлен
507459,2024-08-06,1004.0,2,2760.0,Регионы,Wildberries,Доставлен
508655,2024-09-05,1005.0,1,2540.0,Москва,Ozon,Доставлен
501574,2024-02-21,1014.0,1,2250.0,Санкт-Петербург,Ozon,Возврат
504889,2024-05-17,1022.0,1,1460.0,Новосибирск,Ozon,Доставлен
500309,2024-01-11,1011.0,1,3820.0,Регионы,Ozon,Возврат
510314,2024-10-20,1012.0,1,2880.0,Регионы,Wildberries,Доставлен
506508,2024-07-08,1009.0,1,2020.0,Москва,Wildberries,Доставлен
500580,2024-01-21,1006.0,1,4140.0,Москва,Wildberries,Доставлен
501706,2024-02-25,1011.0,1,3310.0,Москва,Wildberries,Доставлен
507277,2024-08-01,1013.0,1,2620.0,Регионы,Wildberries,Доставлен
506652,2024-07-12,1020.0,1,1340.0,Регионы,Wildberries,Отменён
505108,2024-05-25,1005.0,1,2400.0,Регионы,Ozon,Доставлен
512288,2024-12-02,1007.0,1,1240.0,Москва,Wildberries,Доставлен
502995,2024-03-25,1003.0,1,3390.0,Санкт-Петербург,Ozon,Отменён
507179,2024-07-29,1018.0,1,790.0,Регионы,Wildberries,Доставлен
505131,2024-05-25,1023.0,1,860.0,Екатеринбург,Ozon,Доставлен
505901,2024-06-18,1024.0,1,3700.0,Регионы,Wildberries,Доставлен
510230,2024-10-18,1008.0,1,3990.0,Санкт-Петербург,Ozon,Возврат
500697,2024-01-25,1012.0,1,2950.0,Регионы,Ozon,Доставлен
506478,2024-07-07,1012.0,1,3040.0,Санкт-Петербург,Wildberries,Возврат
506956,2024-07-22,1012.0,1,3310.0,Новосибирск,Ozon,Доставлен
506333,2024-07-02,1021.0,1,1480.0,Санкт-Петербург,Wildberries,Доставлен
509145,2024-09-17,1019.0,1,2170.0,Новосибирск,Wildberries,Доставлен
510288,2024-10-19,1019.0,1,2240.0,Регионы,Ozon,Доставлен
509063,2024-09-15,1018.0,1,800.0,Москва,Wildberries,Доставлен
513633,2024-12-24,1001.0,1,1270.0,Регионы,Ozon,Доставлен
511242,2024-11-12,1008.0,1,4610.0,Санкт-Петербург,Ozon,Доставлен
513941,2024-12-29,1001.0,1,1360.0,Екатеринбург,Wildberries,Доставлен
510849,2024-11-03,1012.0,1,2900.0,Москва,Wildberries,Доставлен
512036,2024-11-27,1015.0,1,2200.0,Москва,Wildberries,Доставлен
511695,2024-11-20,1017.0,2,1680.0,Москва,Wildberries,Возврат
509169,2024-09-18,1012.0,1,2650.0,Санкт-Петербург,Ozon,Доставлен
507064,2024-07-26,1009.0,1,1800.0,Санкт-Петербург,Wildberries,Доставлен
505804,2024-06-16,1018.0,1,720.0,Новосибирск,Wildberries,Отменён
511545,2024-11-18,1001.0,1,1400.0,Регионы,Wildberries,Доставлен
500958,2024-02-03,1013.0,1,2470.0,Москва,Ozon,Доставлен
505915,2024-06-19,1009.0,1,1760.0,Москва,Wildberries,Доставлен
507007,2024-07-24,1013.0,2,2520.0,Регионы,Ozon,Доставлен
505270,2024-05-30,1012.0,1,3060.0,Новосибирск,Wildberries,Доставлен
511892,2024-11-24,1008.0,1,4800.0,Новосибирск,Ozon,Доставлен
509533,2024-09-27,1011.0,2,3740.0,Новосибирск,Ozon,Доставлен
506072,2024-06-24,1007.0,1,1280.0,Регионы,Ozon,Доставлен
510015,2024-10-11,1017.0,1,1570.0,Регионы,Wildberries,Доставлен
510522,2024-10-26,1023.0,1,990.0,Новосибирск,Ozon,Доставлен
510122,2024-10-15,1005.0,1,2510.0,Новосибирск,Wildberries,Доставлен
511356,2024-11-14,1005.0,1,2640.0,Новосибирск,Wildberries,Возврат
500354,2024-01-12,1025.0,1,2870.0,Екатеринбург,Wildberries,Доставлен
504828,2024-05-15,1020.0,1,1610.0,Москва,Ozon,Доставлен
509638,2024-09-30,1004.0,1,2650.0,Регионы,Ozon,Доставлен
504799,2024-05-14,1002.0,1,4150.0,Москва,Wildberries,Доставлен
510919,2024-11-05,1009.0,1,1670.0,Москва,Wildberries,Доставлен
513875,2024-12-28,1005.0,1,2620.0,Санкт-Петербург,Ozon,Доставлен
506759,2024-07-16,1015.0,1,2380.0,Новосибирск,Wildberries,Доставлен
512334,2024-12-02,1024.0,1,3410.0,Новосибирск,Ozon,Доставлен
511393,2024-11-14,1024.0,1,3490.0,Санкт-Петербург,Wildberries,Возврат
512221,2024-12-01,1004.0,1,2570.0,Санкт-Петербург,Ozon,Доставлен
511919,2024-11-24,1022.0,1,1680.0,Санкт-Петербург,Wildberries,Доставлен
507282,2024-08-01,1016.0,1,2220.0,Регионы,Ozon,Доставлен
509578,2024-09-28,1021.0,2,1720.0,Регионы,Ozon,Доставлен
503247,2024-03-29,1025.0,1,2680.0,Регионы,Wildberries,Доставлен
511914,2024-11-24,1017.0,1,1480.0,Регионы,Wildberries,Доставлен
500502,2024-01-18,1019.0,1,2420.0,Екатеринбург,Ozon,Доставлен
511717,2024-11-21,1002.0,1,3760.0,Москва,Wildberries,Доставлен
513142,2024-12-15,1017.0,1,1420.0,Санкт-Петербург,Wildberries,Доставлен
509441,2024-09-25,1002.0,1,3790.0,Москва,Wildberries,Доставлен
510297,2024-10-19,1025.0,1,2670.0,Екатеринбург,Wildberries,Отменён
510426,2024-10-24,1005.0,1,2510.0,Москва,Ozon,Доставлен
513621,2024-12-23,1022.0,1,1560.0,Санкт-Петербург,Wildberries,Возврат
501008,2024-02-04,1014.0,1,2470.0,Санкт-Петербург,Ozon,Доставлен
507153,2024-07-28,1023.0,1,1040.0,Екатеринбург,Wildberries,Доставлен
513695,2024-12-25,1003.0,1,3730.0,Регионы,Wildberries,Доставлен
513164,2024-12-16,1002.0,1,3620.0,Москва,Wildberries,Доставлен
502172,2024-03-07,1008.0,1,4840.0,Москва,Wildberries,Доставлен
505384,2024-06-02,1024.0,1,3570.0,Регионы,Wildberries,Доставлен
504465,2024-05-03,1018.0,1,790.0,Москва,Wildberries,Доставлен
511409,2024-11-15,1009.0,1,1630.0,Регионы,Wildberries,Доставлен
513557,2024-12-22,1019.0,1,2490.0,Новосибирск,Ozon,Доставлен
512021,2024-11-27,1008.0,1,4420.0,Регионы,Wildberries,Отменён
501319,2024-02-13,1011.0,1,3940.0,Регионы,Ozon,Возврат
504590,2024-05-07,1014.0,1,2330.0,Екатеринбург,Wildberries,Доставлен
504430,2024-05-02,1014.0,1,2430.0,Регионы,Wildberries,Доставлен
501476,2024-02-18,1009.0,1,1630.0,Москва,Wildberries,Доставлен
508872,2024-09-10,1019.0,1,2460.0,Москва,Ozon,Доставлен
506933,2024-07-21,1020.0,1,1400.0,Екатеринбург,Wildberries,Возврат
505318,2024-05-31,1026.0,1,2700.0,Новосибирск,Wildberries,Доставлен
508039,2024-08-21,1003.0,1,3410.0,Регионы,Ozon,Доставлен
512530,2024-12-06,1006.0,2,3630.0,Новосибирск,Wildberries,Доставлен
508573,2024-09-03,1015.0,1,2160.0,Москва,Wildberries,Возврат
512812,2024-12-10,1016.0,1,2640.0,Новосибирск,Wildberries,Доставлен
505832,2024-06-17,1009.0,2,1860.0,Москва,Ozon,Доставлен
504164,2024-04-24,1026.0,2,2430.0,Регионы,Ozon,Доставлен
510075,2024-10-13,1015.0,1,2050.0,Москва,Wildberries,Доставлен
508670,2024-09-05,1014.0,1,2460.0,Екатеринбург,Ozon,Доставлен
508096,2024-08-22,1012.0,1,3030.0,Москва,Ozon,Отменён
501614,2024-02-22,1016.0,1,2550.0,Москва,Wildberries,Доставлен
510575,2024-10-28,1001.0,2,1140.0,Новосибирск,Ozon,Доставлен
505269,2024-05-30,1012.0,1,3240.0,Санкт-Петербург,Wildberries,Доставлен
511063,2024-11-08,1017.0,1,1700.0,Регионы,Ozon,Доставлен
510552,2024-10-27,1013.0,1,2220.0,Регионы,Ozon,Доставлен
500426,2024-01-16,1001.0,1,1100.0,Москва,Ozon,Доставлен
507747,2024-08-13,1008.0,1,4940.0,Регионы,Wildberries,Доставлен
512391,2024-12-03,1026.0,1,2310.0,Москва,Ozon,Доставлен
510448,2024-10-24,1023.0,2,1000.0,Москва,Ozon,Доставлен
509526,2024-09-27,1007.0,1,1160.0,Екатеринбург,Wildberries,Отменён
508392,2024-08-29,1021.0,1,1470.0,Санкт-Петербург,Ozon,Доставлен
512051,2024-11-27,1024.0,1,3130.0,Регионы,Ozon,Доставлен
510131,2024-10-15,1012.0,1,2700.0,Санкт-Петербург,Ozon,Отменён
500144,2024-01-05,1014.0,1,2590.0,Регионы,Wildberries,Возврат
503821,2024-04-15,1011.0,2,3730.0,Екатеринбург,Wildberries,Доставлен
507725,2024-08-12,1019.0,2,2320.0,Москва,Ozon,Доставлен
504346,2024-04-30,1001.0,2,1200.0,Новосибирск,Ozon,Доставлен
511572,2024-11-18,1014.0,2,2150.0,Новосибирск,Wildberries,Доставлен
508497,2024-09-01,1006.0,2,4480.0,Москва,Ozon,Доставлен
509647,2024-09-30,1011.0,1,3770.0,Москва,Wildberries,Доставлен
504789,2024-05-13,1017.0,1,1450.0,Регионы,Ozon,Доставлен
507662,2024-08-11,1012.0,1,3240.0,Регионы,Wildberries,Возврат
509104,2024-09-16,1015.0,1,2340.0,Санкт-Петербург,Wildberries,Отменён
513944,2024-12-29,1002.0,2,3800.0,Регионы,Ozon,Доставлен
510789,2024-11-02,1009.0,1,1660.0,Москва,Wildberries,Доставлен
504682,2024-05-10,1011.0,1,3670.0,Москва,Ozon,Доставлен
505370,2024-06-02,1013.0,1,2320.0,Москва,Wildberries,Возврат
502310,2024-03-10,1010.0,1,1130.0,Москва,Ozon,Доставлен
502113,2024-03-06,1009.0,1,1740.0,Москва,Ozon,Доставлен
500835,2024-01-30,1010.0,1,1340.0,Регионы,Ozon,Доставлен
500594,2024-01-21,1016.0,1,2700.0,Регионы,Wildberries,Доставлен
511763,2024-11-22,1002.0,1,3730.0,Новосибирск,Ozon,Возврат
507733,2024-08-12,1024.0,1,3360.0,Санкт-Петербург,Ozon,Доставлен
511726,2024-11-21,1007.0,1,1300.0,Регионы,Ozon,Доставлен
509481,2024-09-26,1005.0,1,2260.0,Регионы,Wildberries,Доставлен
509848,2024-10-06,1008.0,1,4180.0,Новосибирск,Ozon,Доставлен
505009,2024-05-21,1013.0,1,2240.0,Регионы,Wildberries,Доставлен
512456,2024-12-04,1026.0,1,2600.0,Новосибирск,Wildberries,Доставлен
502132,2024-03-06,1019.0,2,2490.0,Новосибирск,Ozon,Доставлен
500766,2024-01-27,1019.0,1,2260.0,Новосибирск,Ozon,Доставлен
513900,2024-12-28,1012.0,1,3310.0,Москва,Wildberries,Возврат
513002,2024-12-13,1011.0,1,3270.0,Москва,Wildberries,Доставлен
500147,2024-01-05,1016.0,1,2490.0,Регионы,Wildberries,Доставлен
500395,2024-01-14,1013.0,2,2080.0,Москва,Wildberries,Доставлен
507702,2024-08-12,1010.0,1,1270.0,Москва,Wildberries,Доставлен
508601,2024-09-04,1005.0,1,2770.0,Москва,Wildberries,Доставлен
503809,2024-04-15,1005.0,2,2640.0,Регионы,Ozon,Доставлен
508238,2024-08-25,1021.0,1,1510.0,Екатеринбург,Wildberries,Доставлен
507722,2024-08-12,1017.0,1,1420.0,Регионы,Ozon,Доставлен
503495,2024-04-05,1020.0,1,1470.0,Москва,Wildberries,Отменён
502185,2024-03-07,1015.0,1,2380.0,Регионы,Ozon,Доставлен
503337,2024-03-31,1020.0,2,1450.0,Москва,Ozon,Доставлен
502160,2024-03-07,1003.0,1,3640.0,Регионы,Wildberries,Доставлен
506733,2024-07-15,1016.0,1,2350.0,Санкт-Петербург,Ozon,Доставлен
510150,2024-10-15,1023.0,1,1050.0,Регионы,Wildberries,Доставлен
507486,2024-08-06,1026.0,1,2350.0,Регионы,Ozon,Возврат
505713,2024-06-13,1020.0,1,1510.0,Регионы,Ozon,Возврат
510377,2024-10-22,1021.0,1,1420.0,Санкт-Петербург,Wildberries,Доставлен
512795,2024-12-10,1010.0,2,1150.0,Москва,Wildberries,Доставлен
503411,2024-04-02,1016.0,1,2340.0,Москва,Wildberries,Доставлен
512669,2024-12-08,1010.0,1,1180.0,Москва,Wildberries,Доставлен
503498,2024-04-05,1023.0,2,900.0,Москва,Ozon,Доставлен
502072,2024-03-05,1013.0,1,2240.0,Санкт-Петербург,Wildberries,Доставлен
501368,2024-02-15,1001.0,1,1170.0,Москва,Ozon,Возврат
511288,2024-11-13,1004.0,1,2360.0,Регионы,Ozon,Доставлен
502365,2024-03-11,1017.0,1,1740.0,Екатеринбург,Wildberries,Доставлен
507710,2024-08-12,1015.0,1,2130.0,Екатеринбург,Wildberries,Доставлен
513888,2024-12-28,1009.0,1,1730.0,Екатеринбург,Wildberries,Доставлен
509123,2024-09-17,1005.0,1,2400.0,Регионы,Ozon,Доставлен
503513,2024-04-06,1016.0,1,2470.0,Регионы,Ozon,Доставлен
506365,2024-07-03,1024.0,1,3600.0,Санкт-Петербург,Wildberries,Доставлен
511168,2024-11-10,1022.0,1,1600.0,Регионы,Wildberries,Доставлен
503502,2024-04-06,1002.0,1,3870.0,Екатеринбург,Wildberries,Доставлен
504575,2024-05-07,1006.0,2,4520.0,Москва,Wildberries,Доставлен
503142,2024-03-27,1024.0,1,3160.0,Екатеринбург,Wildberries,Отменён
506042,2024-06-23,1008.0,2,4930.0,Регионы,Wildberries,Возврат
501248,2024-02-11,1012.0,1,2660.0,Москва,Ozon,Доставлен
510774,2024-11-02,1002.0,1,3390.0,Регионы,Wildberries,Доставлен
508799,2024-09-08,1014.0,1,2310.0,Москва,Wildberries,Доставлен
500075,2024-01-03,1017.0,3,1670.0,Санкт-Петербург,Ozon,Доставлен
505861,2024-06-18,1005.0,1,2480.0,Санкт-Петербург,Wildberries,Доставлен
510889,2024-11-04,1010.0,1,1370.0,Регионы,Wildberries,Доставлен
507335,2024-08-02,1023.0,1,1050.0,Москва,Wildberries,Доставлен
509515,2024-09-27,1001.0,2,1270.0,Санкт-Петербург,Ozon,Доставлен
502397,2024-03-12,1003.0,2,3380.0,Регионы,Ozon,Доставлен
508306,2024-08-27,1012.0,2,3280.0,Москва,Wildberries,Доставлен
512106,2024-11-28,1026.0,1,2730.0,Москва,Wildberries,Доставлен
500987,2024-02-04,1005.0,2,2620.0,Регионы,Wildberries,Доставлен
508348,2024-08-28,1010.0,1,1120.0,Новосибирск,Wildberries,Доставлен
504844,2024-05-16,1004.0,1,2390.0,Санкт-Петербург,Wildberries,Доставлен
505960,2024-06-20,1020.0,2,1520.0,Санкт-Петербург,Ozon,Доставлен
508415,2024-08-30,1007.0,1,1300.0,Новосибирск,Wildberries,Доставлен
505599,2024-06-10,1012.0,1,2940.0,Санкт-Петербург,Wildberries,Доставлен
505762,2024-06-15,1011.0,1,3690.0,Санкт-Петербург,Wildberries,Доставлен
507700,2024-08-12,1007.0,1,1300.0,Москва,Ozon,Доставлен
510185,2024-10-17,1003.0,1,3120.0,Регионы,Wildberries,Доставлен
513023,2024-12-13,1020.0,1,1470.0,Регионы,Wildberries,Доставлен
504132,2024-04-23,1026.0,1,2170.0,Москва,Wildberries,Доставлен
508835,2024-09-09,1014.0,1,2450.0,Новосибирск,Ozon,Отменён
501762,2024-02-27,1007.0,1,1240.0,Москва,Wildberries,Доставлен
504264,2024-04-27,1022.0,2,1570.0,Регионы,Ozon,Возврат
504213,2024-04-26,1012.0,2,2700.0,Екатеринбург,Wildberries,Доставлен
504044,2024-04-21,1008.0,1,4910.0,Новосибирск,Wildberries,Доставлен
511649,2024-11-19,1025.0,1,3070.0,Москва,Ozon,Доставлен
500531,2024-01-19,1013.0,2,2270.0,Екатеринбург,Wildberries,Доставлен
510783,2024-11-02,1007.0,1,1270.0,Москва,Wildberries,Отменён
513568,2024-12-22,1026.0,1,2330.0,Москва,Wildberries,Доставлен
505125,2024-05-25,1016.0,1,2690.0,Регионы,Ozon,Доставлен
503955,2024-04-19,1007.0,1,1050.0,Москва,Ozon,Доставлен
511823,2024-11-23,1005.0,3,2440.0,Екатеринбург,Ozon,Доставлен
507815,2024-08-15,1007.0,1,1090.0,Москва,Ozon,Доставлен
510714,2024-10-31,1025.0,1,2900.0,Новосибирск,Wildberries,Доставлен
505064,2024-05-23,1018.0,1,680.0,Новосибирск,Wildberries,Доставлен
511244,2024-11-12,1009.0,2,1890.0,Москва,Ozon,Отменён
509523,2024-09-27,1006.0,2,4170.0,Регионы,Ozon,Доставлен
513690,2024-12-25,1001.0,1,1240.0,Новосибирск,Wildberries,Доставлен
511330,2024-11-13,1019.0,1,2420.0,Москва,Ozon,Доставлен
505721,2024-06-14,1001.0,1,1150.0,Регионы,Wildberries,Доставлен
500224,2024-01-08,1001.0,1,1340.0,Регионы,Ozon,Доставлен
513806,2024-12-26,1025.0,1,3150.0,Новосибирск,Wildberries,Доставлен
507908,2024-08-17,1021.0,1,1690.0,Новосибирск,Ozon,Доставлен
513736,2024-12-25,1020.0,1,1300.0,Регионы,Ozon,Доставлен
511397,2024-11-14,1026.0,2,2710.0,Новосибирск,Wildberries,Возврат
512134,2024-11-29,1012.0,1,3380.0,Регионы,Wildberries,Отменён
501780,2024-02-27,1020.0,1,1290.0,Санкт-Петербург,Wildberries,Доставлен
501026,2024-02-05,1005.0,2,2710.0,Регионы,Ozon,Доставлен
506569,2024-07-10,1011.0,1,3670.0,Санкт-Петербург,Wildberries,Доставлен
503779,2024-04-14,1006.0,1,4070.0,Санкт-Петербург,Wildberries,Доставлен
508274,2024-08-26,1017.0,1,1580.0,Регионы,Wildberries,Возврат
512347,2024-12-03,1003.0,1,3060.0,Регионы,Wildberries,Доставлен
510223,2024-10-18,1004.0,1,2270.0,Регионы,Wildberries,Доставлен
509985,2024-10-10,1026.0,1,2270.0,Новосибирск,Wildberries,Отменён
502717,2024-03-19,1005.0,1,2380.0,Новосибирск,Ozon,Доставлен
506207,2024-06-28,1023.0,1,1030.0,Санкт-Петербург,Wildberries,Доставлен
512012,2024-11-27,1003.0,2,3100.0,Екатеринбург,Wildberries,Доставлен
512252,2024-12-01,1016.0,1,2380.0,Москва,Wildberries,Отменён
506994,2024-07-23,1022.0,2,1480.0,Санкт-Петербург,Ozon,Доставлен
510866,2024-11-03,1023.0,2,890.0,Екатеринбург,Ozon,Доставлен
503483,2024-04-05,1004.0,1,2750.0,Санкт-Петербург,Wildberries,Отменён
504654,2024-05-09,1008.0,1,4010.0,Москва,Ozon,Доставлен
511694,2024-11-20,1017.0,1,1390.0,Санкт-Петербург,Wildberries,Доставлен
510756,2024-11-01,1016.0,1,2640.0,Москва,Wildberries,Доставлен
503403,2024-04-02,1012.0,1,3180.0,Москва,Wildberries,Отменён
509887,2024-10-07,1015.0,1,2370.0,Регионы,Ozon,Возврат
506254,2024-06-30,1012.0,1,3090.0,Регионы,Ozon,Доставлен
510149,2024-10-15,1022.0,1,1580.0,Регионы,Ozon,Доставлен
505726,2024-06-14,1009.0,1,1850.0,Санкт-Петербург,Ozon,Возврат
506795,2024-07-17,1010.0,1,1220.0,Новосибирск,Wildberries,Доставлен
503870,2024-04-16,1018.0,1,820.0,Новосибирск,Wildberries,Возврат
505742,2024-06-14,1025.0,2,2760.0,Регионы,Ozon,Отменён
505801,2024-06-16,1016.0,1,2420.0,Регионы,Wildberries,Доставлен
501379,2024-02-15,1009.0,1,1660.0,Регионы,Wildberries,Доставлен
507399,2024-08-04,1013.0,1,2370.0,Регионы,Wildberries,Доставлен
501552,2024-02-20,1026.0,1,2630.0,Москва,Wildberries,Доставлен
503137,2024-03-27,1022.0,2,1740.0,Екатеринбург,Ozon,Доставлен
508504,2024-09-01,1011.0,1,3350.0,Новосибирск,Wildberries,Доставлен
501632,2024-02-23,1001.0,1,1290.0,Регионы,Wildberries,Доставлен
504261,2024-04-27,1018.0,1,850.0,Регионы,Wildberries,Доставлен
510260,2024-10-18,1023.0,1,1050.0,Новосибирск,Wildberries,Доставлен
509619,2024-09-29,1021.0,1,1390.0,Регионы,Ozon,Доставлен
510195,2024-10-17,1010.0,1,1210.0,Екатеринбург,Wildberries,Доставлен
504454,2024-05-03,1005.0,1,2540.0,Екатеринбург,Ozon,Доставлен
506505,2024-07-08,1007.0,1,1190.0,Регионы,Ozon,Доставлен
503811,2024-04-15,1006.0,1,4060.0,Регионы,Ozon,Возврат
505467,2024-06-05,1017.0,1,1710.0,Регионы,Ozon,Доставлен
512570,2024-12-07,1001.0,2,1240.0,Москва,Wildberries,Доставлен
510530,2024-10-26,1026.0,1,2580.0,Санкт-Петербург,Wildberries,Доставлен
505924,2024-06-19,1015.0,1,2150.0,Новосибирск,Ozon,Доставлен
510633,2024-10-29,1016.0,1,2270.0,Москва,Ozon,Отменён
500129,2024-01-05,1001.0,1,1150.0,Новосибирск,Wildberries,Отменён
501010,2024-02-04,1014.0,1,2240.0,Екатеринбург,Wildberries,Доставлен
510006,2024-10-11,1010.0,1,1130.0,Санкт-Петербург,Wildberries,Доставлен
501291,2024-02-12,1014.0,1,2650.0,Екатеринбург,Wildberries,Доставлен
505343,2024-06-01,1021.0,1,1460.0,Регионы,Wildberries,Возврат
512066,2024-11-28,1008.0,1,4190.0,Екатеринбург,Wildberries,Доставлен
510964,2024-11-06,1009.0,1,1630.0,Москва,Wildberries,Доставлен
500202,2024-01-07,1003.0,1,3280.0,Москва,Wildberries,Отменён
503696,2024-04-12,1001.0,1,1270.0,Москва,Wildberries,Доставлен
507441,2024-08-05,1017.0,1,1590.0,Санкт-Петербург,Ozon,Возврат
513908,2024-12-28,1016.0,1,2440.0,Москва,Wildberries,Доставлен
505518,2024-06-07,1012.0,1,2660.0,Новосибирск,Wildberries,Доставлен
505914,2024-06-19,1009.0,1,1930.0,Регионы,Ozon,Доставлен
500955,2024-02-03,1008.0,1,4070.0,Регионы,Wildberries,Доставлен
510611,2024-10-29,1001.0,2,1260.0,Регионы,Wildberries,Доставлен
504021,2024-04-20,1021.0,1,1700.0,Регионы,Ozon,Доставлен
509022,2024-09-14,1015.0,1,2120.0,Новосибирск,Wildberries,Доставлен
502362,2024-03-11,1016.0,1,2620.0,Регионы,Ozon,Доставлен
508150,2024-08-23,1023.0,1,1030.0,Новосибирск,Ozon,Доставлен
504690,2024-05-10,1016.0,1,2320.0,Москва,Wildberries,Доставлен
512100,2024-11-28,1024.0,1,3040.0,Екатеринбург,Ozon,Доставлен
509163,2024-09-18,1009.0,1,1900.0,Новосибирск,Wildberries,Доставлен
508395,2024-08-29,1022.0,1,1580.0,Регионы,Wildberries,Доставлен
508022,2024-08-20,1017.0,1,1550.0,Новосибирск,Wildberries,Доставлен
500983,2024-02-04,1004.0,1,2710.0,Москва,Wildberries,Доставлен
503697,2024-04-12,1002.0,1,4040.0,Москва,Ozon,Доставлен
506143,2024-06-26,1019.0,1,2170.0,Регионы,Wildberries,Доставлен
511511,2024-11-17,1010.0,1,1340.0,Москва,Ozon,Доставлен
506077,2024-06-24,1011.0,2,3940.0,Санкт-Петербург,Wildberries,Доставлен
502381,2024-03-11,1023.0,1,1050.0,Екатеринбург,Wildberries,Доставлен
502487,2024-03-13,1026.0,1,2220.0,Регионы,Ozon,Доставлен
506471,2024-07-07,1006.0,1,3660.0,Регионы,Wildberries,Доставлен
503207,2024-03-29,1004.0,1,2350.0,Москва,Ozon,Доставлен
505959,2024-06-20,1019.0,2,2250.0,Регионы,Wildberries,Доставлен
511290,2024-11-13,1006.0,1,3800.0,Москва,Wildberries,Доставлен
513442,2024-12-20,1021.0,2,1700.0,Санкт-Петербург,Wildberries,Доставлен
503090,2024-03-26,1025.0,1,3220.0,Санкт-Петербург,Ozon,Доставлен
506167,2024-06-27,1014.0,1,2230.0,Регионы,Ozon,Доставлен
501188,2024-02-09,1024.0,1,3670.0,Новосибирск,Wildberries,Доставлен
506426,2024-07-05,1021.0,1,1450.0,Регионы,Wildberries,Доставлен
506439,2024-07-06,1010.0,1,1130.0,Москва,Wildberries,Доставлен
504448,2024-05-03,1001.0,1,1330.0,Новосибирск,Ozon,Доставлен
507500,2024-08-07,1012.0,1,3070.0,Новосибирск,Ozon,Доставлен
503920,2024-04-18,1012.0,1,2680.0,Москва,Wildberries,Доставлен
501596,2024-02-22,1003.0,1,3690.0,Санкт-Петербург,Wildberries,Возврат
504093,2024-04-22,1023.0,1,1020.0,Екатеринбург,Ozon,Доставлен
508235,2024-08-25,1020.0,1,1470.0,Москва,Wildberries,Доставлен
514009,2024-12-30,1006.0,3,4250.0,Регионы,Ozon,Доставлен
506246,2024-06-30,1005.0,1,2290.0,Москва,Wildberries,Возврат
503348,2024-03-31,1026.0,1,2620.0,Москва,Wildberries,Доставлен
513436,2024-12-20,1018.0,1,740.0,Регионы,Wildberries,Доставлен
505169,2024-05-27,1005.0,1,2270.0,Санкт-Петербург,Wildberries,Доставлен
501274,2024-02-12,1009.0,1,1700.0,Москва,Wildberries,Доставлен
510375,2024-10-22,1020.0,1,1540.0,Новосибирск,Ozon,Доставлен
500575,2024-01-21,1002.0,1,3720.0,Екатеринбург,Wildberries,Доставлен
510113,2024-10-14,1023.0,1,940.0,Екатеринбург,Wildberries,Доставлен
500145,2024-01-05,1015.0,3,2200.0,Москва,Wildberries,Доставлен
509049,2024-09-15,1009.0,2,1990.0,Санкт-Петербург,Wildberries,Возврат
506273,2024-07-01,1006.0,1,3730.0,Санкт-Петербург,Ozon,Доставлен
508062,2024-08-21,1019.0,1,2370.0,Регионы,Wildberries,Отменён
506144,2024-06-26,1020.0,1,1530.0,Регионы,Wildberries,Доставлен
510001,2024-10-11,1008.0,1,4470.0,Москва,Wildberries,Доставлен
502621,2024-03-16,1023.0,1,1000.0,Регионы,Wildberries,Отменён
504915,2024-05-18,1014.0,1,2630.0,Москва,Wildberries,Доставлен
505995,2024-06-21,1023.0,1,850.0,Москва,Ozon,Доставлен
510039,2024-10-12,1011.0,1,3470.0,Москва,Wildberries,Доставлен
513616,2024-12-23,1020.0,2,1590.0,Екатеринбург,Wildberries,Доставлен
504972,2024-05-20,1011.0,1,3370.0,Новосибирск,Wildberries,Доставлен
512227,2024-12-01,1007.0,1,1210.0,Екатеринбург,Ozon,Доставлен
502771,2024-03-20,1009.0,1,1750.0,Санкт-Петербург,Wildberries,Доставлен
510651,2024-10-30,1010.0,1,1270.0,Екатеринбург,Wildberries,Доставлен
504890,2024-05-17,1022.0,2,1650.0,Регионы,Wildberries,Доставлен
507323,2024-08-02,1018.0,-1,770.0,Екатеринбург,Ozon,Доставлен
507506,2024-08-07,1017.0,1,1430.0,Москва,Wildberries,Отменён
500989,2024-02-04,1006.0,1,4560.0,Санкт-Петербург,Wildberries,Доставлен
513294,2024-12-18,1004.0,1,2400.0,Москва,Ozon,Доставлен
509626,2024-09-29,1024.0,2,3730.0,Екатеринбург,Wildberries,Доставлен
504481,2024-05-04,1003.0,3,3610.0,Регионы,Wildberries,Доставлен
507978,2024-08-19,1015.0,1,2110.0,Регионы,Ozon,Доставлен
508904,2024-09-11,1011.0,1,3870.0,Регионы,Wildberries,Возврат
510565,2024-10-27,1022.0,1,1650.0,Москва,Wildberries,Доставлен
503851,2024-04-16,1004.0,1,2400.0,Регионы,Wildberries,Доставлен
506223,2024-06-29,1009.0,1,1990.0,Регионы,Wildberries,Доставлен
506685,2024-07-13,1024.0,3,3430.0,Екатеринбург,Wildberries,Возврат
503566,2024-04-08,1002.0,1,3700.0,Екатеринбург,Wildberries,Доставлен
506504,2024-07-08,1006.0,1,3700.0,Екатеринбург,Wildberries,Доставлен
509211,2024-09-19,1020.0,1,1500.0,Москва,Ozon,Доставлен
503888,2024-04-17,1005.0,1,2660.0,Москва,Wildberries,Доставлен
503297,2024-03-30,1025.0,2,2830.0,Санкт-Петербург,Wildberries,Доставлен
511156,2024-11-10,1014.0,2,2190.0,Москва,Ozon,Доставлен
504404,2024-05-01,1020.0,1,1500.0,Санкт-Петербург,Wildberries,Доставлен
503462,2024-04-04,1006.0,1,4280.0,Регионы,Wildberries,Доставлен
504910,2024-05-18,1013.0,1,2090.0,Москва,Ozon,Отменён
504138,2024-04-24,1003.0,1,3380.0,Екатеринбург,Ozon,Доставлен
508698,2024-09-06,1002.0,2,3760.0,Москва,Wildberries,Доставлен
507957,2024-08-19,1001.0,1,1340.0,Москва,Wildberries,Доставлен
512362,2024-12-03,1012.0,2,3140.0,Регионы,Ozon,Доставлен
509874,2024-10-07,1003.0,1,3280.0,Регионы,Ozon,Доставлен
508029,2024-08-20,1020.0,1,1270.0,Санкт-Петербург,Wildberries,Доставлен
510162,2024-10-16,1007.0,1,1070.0,Москва,Wildberries,Доставлен
504795,2024-05-14,1001.0,1,1270.0,Москва,Wildberries,Доставлен
500726,2024-01-26,1013.0,1,2420.0,Москва,Wildberries,Возврат
506064,2024-06-23,1026.0,1,2720.0,Санкт-Петербург,Wildberries,Доставлен
502052,2024-03-05,1005.0,1,2440.0,Санкт-Петербург,Wildberries,Доставлен
505784,2024-06-16,1003.0,1,2990.0,Москва,Ozon,Доставлен
504312,2024-04-29,1003.0,1,3200.0,Москва,Wildberries,Доставлен
502147,2024-03-06,1023.0,1,890.0,Екатеринбург,Ozon,Отменён
510515,2024-10-26,1019.0,2,2020.0,Санкт-Петербург,Wildberries,Доставлен
502697,2024-03-18,1021.0,2,1680.0,Новосибирск,Wildberries,Доставлен
502483,2024-03-13,1025.0,1,2620.0,Регионы,Ozon,Доставлен
501371,2024-02-15,1003.0,1,3460.0,Санкт-Петербург,Wildberries,Доставлен
501567,2024-02-21,1008.0,1,4500.0,Регионы,Wildberries,Доставлен
511789,2024-11-22,1013.0,1,2140.0,Регионы,Wildberries,Возврат
511964,2024-11-25,1023.0,1,1010.0,Новосибирск,Ozon,Доставлен
507417,2024-08-04,1023.0,1,950.0,Регионы,Ozon,Доставлен
514061,2024-12-30,1023.0,1,830.0,Москва,Wildberries,Возврат
501517,2024-02-19,1024.0,1,2960.0,Москва,Wildberries,Доставлен
506845,2024-07-18,1022.0,2,1540.0,Регионы,Wildberries,Доставлен
512186,2024-11-30,1014.0,1,2580.0,Екатеринбург,Wildberries,Доставлен
505863,2024-06-18,1007.0,1,1260.0,Москва,Wildberries,Возврат
503628,2024-04-09,1026.0,1,2570.0,Москва,Wildberries,Доставлен
510379,2024-10-22,1023.0,1,990.0,Екатеринбург,Wildberries,Доставлен
503309,2024-03-31,1005.0,1,2690.0,Москва,Ozon,Доставлен
503732,2024-04-13,1002.0,1,3870.0,Регионы,Ozon,Доставлен
501038,2024-02-05,1015.0,2,2270.0,Регионы,Wildberries,Доставлен
502438,2024-03-12,1024.0,1,3120.0,Екатеринбург,Wildberries,Доставлен
503000,2024-03-25,1005.0,1,2660.0,Москва,Wildberries,Возврат
501511,2024-02-19,1017.0,1,1680.0,Санкт-Петербург,Wildberries,Отменён
500412,2024-01-15,1010.0,1,1360.0,Новосибирск,Wildberries,Доставлен
512620,2024-12-07,1021.0,1,1380.0,Москва,Ozon,Доставлен
510808,2024-11-02,1019.0,1,2480.0,Москва,Ozon,Доставлен
512268,2024-12-01,1024.0,1,2960.0,Регионы,Wildberries,Доставлен
507775,2024-08-13,1023.0,1,1020.0,Москва,Wildberries,Доставлен
509494,2024-09-26,1015.0,1,2560.0,Санкт-Петербург,Ozon,Возврат
503260,2024-03-30,1005.0,1,2750.0,Москва,Ozon,Доставлен
505393,2024-06-03,1011.0,1,3610.0,Регионы,Ozon,Доставлен
501318,2024-02-13,1010.0,1,1100.0,Москва,Wildberries,Отменён
511509,2024-11-17,1010.0,1,1270.0,Регионы,Wildberries,Доставлен
507572,2024-08-09,1005.0,2,2580.0,Москва,Wildberries,Доставлен
508970,2024-09-13,1008.0,1,4910.0,Москва,Ozon,Доставлен
512772,2024-12-10,1003.0,1,3240.0,Регионы,Ozon,Возврат
503070,2024-03-26,1016.0,1,2680.0,Санкт-Петербург,Wildberries,Доставлен
506646,2024-07-12,1014.0,1,2260.0,Москва,Ozon,Доставлен
504672,2024-05-10,1004.0,1,2340.0,Регионы,Wildberries,Возврат
507988,2024-08-19,1019.0,1,2480.0,Регионы,Wildberries,Доставлен
504855,2024-05-16,1019.0,1,2380.0,Новосибирск,Ozon,Доставлен
510560,2024-10-27,1019.0,1,2040.0,Регионы,Wildberries,Доставлен
510669,2024-10-30,1020.0,1,1580.0,Санкт-Петербург,Wildberries,Возврат
504891,2024-05-17,1022.0,1,1660.0,Регионы,Ozon,Доставлен
508218,2024-08-25,1012.0,1,2750.0,Екатеринбург,Wildberries,Отменён
503393,2024-04-02,1003.0,1,3220.0,Новосибирск,Ozon,Отменён
509601,2024-09-29,1007.0,1,1210.0,Регионы,Wildberries,Доставлен
505223,2024-05-28,1024.0,1,3440.0,Новосибирск,Ozon,Доставлен
507674,2024-08-11,1020.0,1,1410.0,Регионы,Ozon,Доставлен
509332,2024-09-22,1017.0,1,1410.0,Санкт-Петербург,Ozon,Доставлен
500506,2024-01-18,1021.0,1,1610.0,Москва,Ozon,Доставлен
501561,2024-02-21,1006.0,1,4230.0,Новосибирск,Ozon,Доставлен
507539,2024-08-08,1007.0,1,1040.0,Москва,Wildberries,Доставлен
506611,2024-07-11,1020.0,1,1310.0,Москва,Wildberries,Доставлен
507617,2024-08-09,1026.0,1,2490.0,Екатеринбург,Wildberries,Доставлен
506405,2024-07-05,1006.0,2,4110.0,Новосибирск,Ozon,Доставлен
512396,2024-12-04,1001.0,1,1300.0,Санкт-Петербург,Wildberries,Доставлен
501121,2024-02-07,1022.0,1,1530.0,Москва,Ozon,Доставлен
513779,2024-12-26,1016.0,1,2240.0,Москва,Ozon,Доставлен
504683,2024-05-10,1011.0,1,3600.0,Регионы,Wildberries,Доставлен
508794,2024-09-08,1006.0,1,4480.0,Новосибирск,Ozon,Доставлен
504708,2024-05-11,1008.0,1,4540.0,Санкт-Петербург,Ozon,Доставлен
507283,2024-08-01,1017.0,1,1470.0,Москва,Ozon,Отменён
506570,2024-07-10,1014.0,1,2400.0,Москва,Ozon,Доставлен
503942,2024-04-18,1025.0,1,3200.0,Регионы,Ozon,Отменён
502738,2024-03-19,1019.0,1,2390.0,Санкт-Петербург,Ozon,Доставлен
505632,2024-06-11,1009.0,1,1830.0,Москва,Ozon,Доставлен
512044,2024-11-27,1020.0,1,1280.0,Москва,Ozon,Доставлен
510806,2024-11-02,1018.0,1,770.0,Регионы,Wildberries,Возврат
508541,2024-09-02,1019.0,1,2420.0,Москва,Wildberries,Доставлен
504982,2024-05-20,1020.0,1,1510.0,Екатеринбург,Ozon,Доставлен
514005,2024-12-30,1005.0,1,2320.0,Регионы,Wildberries,Доставлен
513435,2024-12-20,1018.0,1,720.0,Москва,Wildberries,Отменён
504879,2024-05-17,1014.0,2,2650.0,Санкт-Петербург,Ozon,Доставлен
513612,2024-12-23,1019.0,1,2420.0,Регионы,Ozon,Доставлен
512703,2024-12-08,1021.0,1,1570.0,Екатеринбург,Wildberries,Доставлен
508822,2024-09-09,1003.0,1,3500.0,Москва,Wildberries,Доставлен
502518,2024-03-14,1020.0,1,1600.0,Москва,Wildberries,Доставлен
507190,2024-07-29,1021.0,1,1500.0,Санкт-Петербург,Ozon,Доставлен
502549,2024-03-15,1005.0,2,2730.0,Регионы,Wildberries,Доставлен
513812,2024-12-26,1026.0,1,2160.0,Екатеринбург,Wildberries,Доставлен
506554,2024-07-09,1022.0,1,1430.0,Москва,Wildberries,Доставлен
500409,2024-01-15,1006.0,1,4420.0,Новосибирск,Ozon,Доставлен
503392,2024-04-02,1002.0,1,3840.0,Санкт-Петербург,Ozon,Доставлен
508357,2024-08-28,1019.0,1,2340.0,Москва,Wildberries,Доставлен
502292,2024-03-09,1025.0,1,3010.0,Екатеринбург,Ozon,Доставлен
502337,2024-03-11,1001.0,1,1230.0,Регионы,Ozon,Доставлен
512242,2024-12-01,1012.0,1,2870.0,Екатеринбург,Ozon,Доставлен
507823,2024-08-15,1012.0,1,2950.0,Москва,Wildberries,Доставлен
506069,2024-06-24,1004.0,2,2820.0,Регионы,Wildberries,Доставлен
510619,2024-10-29,1007.0,3,1220.0,Регионы,Wildberries,Доставлен
509280,2024-09-21,1010.0,1,1340.0,Санкт-Петербург,Ozon,Доставлен
505819,2024-06-16,1023.0,2,1030.0,Регионы,Wildberries,Доставлен
505282,2024-05-30,1018.0,1,760.0,Санкт-Петербург,Ozon,Доставлен
503771,2024-04-14,1003.0,1,3100.0,Екатеринбург,Wildberries,Доставлен
507236,2024-07-31,1013.0,2,2170.0,Москва,Wildberries,Доставлен
505964,2024-06-20,1021.0,1,1640.0,Регионы,Wildberries,Возврат
505851,2024-06-17,1024.0,1,3050.0,Регионы,Wildberries,Отменён
507471,2024-08-06,1014.0,1,2270.0,Екатеринбург,Wildberries,Доставлен
505062,2024-05-23,1014.0,1,2520.0,Регионы,Wildberries,Доставлен
511107,2024-11-09,1016.0,1,2500.0,Санкт-Петербург,Wildberries,Отменён
502861,2024-03-22,1014.0,1,2310.0,Москва,Wildberries,Доставлен
502364,2024-03-11,1017.0,1,1700.0,Москва,Wildberries,Доставлен
504625,2024-05-08,1009.0,1,1740.0,Новосибирск,Ozon,Доставлен
512074,2024-11-28,1011.0,1,3520.0,Регионы,Ozon,Доставлен
507322,2024-08-02,1018.0,2,710.0,Екатеринбург,Wildberries,Возврат
506065,2024-06-24,1001.0,2,1190.0,Регионы,Wildberries,Возврат
504124,2024-04-23,1022.0,1,1690.0,Москва,Ozon,Возврат
509349,2024-09-23,1001.0,1,1110.0,Регионы,Wildberries,Доставлен
500275,2024-01-10,1001.0,1,1150.0,Новосибирск,Wildberries,Доставлен
509265,2024-09-21,1002.0,1,3930.0,Регионы,Wildberries,Доставлен
507999,2024-08-19,1024.0,1,3530.0,Москва,Wildberries,Доставлен
510380,2024-10-22,1023.0,2,1020.0,Москва,Ozon,Доставлен
506277,2024-07-01,1010.0,1,1310.0,Санкт-Петербург,Ozon,Возврат
507814,2024-08-15,1007.0,1,1320.0,Санкт-Петербург,Ozon,Доставлен
508868,2024-09-10,1018.0,1,750.0,Москва,Wildberries,Доставлен
513292,2024-12-18,1003.0,1,3000.0,Санкт-Петербург,Wildberries,Возврат
506399,2024-07-05,1003.0,1,3100.0,Москва,Wildberries,Возврат
503383,2024-04-01,1020.0,1,1270.0,Регионы,Wildberries,Доставлен
506734,2024-07-15,1017.0,1,1480.0,Санкт-Петербург,Wildberries,Возврат
513082,2024-12-14,1022.0,1,1700.0,Регионы,Ozon,Доставлен
503705,2024-04-12,1009.0,1,1630.0,Москва,Ozon,Доставлен
500586,2024-01-21,1010.0,1,1330.0,Москва,Ozon,Доставлен
500838,2024-01-30,1010.0,1,1260.0,Регионы,Wildberries,Доставлен
504807,2024-05-14,1013.0,1,2570.0,Санкт-Петербург,Ozon,Доставлен
504400,2024-05-01,1019.0,3,2480.0,Регионы,Wildberries,Доставлен
502616,2024-03-16,1022.0,2,1530.0,Санкт-Петербург,Ozon,Доставлен
505347,2024-06-01,1025.0,1,3220.0,Санкт-Петербург,Wildberries,Доставлен
507244,2024-07-31,1017.0,3,1680.0,Санкт-Петербург,Wildberries,Возврат
511158,2024-11-10,1015.0,1,2050.0,Екатеринбург,Wildberries,Возврат
509630,2024-09-29,1026.0,1,2480.0,Москва,Wildberries,Доставлен
501554,2024-02-21,1001.0,1,1140.0,Регионы,Ozon,Доставлен
500817,2024-01-29,1020.0,1,1520.0,Санкт-Петербург,Wildberries,Доставлен
509436,2024-09-25,1001.0,1,1200.0,Москва,Ozon,Доставлен
500303,2024-01-10,1026.0,1,2350.0,Регионы,Wildberries,Доставлен
502620,2024-03-16,1022.0,1,1730.0,Москва,Wildberries,Возврат
513656,2024-12-24,1010.0,1,1220.0,Санкт-Петербург,Wildberries,Возврат
508142,2024-08-23,1017.0,2,1700.0,Москва,Wildberries,Доставлен
510871,2024-11-03,1025.0,1,2630.0,Регионы,Ozon,Доставлен
502486,2024-03-13,1026.0,1,2150.0,Регионы,Ozon,Доставлен
512129,2024-11-29,1009.0,2,1610.0,Екатеринбург,Ozon,Доставлен
500567,2024-01-20,1015.0,1,2160.0,Регионы,Wildberries,Возврат
511355,2024-11-14,1004.0,1,2310.0,Москва,Wildberries,Доставлен
501064,2024-02-06,1009.0,1,1990.0,Екатеринбург,Wildberries,Возврат
509065,2024-09-15,1019.0,1,2090.0,Екатеринбург,Ozon,Доставлен
502820,2024-03-21,1018.0,1,680.0,Регионы,Ozon,Доставлен
511349,2024-11-14,1002.0,2,3860.0,Новосибирск,Ozon,Доставлен
500953,2024-02-03,1008.0,3,4340.0,Москва,Wildberries,Доставлен
500160,2024-01-05,1024.0,1,2950.0,Санкт-Петербург,Ozon,Возврат
500924,2024-02-02,1010.0,1,1310.0,Регионы,Wildberries,Доставлен
510963,2024-11-06,1008.0,2,4330.0,Екатеринбург,Ozon,Доставлен
512348,2024-12-03,1003.0,1,3070.0,Москва,Wildberries,Доставлен
507019,2024-07-24,1025.0,1,2880.0,Москва,Ozon,Отменён
513351,2024-12-19,1006.0,1,4250.0,Москва,Wildberries,Доставлен
513940,2024-12-28,1026.0,1,2280.0,Москва,Wildberries,Возврат
507900,2024-08-17,1011.0,1,3480.0,Санкт-Петербург,Wildberries,Доставлен
510168,2024-10-16,1011.0,1,3670.0,Новосибирск,Wildberries,Доставлен
512312,2024-12-02,1016.0,1,2470.0,Новосибирск,Wildberries,Доставлен
501840,2024-03-01,1001.0,1,1160.0,Москва,Ozon,Доставлен
511928,2024-11-25,1004.0,1,2470.0,Новосибирск,Ozon,Доставлен
510587,2024-10-28,1007.0,1,1290.0,Регионы,Wildberries,Доставлен
509290,2024-09-21,1015.0,1,2410.0,Москва,Wildberries,Доставлен
511796,2024-11-22,1017.0,2,1540.0,Екатеринбург,Ozon,Доставлен
502057,2024-03-05,1006.0,1,3970.0,Екатеринбург,Wildberries,Доставлен
508682,2024-09-05,1021.0,1,1680.0,Санкт-Петербург,Ozon,Возврат
503714,2024-04-12,1016.0,1,2430.0,Новосибирск,Wildberries,Доставлен
504926,2024-05-18,1023.0,1,990.0,Екатеринбург,Wildberries,Доставлен
500386,2024-01-14,1008.0,1,4450.0,Санкт-Петербург,Wildberries,Доставлен
511681,2024-11-20,1010.0,1,1370.0,Санкт-Петербург,Wildberries,Доставлен
502284,2024-03-09,1022.0,3,1430.0,Регионы,Ozon,Доставлен
512304,2024-12-02,1012.0,1,2780.0,Регионы,Ozon,Доставлен
501825,2024-02-29,1010.0,1,1340.0,Екатеринбург,Wildberries,Доставлен
505485,2024-06-06,1008.0,1,4060.0,Москва,Wildberries,Доставлен
504420,2024-05-02,1008.0,2,4660.0,Регионы,Ozon,Доставлен
501589,2024-02-21,1026.0,1,2590.0,Москва,Wildberries,Доставлен
502872,2024-03-22,1016.0,1,2340.0,Москва,Ozon,Доставлен
503349,2024-03-31,1026.0,1,2310.0,Санкт-Петербург,Wildberries,Доставлен
509763,2024-10-03,1013.0,2,2540.0,Москва,Wildberries,Доставлен
509944,2024-10-09,1009.0,1,1710.0,Москва,Wildberries,Доставлен
505401,2024-06-03,1020.0,1,1340.0,Новосибирск,Wildberries,Доставлен
509424,2024-09-24,1020.0,1,1380.0,Москва,Wildberries,Доставлен
504090,2024-04-22,1021.0,1,1400.0,Москва,Ozon,Доставлен
505889,2024-06-18,1019.0,1,2250.0,Москва,Ozon,Доставлен
513827,2024-12-27,1008.0,1,4810.0,Москва,Ozon,Доставлен
514081,2024-12-31,1005.0,1,2310.0,Новосибирск,Ozon,Доставлен
503161,2024-03-28,1006.0,1,3970.0,Екатеринбург,Ozon,Отменён
500964,2024-02-03,1015.0,1,2500.0,Санкт-Петербург,Wildberries,Возврат
500353,2024-01-12,1025.0,1,3060.0,Регионы,Wildberries,Доставлен
510031,2024-10-12,1005.0,1,2270.0,Регионы,Wildberries,Доставлен
512138,2024-11-29,1014.0,1,2180.0,Москва,Wildberries,Доставлен
512657,2024-12-08,1005.0,1,2510.0,Москва,Wildberries,Возврат
506587,2024-07-11,1006.0,1,4370.0,Новосибирск,Ozon,Доставлен
508194,2024-08-24,1023.0,1,850.0,Москва,Wildberries,Доставлен
512026,2024-11-27,1010.0,1,1250.0,Москва,Wildberries,Доставлен
511801,2024-11-22,1019.0,1,2240.0,Регионы,Wildberries,Доставлен
508976,2024-09-13,1012.0,1,2930.0,Москва,Ozon,Доставлен
512707,2024-12-08,1022.0,1,1480.0,Москва,Wildberries,Доставлен
510589,2024-10-28,1010.0,2,1170.0,Регионы,Ozon,Доставлен
512686,2024-12-08,1016.0,1,2210.0,Новосибирск,Wildberries,Доставлен
500069,2024-01-03,1011.0,1,3550.0,Москва,Wildberries,Доставлен
508596,2024-09-04,1001.0,1,1160.0,Регионы,Wildberries,Доставлен
508117,2024-08-22,1024.0,1,3390.0,Санкт-Петербург,Wildberries,Доставлен
511627,2024-11-19,1015.0,2,2580.0,Москва,Wildberries,Доставлен
507195,2024-07-29,1025.0,1,2900.0,Москва,Ozon,Доставлен
501162,2024-02-09,1001.0,1,1250.0,Москва,Ozon,Доставлен
500219,2024-01-07,1024.0,1,3610.0,Екатеринбург,Ozon,Доставлен
504274,2024-04-28,1001.0,1,1240.0,Регионы,Wildberries,Доставлен
511621,2024-11-19,1011.0,2,3380.0,Москва,Wildberries,Доставлен
510332,2024-10-20,1025.0,1,2710.0,Новосибирск,Wildberries,Доставлен
501201,2024-02-10,1011.0,1,3450.0,Екатеринбург,Wildberries,Отменён
506073,2024-06-24,1008.0,1,4240.0,Екатеринбург,Wildberries,Доставлен
502916,2024-03-23,1011.0,1,3140.0,Санкт-Петербург,Wildberries,Доставлен
510493,2024-10-26,1008.0,1,4450.0,Регионы,Ozon,Доставлен
501757,2024-02-27,1002.0,1,4120.0,Екатеринбург,Wildberries,Доставлен
503487,2024-04-05,1011.0,1,3770.0,Санкт-Петербург,Ozon,Доставлен
506703,2024-07-14,1018.0,3,840.0,Регионы,Ozon,Доставлен
509770,2024-10-03,1019.0,1,2180.0,Регионы,Wildberries,Доставлен
502720,2024-03-19,1007.0,1,1080.0,Санкт-Петербург,Ozon,Доставлен
502242,2024-03-08,1023.0,1,860.0,Регионы,Ozon,Возврат
506025,2024-06-22,1018.0,1,840.0,Москва,Ozon,Доставлен
510967,2024-11-06,1011.0,1,3390.0,Регионы,Wildberries,Доставлен
509700,2024-10-01,1018.0,1,710.0,Екатеринбург,Ozon,Доставлен
505594,2024-06-10,1004.0,1,2800.0,Москва,Ozon,Доставлен
503750,2024-04-13,1018.0,1,830.0,Регионы,Wildberries,Доставлен
512979,2024-12-13,1003.0,2,3380.0,Москва,Ozon,Доставлен
510686,2024-10-31,1006.0,1,4370.0,Санкт-Петербург,Wildberries,Доставлен
513946,2024-12-29,1003.0,2,3670.0,Регионы,Ozon,Доставлен
500539,2024-01-19,1018.0,2,850.0,Екатеринбург,Wildberries,Доставлен
501331,2024-02-13,1019.0,1,2190.0,Екатеринбург,Wildberries,Доставлен
502304,2024-03-10,1009.0,1,1760.0,Москва,Wildberries,Доставлен
510692,2024-10-31,1013.0,1,2090.0,Санкт-Петербург,Wildberries,Доставлен
501613,2024-02-22,1014.0,2,2390.0,Санкт-Петербург,Ozon,Доставлен
501489,2024-02-18,1025.0,1,2530.0,Москва,Ozon,Доставлен
510211,2024-10-17,1019.0,1,2270.0,Москва,Wildberries,Доставлен
501745,2024-02-26,1019.0,1,2320.0,Регионы,Wildberries,Доставлен
513253,2024-12-17,1014.0,2,2410.0,Регионы,Ozon,Доставлен
512640,2024-12-08,1001.0,1,1210.0,Москва,Wildberries,Доставлен
513698,2024-12-25,1004.0,1,2240.0,Регионы,Wildberries,Доставлен
512409,2024-12-04,1006.0,1,4000.0,Регионы,Wildberries,Доставлен
513958,2024-12-29,1007.0,1,1240.0,Регионы,Wildberries,Возврат
501394,2024-02-15,1019.0,1,2300.0,Новосибирск,Wildberries,Доставлен
509701,2024-10-01,1020.0,1,1570.0,Санкт-Петербург,Wildberries,Доставлен
509387,2024-09-23,1022.0,2,1710.0,Регионы,Wildberries,Доставлен
513122,2024-12-15,1011.0,3,3160.0,Москва,Wildberries,Доставлен
505406,2024-06-03,1023.0,1,870.0,Регионы,Ozon,Доставлен
503646,2024-04-10,1018.0,3,750.0,Регионы,Ozon,Доставлен
505963,2024-06-20,1020.0,1,1560.0,Москва,Ozon,Доставлен
503801,2024-04-14,1026.0,1,2550.0,Санкт-Петербург,Ozon,Доставлен
513026,2024-12-13,1022.0,1,1740.0,Москва,Wildberries,Доставлен
512415,2024-12-04,1007.0,2,1090.0,Регионы,Ozon,Отменён
510124,2024-10-15,1006.0,1,3900.0,Москва,Wildberries,Доставлен
502813,2024-03-21,1013.0,1,2320.0,Екатеринбург,Wildberries,Доставлен
512167,2024-11-29,1026.0,2,2170.0,Москва,Wildberries,Доставлен
510732,2024-11-01,1007.0,1,1050.0,Москва,Ozon,Возврат
502670,2024-03-17,1026.0,2,2390.0,Москва,Wildberries,Доставлен
512837,2024-12-10,1026.0,1,2160.0,Санкт-Петербург,Wildberries,Доставлен
511912,2024-11-24,1016.0,1,2310.0,Регионы,Wildberries,Доставлен
507845,2024-08-16,1001.0,1,1300.0,Регионы,Wildberries,Доставлен
505214,2024-05-28,1016.0,1,2220.0,Новосибирск,Ozon,Доставлен
503249,2024-03-29,1026.0,1,2250.0,Регионы,Wildberries,Доставлен
506864,2024-07-19,1017.0,1,1680.0,Москва,Ozon,Доставлен
511015,2024-11-07,1016.0,1,2700.0,Регионы,Wildberries,Возврат
500574,2024-01-20,1026.0,1,2260.0,Москва,Wildberries,Доставлен
507749,2024-08-13,1010.0,1,1160.0,Москва,Wildberries,Доставлен
508889,2024-09-11,1002.0,1,3900.0,Москва,Wildberries,Доставлен
505508,2024-06-06,1026.0,1,2490.0,Регионы,Wildberries,Доставлен
501557,2024-02-21,1005.0,1,2710.0,Регионы,Ozon,Доставлен
513314,2024-12-18,1010.0,1,1160.0,Екатеринбург,Wildberries,Доставлен
507266,2024-08-01,1006.0,1,4350.0,Екатеринбург,Wildberries,Доставлен
502599,2024-03-16,1006.0,1,3680.0,Регионы,Ozon,Доставлен
505168,2024-05-27,1004.0,1,2480.0,Регионы,Ozon,Возврат
504158,2024-04-24,1019.0,1,2410.0,Санкт-Петербург,Wildberries,Доставлен
502188,2024-03-07,1016.0,1,2380.0,Екатеринбург,Ozon,Возврат
504023,2024-04-20,1022.0,1,1740.0,Санкт-Петербург,Wildberries,Доставлен
508454,2024-08-31,1009.0,2,1770.0,Екатеринбург,Ozon,Возврат
510238,2024-10-18,1013.0,2,2500.0,Санкт-Петербург,Ozon,Доставлен
508475,2024-08-31,1019.0,1,2120.0,Регионы,Wildberries,Доставлен
500259,2024-01-09,1011.0,1,3370.0,Москва,Wildberries,Возврат
502665,2024-03-17,1025.0,1,3220.0,Санкт-Петербург,Ozon,Доставлен
512876,2024-12-11,1013.0,1,2280.0,Санкт-Петербург,Wildberries,Доставлен
503234,2024-03-29,1021.0,1,1710.0,Москва,Wildberries,Возврат
508918,2024-09-11,1023.0,1,1040.0,Регионы,Ozon,Доставлен
509829,2024-10-05,1024.0,2,3540.0,Екатеринбург,Wildberries,Доставлен
507015,2024-07-24,1020.0,1,1460.0,Санкт-Петербург,Ozon,Доставлен
512737,2024-12-09,1010.0,1,1130.0,Москва,Wildberries,Возврат
505249,2024-05-29,1020.0,2,1400.0,Москва,Wildberries,Доставлен
505443,2024-06-04,1025.0,2,3030.0,Регионы,Ozon,Доставлен
508248,2024-08-26,1002.0,2,3640.0,Екатеринбург,Ozon,Доставлен
503615,2024-04-09,1018.0,1,700.0,Москва,Wildberries,Доставлен
509604,2024-09-29,1009.0,1,1830.0,Москва,Ozon,Доставлен
513060,2024-12-14,1011.0,1,3570.0,Екатеринбург,Wildberries,Доставлен
502215,2024-03-08,1005.0,1,2620.0,Регионы,Ozon,Возврат
512374,2024-12-03,1017.0,1,1380.0,Москва,Ozon,Возврат
505458,2024-06-05,1007.0,1,1170.0,Екатеринбург,Wildberries,Доставлен
502936,2024-03-23,1024.0,1,3510.0,Москва,Wildberries,Доставлен
500889,2024-02-01,1008.0,1,4000.0,Москва,Ozon,Доставлен
502955,2024-03-24,1005.0,1,2800.0,Москва,Wildberries,Отменён
501688,2024-02-24,1017.0,2,1650.0,Екатеринбург,Ozon,Доставлен
501820,2024-02-29,1005.0,1,2360.0,Москва,Ozon,Доставлен
503704,2024-04-12,1009.0,1,1600.0,Регионы,Wildberries,Доставлен
501973,2024-03-03,1013.0,1,2110.0,Москва,Wildberries,Доставлен
508114,2024-08-22,1023.0,1,870.0,Новосибирск,Wildberries,Доставлен
508188,2024-08-24,1020.0,1,1410.0,Регионы,Ozon,Доставлен
508907,2024-09-11,1012.0,1,3310.0,Москва,Wildberries,Возврат
505153,2024-05-26,1019.0,1,2270.0,Екатеринбург,Ozon,Доставлен
510479,2024-10-25,1025.0,2,3080.0,Регионы,Wildberries,Доставлен
513969,2024-12-29,1011.0,1,3910.0,Екатеринбург,Ozon,Доставлен
509649,2024-09-30,1012.0,1,3360.0,Москва,Wildberries,Отменён
507872,2024-08-16,1017.0,1,1540.0,Новосибирск,Wildberries,Доставлен
512765,2024-12-09,1026.0,1,2190.0,Регионы,Wildberries,Доставлен
511041,2024-11-08,1005.0,1,2650.0,Регионы,Ozon,Доставлен
504714,2024-05-11,1010.0,1,1150.0,Москва,Wildberries,Возврат
508316,2024-08-27,1019.0,2,2270.0,Москва,Wildberries,Доставлен
513031,2024-12-14,1001.0,1,1160.0,Санкт-Петербург,Wildberries,Возврат
512098,2024-11-28,1024.0,1,3150.0,Москва,Wildberries,Доставлен
513130,2024-12-15,1012.0,1,3010.0,Екатеринбург,Wildberries,Доставлен
512593,2024-12-07,1008.0,1,4200.0,Санкт-Петербург,Ozon,Доставлен
500981,2024-02-04,1002.0,1,3670.0,Новосибирск,Wildberries,Доставлен
507833,2024-08-15,1019.0,2,2130.0,Екатеринбург,Wildberries,Доставлен
505504,2024-06-06,1021.0,1,1600.0,Регионы,Wildberries,Доставлен
507262,2024-08-01,1002.0,2,3830.0,Москва,Ozon,Доставлен
507224,2024-07-30,1026.0,1,2430.0,Новосибирск,Wildberries,Доставлен
508368,2024-08-29,1001.0,1,1220.0,Регионы,Wildberries,Доставлен
500582,2024-01-21,1008.0,2,4520.0,Санкт-Петербург,Ozon,Доставлен
514111,2024-12-31,1020.0,1,1490.0,Новосибирск,Wildberries,Доставлен
509809,2024-10-05,1004.0,1,2630.0,Санкт-Петербург,Wildberries,Доставлен
513247,2024-12-17,1012.0,1,3030.0,Регионы,Ozon,Доставлен
505291,2024-05-30,1026.0,1,2260.0,Москва,Wildberries,Доставлен
502877,2024-03-22,1017.0,1,1530.0,Регионы,Wildberries,Доставлен
507136,2024-07-28,1011.0,1,3760.0,Екатеринбург,Wildberries,Доставлен
512956,2024-12-12,1016.0,1,2710.0,Санкт-Петербург,Wildberries,Отменён
511436,2024-11-15,1023.0,1,910.0,Санкт-Петербург,Wildberries,Доставлен
505976,2024-06-21,1006.0,1,3820.0,Москва,Wildberries,Доставлен
501862,2024-03-01,1012.0,1,2750.0,Регионы,Ozon,Доставлен
505447,2024-06-05,1001.0,1,1290.0,Санкт-Петербург,Wildberries,Доставлен
503576,2024-04-08,1010.0,1,1190.0,Санкт-Петербург,Wildberries,Доставлен
511799,2024-11-22,1018.0,1,760.0,Москва,Wildberries,Отменён
513732,2024-12-25,1019.0,1,2350.0,Регионы,Ozon,Отменён
511167,2024-11-10,1022.0,1,1570.0,Регионы,Ozon,Доставлен
504506,2024-05-04,1021.0,1,1460.0,Екатеринбург,Ozon,Доставлен
504772,2024-05-13,1003.0,1,3370.0,Регионы,Ozon,Доставлен
500298,2024-01-10,1024.0,1,3740.0,Санкт-Петербург,Wildberries,Доставлен
500926,2024-02-02,1012.0,1,2800.0,Москва,Ozon,Доставлен
512311,2024-12-02,1015.0,1,2270.0,Регионы,Wildberries,Доставлен
501591,2024-02-21,1026.0,1,2150.0,Регионы,Ozon,Доставлен
510308,2024-10-20,1008.0,3,4140.0,Регионы,Wildberries,Доставлен
507766,2024-08-13,1018.0,1,810.0,Москва,Wildberries,Доставлен
507491,2024-08-07,1006.0,1,3790.0,Екатеринбург,Wildberries,Доставлен
501308,2024-02-13,1002.0,1,4160.0,Регионы,Ozon,Доставлен
507038,2024-07-25,1014.0,1,2520.0,Москва,Ozon,Возврат
504768,2024-05-12,1026.0,1,2290.0,Регионы,Wildberries,Доставлен
501673,2024-02-24,1009.0,1,1810.0,Санкт-Петербург,Ozon,Доставлен
509392,2024-09-23,1024.0,1,2980.0,Санкт-Петербург,Wildberries,Доставлен
502230,2024-03-08,1016.0,2,2790.0,Санкт-Петербург,Ozon,Доставлен
513361,2024-12-19,1008.0,1,5040.0,Регионы,Wildberries,Доставлен
514013,2024-12-30,1007.0,2,1050.0,Москва,Ozon,Доставлен
500294,2024-01-10,1020.0,1,1390.0,Екатеринбург,Wildberries,Доставлен
506346,2024-07-03,1010.0,1,1250.0,Москва,Wildberries,Доставлен
510883,2024-11-04,1006.0,1,4180.0,Регионы,Wildberries,Доставлен
504223,2024-04-26,1018.0,1,840.0,Новосибирск,Ozon,Доставлен
502580,2024-03-15,1022.0,1,1680.0,Екатеринбург,Wildberries,Доставлен
507576,2024-08-09,1007.0,1,1290.0,Санкт-Петербург,Wildberries,Возврат
506344,2024-07-03,1008.0,1,4910.0,Регионы,Ozon,Доставлен
508315,2024-08-27,1019.0,1,2020.0,Москва,Wildberries,Возврат
500693,2024-01-25,1007.0,1,1280.0,Регионы,Wildberries,Доставлен
500687,2024-01-25,1003.0,3,2980.0,Регионы,Wildberries,Доставлен
500818,2024-01-29,1023.0,2,980.0,Регионы,Wildberries,Возврат
500217,2024-01-07,1023.0,1,1020.0,Новосибирск,Ozon,Доставлен
507935,2024-08-18,1011.0,2,3850.0,Регионы,Wildberries,Доставлен
511518,2024-11-17,1016.0,1,2240.0,Санкт-Петербург,Ozon,Возврат
512441,2024-12-04,1019.0,1,2130.0,Новосибирск,Wildberries,Доставлен
503890,2024-04-17,1008.0,1,4850.0,Москва,Wildberries,Доставлен
500323,2024-01-11,1022.0,1,1610.0,Санкт-Петербург,Ozon,Доставлен
511206,2024-11-11,1016.0,1,2550.0,Москва,Wildberries,Доставлен
506105,2024-06-25,1014.0,1,2250.0,Екатеринбург,Wildberries,Возврат
500479,2024-01-17,1026.0,1,2640.0,Санкт-Петербург,Ozon,Доставлен
505379,2024-06-02,1019.0,1,2040.0,Регионы,Wildberries,Доставлен
505701,2024-06-13,1014.0,1,2190.0,Санкт-Петербург,Wildberries,Доставлен
501890,2024-03-01,1025.0,1,3230.0,Москва,Wildberries,Доставлен
505763,2024-06-15,1012.0,1,2970.0,Екатеринбург,Wildberries,Доставлен
513296,2024-12-18,1004.0,1,2720.0,Новосибирск,Wildberries,Отменён
511391,2024-11-14,1023.0,1,940.0,Регионы,Ozon,Доставлен
500813,2024-01-29,1015.0,1,2280.0,Москва,Wildberries,Доставлен
507434,2024-08-05,1014.0,1,2340.0,Санкт-Петербург,Ozon,Доставлен
504347,2024-04-30,1001.0,1,1190.0,Санкт-Петербург,Wildberries,Доставлен
509036,2024-09-14,1025.0,1,2710.0,Москва,Wildberries,Доставлен
506222,2024-06-29,1008.0,1,4840.0,Москва,Wildberries,Доставлен
503057,2024-03-26,1006.0,1,4170.0,Новосибирск,Ozon,Доставлен
502376,2024-03-11,1022.0,2,1710.0,Регионы,Wildberries,Доставлен
504070,2024-04-22,1008.0,2,4980.0,Новосибирск,Wildberries,Доставлен
502033,2024-03-04,1024.0,1,3290.0,Регионы,Ozon,Доставлен
500968,2024-02-03,1019.0,1,2210.0,Москва,Wildberries,Доставлен
511190,2024-11-11,1006.0,2,3640.0,Екатеринбург,Ozon,Доставлен
513212,2024-12-16,1026.0,2,2270.0,Санкт-Петербург,Ozon,Доставлен
500973,2024-02-03,1022.0,1,1470.0,Регионы,Wildberries,Доставлен
510089,2024-10-14,1002.0,1,3400.0,Екатеринбург,Wildberries,Доставлен
506332,2024-07-02,1021.0,2,1580.0,Санкт-Петербург,Ozon,Доставлен
512535,2024-12-06,1007.0,1,1160.0,Санкт-Петербург,Ozon,Доставлен
502705,2024-03-18,1025.0,1,2640.0,Новосибирск,Wildberries,Отменён
506300,2024-07-01,1024.0,1,3750.0,Екатеринбург,Wildberries,Доставлен
509348,2024-09-23,1001.0,1,1350.0,Москва,Ozon,Доставлен
509679,2024-10-01,1004.0,1,2400.0,Екатеринбург,Ozon,Доставлен
507861,2024-08-16,1012.0,1,2900.0,Москва,Wildberries,Доставлен
503375,2024-04-01,1017.0,1,1740.0,Екатеринбург,Ozon,Доставлен
512794,2024-12-10,1009.0,1,1920.0,Регионы,Wildberries,Доставлен
512852,2024-12-11,1005.0,1,2820.0,Москва,Wildberries,Доставлен
513177,2024-12-16,1009.0,2,2020.0,Регионы,Wildberries,Доставлен
505602,2024-06-10,1014.0,2,2440.0,Санкт-Петербург,Ozon,Доставлен
502952,2024-03-24,1003.0,1,3190.0,Москва,Wildberries,Доставлен
509538,2024-09-27,1017.0,1,1600.0,Регионы,Wildberries,Доставлен
509168,2024-09-18,1010.0,1,1120.0,Москва,Ozon,Доставлен
509452,2024-09-25,1012.0,1,3280.0,Екатеринбург,Ozon,Доставлен
508702,2024-09-06,1004.0,1,2390.0,Регионы,Ozon,Возврат
500123,2024-01-04,1023.0,1,1050.0,Москва,Wildberries,Возврат
513329,2024-12-18,1015.0,1,2240.0,Регионы,Wildberries,Доставлен
507217,2024-07-30,1021.0,2,1390.0,Регионы,Ozon,Возврат
513380,2024-12-19,1018.0,1,830.0,Санкт-Петербург,Ozon,Доставлен
509903,2024-10-08,1003.0,1,3350.0,Регионы,Ozon,Доставлен
502101,2024-03-06,1004.0,1,2250.0,Москва,Ozon,Доставлен
500870,2024-01-31,1017.0,2,1440.0,Санкт-Петербург,Wildberries,Доставлен
513393,2024-12-19,1023.0,1,980.0,Москва,Ozon,Доставлен
509223,2024-09-20,1003.0,1,3490.0,Регионы,Wildberries,Доставлен
511656,2024-11-20,1001.0,1,1310.0,Екатеринбург,Wildberries,Доставлен
506791,2024-07-17,1008.0,1,4650.0,Регионы,Ozon,Доставлен
501999,2024-03-04,1004.0,1,2720.0,Новосибирск,Ozon,Доставлен
503591,2024-04-09,1004.0,2,2260.0,Регионы,Wildberries,Доставлен
501157,2024-02-08,1026.0,1,2440.0,Регионы,Wildberries,Доставлен
503157,2024-03-28,1004.0,1,2700.0,Санкт-Петербург,Wildberries,Доставлен
504429,2024-05-02,1012.0,1,3200.0,Москва,Wildberries,Доставлен
505689,2024-06-13,1001.0,1,1370.0,Регионы,Ozon,Доставлен
506481,2024-07-07,1013.0,3,2360.0,Регионы,Wildberries,Доставлен
501576,2024-02-21,1014.0,1,2310.0,Москва,Wildberries,Возврат
513636,2024-12-24,1002.0,1,4150.0,Санкт-Петербург,Wildberries,Отменён
508254,2024-08-26,1005.0,1,2310.0,Новосибирск,Ozon,Доставлен
500473,2024-01-17,1021.0,1,1420.0,Новосибирск,Ozon,Доставлен
504998,2024-05-21,1007.0,2,1060.0,Регионы,Wildberries,Доставлен
511647,2024-11-19,1024.0,1,3550.0,Москва,Wildberries,Доставлен
509058,2024-09-15,1016.0,1,2320.0,Екатеринбург,Wildberries,Доставлен
503584,2024-04-08,1020.0,1,1580.0,Екатеринбург,Wildberries,Доставлен
502933,2024-03-23,1022.0,1,1580.0,Регионы,Wildberries,Возврат
505426,2024-06-04,1016.0,1,2450.0,Регионы,Ozon,Доставлен
511807,2024-11-22,1021.0,1,1440.0,Екатеринбург,Ozon,Доставлен
508752,2024-09-07,1014.0,1,2250.0,Регионы,Wildberries,Доставлен
503389,2024-04-01,1026.0,2,2480.0,Москва,Wildberries,Доставлен
502181,2024-03-07,1013.0,1,2520.0,Регионы,Wildberries,Доставлен
504744,2024-05-12,1012.0,1,3350.0,Санкт-Петербург,Ozon,Доставлен
513340,2024-12-18,1025.0,1,2680.0,Москва,Wildberries,Доставлен
507126,2024-07-28,1002.0,1,4010.0,Новосибирск,Wildberries,Отменён
511474,2024-11-16,1016.0,1,2370.0,Санкт-Петербург,Wildberries,Доставлен
512820,2024-12-10,1020.0,1,1550.0,Екатеринбург,Ozon,Доставлен
509821,2024-10-05,1018.0,1,830.0,Екатеринбург,Wildberries,Доставлен
505489,2024-06-06,1010.0,1,1210.0,Регионы,Ozon,Доставлен
510631,2024-10-29,1015.0,1,2550.0,Новосибирск,Ozon,Доставлен
501150,2024-02-08,1019.0,2,1990.0,Регионы,Wildberries,Доставлен
501161,2024-02-09,1001.0,2,1130.0,Регионы,Wildberries,Доставлен
508001,2024-08-19,1025.0,2,2780.0,Москва,Ozon,Доставлен
500257,2024-01-09,1010.0,1,1330.0,Екатеринбург,Ozon,Доставлен
510791,2024-11-02,1009.0,1,1700.0,Екатеринбург,Ozon,Доставлен
500794,2024-01-28,1018.0,1,840.0,Москва,Ozon,Доставлен
504874,2024-05-17,1008.0,1,4470.0,Москва,Ozon,Доставлен
509298,2024-09-21,1020.0,1,1360.0,Регионы,Wildberries,Доставлен
506198,2024-06-28,1017.0,1,1480.0,Екатеринбург,Wildberries,Возврат
503856,2024-04-16,1011.0,1,3370.0,Москва,Wildberries,Доставлен
511600,2024-11-19,1004.0,2,2750.0,Регионы,Ozon,Доставлен
500558,2024-01-20,1006.0,1,4030.0,Регионы,Wildberries,Доставлен
510043,2024-10-12,1015.0,1,2390.0,Новосибирск,Wildberries,Доставлен
510281,2024-10-19,1015.0,1,2290.0,Регионы,Ozon,Доставлен
502900,2024-03-23,1001.0,1,1320.0,Екатеринбург,Wildberries,Возврат
503221,2024-03-29,1013.0,1,2150.0,Регионы,Ozon,Доставлен
500262,2024-01-09,1013.0,1,2160.0,Новосибирск,Ozon,Доставлен
503741,2024-04-13,1010.0,1,1260.0,Санкт-Петербург,Wildberries,Доставлен
506763,2024-07-16,1017.0,1,1380.0,Новосибирск,Ozon,Доставлен
508820,2024-09-09,1001.0,1,1310.0,Регионы,Ozon,Доставлен
507228,2024-07-31,1006.0,1,3810.0,Санкт-Петербург,Wildberries,Возврат
510082,2024-10-13,1021.0,1,1600.0,Екатеринбург,Wildberries,Отменён
511235,2024-11-12,1005.0,1,2480.0,Регионы,Wildberries,Отменён
504306,2024-04-29,1001.0,1,1120.0,Санкт-Петербург,Wildberries,Доставлен
510271,2024-10-19,1007.0,1,1250.0,Санкт-Петербург,Ozon,Возврат
511778,2024-11-22,1008.0,1,4330.0,Регионы,Wildberries,Доставлен
504305,2024-04-29,1001.0,1,1320.0,Москва,Ozon,Доставлен
505245,2024-05-29,1018.0,1,810.0,Екатеринбург,Wildberries,Доставлен
509799,2024-10-04,1024.0,1,3400.0,Регионы,Wildberries,Доставлен
509213,2024-09-19,1021.0,1,1550.0,Регионы,Ozon,Доставлен
508801,2024-09-08,1015.0,2,2580.0,Санкт-Петербург,Ozon,Доставлен
509596,2024-09-29,1004.0,1,2370.0,Регионы,Ozon,Доставлен
512813,2024-12-10,1016.0,1,2730.0,Москва,Ozon,Доставлен
511447,2024-11-16,1003.0,1,3510.0,Екатеринбург,Wildberries,Доставлен
506823,2024-07-18,1006.0,1,4580.0,Санкт-Петербург,Wildberries,Возврат
510289,2024-10-19,1020.0,1,1560.0,Регионы,Ozon,Отменён
500210,2024-01-07,1013.0,1,2620.0,Регионы,Wildberries,Доставлен
503799,2024-04-14,1024.0,1,2990.0,Москва,Ozon,Доставлен
503540,2024-04-07,1011.0,1,3320.0,Регионы,Wildberries,Доставлен
500154,2024-01-05,1021.0,1,1610.0,Регионы,Wildberries,Доставлен
509783,2024-10-04,1009.0,1,1910.0,Москва,Ozon,Возврат
510635,2024-10-29,1021.0,1,1630.0,Екатеринбург,Ozon,Доставлен
501148,2024-02-08,1019.0,1,2410.0,Екатеринбург,Wildberries,Отменён
511620,2024-11-19,1011.0,1,3700.0,Регионы,Wildberries,Доставлен
501968,2024-03-03,1007.0,1,1140.0,Санкт-Петербург,Wildberries,Доставлен
511399,2024-11-15,1003.0,1,3730.0,Регионы,Wildberries,Возврат
508154,2024-08-23,1025.0,1,2860.0,Регионы,Wildberries,Доставлен
502434,2024-03-12,1023.0,1,960.0,Москва,Ozon,Отменён
509826,2024-10-05,1022.0,2,1540.0,Регионы,Wildberries,Отменён
511485,2024-11-16,1023.0,1,900.0,Москва,Wildberries,Доставлен
500598,2024-01-21,1019.0,1,2240.0,Регионы,Ozon,Доставлен
503138,2024-03-27,1022.0,1,1730.0,Санкт-Петербург,Ozon,Доставлен
506028,2024-06-22,1023.0,1,1030.0,Регионы,Wildberries,Доставлен
509849,2024-10-06,1008.0,2,4200.0,Москва,Wildberries,Возврат
504777,2024-05-13,1009.0,1,1780.0,Санкт-Петербург,Wildberries,Доставлен
513063,2024-12-14,1013.0,1,2620.0,Регионы,Ozon,Возврат
511490,2024-11-16,1025.0,1,3160.0,Екатеринбург,Wildberries,Доставлен
501566,2024-02-21,1008.0,2,4820.0,Москва,Ozon,Доставлен
506247,2024-06-30,1007.0,1,1270.0,Регионы,Wildberries,Возврат
507404,2024-08-04,1017.0,1,1630.0,Екатеринбург,Wildberries,Доставлен
506449,2024-07-06,1018.0,1,790.0,Москва,Wildberries,Доставлен
509711,2024-10-02,1001.0,1,1130.0,Регионы,Ozon,Доставлен
512935,2024-12-12,1009.0,1,1840.0,Новосибирск,Wildberries,Доставлен
512510,2024-12-05,1021.0,1,1430.0,Екатеринбург,Ozon,Доставлен
507305,2024-08-02,1004.0,1,2630.0,Санкт-Петербург,Ozon,Доставлен
508418,2024-08-30,1010.0,1,1360.0,Санкт-Петербург,Wildberries,Доставлен
513289,2024-12-18,1002.0,1,3490.0,Екатеринбург,Wildberries,Доставлен
510710,2024-10-31,1023.0,1,850.0,Санкт-Петербург,Ozon,Доставлен
502244,2024-03-08,1023.0,1,1000.0,Москва,Wildberries,Доставлен
510586,2024-10-28,1007.0,1,1260.0,Москва,Ozon,Доставлен
509953,2024-10-09,1024.0,1,3650.0,Регионы,Wildberries,Доставлен
501361,2024-02-14,1023.0,1,1030.0,Москва,Ozon,Доставлен
503305,2024-03-31,1001.0,1,1390.0,Екатеринбург,Ozon,Доставлен
502325,2024-03-10,1022.0,1,1690.0,Москва,Ozon,Доставлен
511751,2024-11-21,1020.0,1,1500.0,Санкт-Петербург,Wildberries,Доставлен
508041,2024-08-21,1003.0,1,3370.0,Москва,Wildberries,Доставлен
501481,2024-02-18,1014.0,1,2610.0,Санкт-Петербург,Ozon,Доставлен
501834,2024-02-29,1022.0,3,1540.0,Новосибирск,Ozon,Доставлен
503662,2024-04-11,1003.0,1,3070.0,Регионы,Wildberries,Доставлен
507695,2024-08-12,1006.0,2,4130.0,Санкт-Петербург,Ozon,Доставлен
510202,2024-10-17,1013.0,2,2450.0,Регионы,Wildberries,Отменён
511850,2024-11-23,1013.0,2,2130.0,Регионы,Wildberries,Доставлен
512494,2024-12-05,1013.0,1,2190.0,Москва,Wildberries,Доставлен
505124,2024-05-25,1016.0,1,2510.0,Регионы,Wildberries,Доставлен
504188,2024-04-25,1020.0,1,1460.0,Москва,Wildberries,Доставлен
512867,2024-12-11,1010.0,2,1240.0,Москва,Ozon,Доставлен
507472,2024-08-06,1016.0,1,2250.0,Регионы,Wildberries,Возврат
507655,2024-08-11,1005.0,1,2530.0,Москва,Wildberries,Доставлен
512050,2024-11-27,1023.0,1,990.0,Регионы,Wildberries,Доставлен
508886,2024-09-10,1026.0,1,2500.0,Регионы,Wildberries,Доставлен
505242,2024-05-29,1015.0,1,2340.0,Москва,Wildberries,Отменён
513430,2024-12-20,1016.0,1,2510.0,Регионы,Wildberries,Доставлен
505835,2024-06-17,1012.0,2,3350.0,Санкт-Петербург,Ozon,Доставлен
510805,2024-11-02,1018.0,2,720.0,Новосибирск,Ozon,Доставлен
501187,2024-02-09,1024.0,1,3730.0,Новосибирск,Wildberries,Доставлен
509562,2024-09-28,1009.0,1,1640.0,Москва,Wildberries,Доставлен
501908,2024-03-02,1005.0,2,2260.0,Москва,Ozon,Доставлен
504089,2024-04-22,1020.0,1,1520.0,Москва,Wildberries,Доставлен
502478,2024-03-13,1024.0,1,3670.0,Новосибирск,Wildberries,Доставлен
508209,2024-08-25,1005.0,1,2600.0,Екатеринбург,Ozon,Отменён
510707,2024-10-31,1022.0,1,1730.0,Регионы,Ozon,Отменён
513542,2024-12-22,1012.0,1,2950.0,Москва,Wildberries,Доставлен
510398,2024-10-23,1012.0,1,3040.0,Москва,Wildberries,Доставлен
506848,2024-07-18,1024.0,1,3400.0,Регионы,Ozon,Доставлен
511788,2024-11-22,1012.0,3,2900.0,Регионы,Ozon,Доставлен
501487,2024-02-18,1024.0,1,3520.0,Екатеринбург,Wildberries,Доставлен
501677,2024-02-24,1011.0,2,3340.0,Регионы,Wildberries,Доставлен
502354,2024-03-11,1012.0,1,3050.0,Москва,Wildberries,Доставлен
508849,2024-09-09,1025.0,3,2860.0,Москва,Wildberries,Возврат
501572,2024-02-21,1010.0,2,1220.0,Регионы,Wildberries,Доставлен
509930,2024-10-08,1025.0,1,3080.0,Санкт-Петербург,Ozon,Доставлен
505516,2024-06-07,1011.0,2,3340.0,Санкт-Петербург,Wildberries,Доставлен
512048,2024-11-27,1021.0,1,1460.0,Новосибирск,Ozon,Доставлен
504496,2024-05-04,1014.0,1,2400.0,Новосибирск,Wildberries,Доставлен
511039,2024-11-08,1004.0,1,2260.0,Екатеринбург,Wildberries,Доставлен
511173,2024-11-10,1025.0,1,2830.0,Регионы,Ozon,Доставлен
500619,2024-01-22,1012.0,1,2900.0,Новосибирск,Wildberries,Возврат
512797,2024-12-10,1010.0,1,1370.0,Москва,Wildberries,Доставлен
506224,2024-06-29,1010.0,1,1340.0,Регионы,Wildberries,Доставлен
506881,2024-07-20,1004.0,1,2300.0,Москва,Wildberries,Доставлен
502848,2024-03-22,1004.0,1,2420.0,Регионы,Ozon,Доставлен
513659,2024-12-24,1013.0,1,2210.0,Москва,Wildberries,Доставлен
500868,2024-01-31,1015.0,1,2040.0,Новосибирск,Wildberries,Доставлен
502508,2024-03-14,1013.0,1,2390.0,Регионы,Ozon,Возврат
504983,2024-05-20,1020.0,1,1270.0,Москва,Ozon,Возврат
510303,2024-10-20,1003.0,1,3040.0,Екатеринбург,Ozon,Доставлен
504696,2024-05-10,1021.0,1,1720.0,Санкт-Петербург,Wildberries,Доставлен
508040,2024-08-21,1003.0,2,3100.0,Екатеринбург,Ozon,Доставлен
504419,2024-05-02,1007.0,1,1140.0,Екатеринбург,Ozon,Доставлен
507004,2024-07-24,1009.0,1,1940.0,Москва,Wildberries,Доставлен
508650,2024-09-05,1002.0,1,3510.0,Москва,Ozon,Доставлен
510326,2024-10-20,1021.0,1,1540.0,Регионы,Wildberries,Доставлен
507707,2024-08-12,1013.0,1,2390.0,Москва,Wildberries,Доставлен
500791,2024-01-28,1016.0,2,2330.0,Новосибирск,Wildberries,Доставлен
507786,2024-08-14,1009.0,1,1970.0,Москва,Wildberries,Возврат
507451,2024-08-05,1023.0,1,1020.0,Регионы,Ozon,Возврат
513015,2024-12-13,1017.0,2,1700.0,Регионы,Ozon,Доставлен
511800,2024-11-22,1018.0,1,780.0,Регионы,Wildberries,Доставлен
503823,2024-04-15,1012.0,1,2930.0,Регионы,Wildberries,Доставлен
510453,2024-10-25,1001.0,1,1250.0,Санкт-Петербург,Wildberries,Доставлен
507516,2024-08-07,1023.0,2,920.0,Регионы,Wildberries,Доставлен
507830,2024-08-15,1017.0,2,1720.0,Регионы,Wildberries,Доставлен
513496,2024-12-21,1019.0,1,2370.0,Регионы,Ozon,Доставлен
502809,2024-03-21,1011.0,1,3730.0,Регионы,Wildberries,Доставлен
505051,2024-05-22,1026.0,1,2170.0,Санкт-Петербург,Ozon,Доставлен
503519,2024-04-06,1021.0,2,1710.0,Москва,Wildberries,Доставлен
508926,2024-09-12,1001.0,1,1220.0,Санкт-Петербург,Wildberries,Доставлен
513897,2024-12-28,1011.0,1,3370.0,Регионы,Ozon,Возврат
512668,2024-12-08,1010.0,1,1330.0,Москва,Wildberries,Возврат
503959,2024-04-19,1008.0,1,4820.0,Москва,Ozon,Доставлен
507345,2024-08-03,1005.0,1,2730.0,Москва,Wildberries,Доставлен
502134,2024-03-06,1020.0,1,1540.0,Регионы,Ozon,Отменён
505053,2024-05-23,1005.0,1,2780.0,Регионы,Wildberries,Возврат
514043,2024-12-30,1017.0,1,1410.0,Москва,Wildberries,Доставлен
512460,2024-12-05,1001.0,1,1130.0,Регионы,Wildberries,Доставлен
510137,2024-10-15,1015.0,1,2340.0,Регионы,Wildberries,Доставлен
502280,2024-03-09,1017.0,2,1570.0,Екатеринбург,Wildberries,Доставлен
500660,2024-01-24,1004.0,1,2770.0,Москва,Wildberries,Возврат
502431,2024-03-12,1023.0,1,1060.0,Санкт-Петербург,Wildberries,Доставлен
503752,2024-04-13,1018.0,1,800.0,Москва,Wildberries,Доставлен
510721,2024-11-01,1002.0,1,3950.0,Санкт-Петербург,Ozon,Возврат
513411,2024-12-20,1007.0,2,1260.0,Санкт-Петербург,Wildberries,Возврат
502592,2024-03-16,1001.0,1,1200.0,Новосибирск,Wildberries,Доставлен
506316,2024-07-02,1012.0,1,2950.0,Новосибирск,Wildberries,Доставлен
500643,2024-01-23,1009.0,1,1840.0,Москва,Ozon,Отменён
500169,2024-01-06,1002.0,1,3380.0,Москва,Wildberries,Доставлен
509710,2024-10-01,1026.0,1,2310.0,Санкт-Петербург,Wildberries,Доставлен
501801,2024-02-28,1011.0,1,3570.0,Москва,Wildberries,Доставлен
503395,2024-04-02,1003.0,1,3350.0,Санкт-Петербург,Ozon,Доставлен
501918,2024-03-02,1011.0,1,3230.0,Регионы,Wildberries,Отменён
500273,2024-01-09,1025.0,1,2890.0,Новосибирск,Wildberries,Доставлен
510661,2024-10-30,1017.0,3,1570.0,Москва,Wildberries,Доставлен
513833,2024-12-27,1010.0,1,1330.0,Санкт-Петербург,Wildberries,Доставлен
513718,2024-12-25,1012.0,1,3060.0,Москва,Wildberries,Доставлен
509259,2024-09-20,1025.0,1,3090.0,Регионы,Ozon,Доставлен
500495,2024-01-18,1014.0,1,2470.0,Санкт-Петербург,Wildberries,Доставлен
506789,2024-07-17,1007.0,1,1110.0,Санкт-Петербург,Ozon,Доставлен
501913,2031-01-01,1009.0,1,1870.0,Екатеринбург,Ozon,Доставлен
503647,2024-04-10,1018.0,1,770.0,Регионы,Ozon,Возврат
508231,2024-08-25,1018.0,1,760.0,Регионы,Ozon,Доставлен
500307,2024-01-11,1002.0,1,3880.0,Москва,Ozon,Доставлен
511933,2024-11-25,1006.0,1,4270.0,Москва,Wildberries,Доставлен
504103,2024-04-23,1006.0,1,3870.0,Санкт-Петербург,Wildberries,Доставлен
511345,2024-11-13,1025.0,1,2890.0,Екатеринбург,Wildberries,Возврат
511022,2024-11-07,1020.0,1,1480.0,Регионы,Ozon,Доставлен
500782,2024-01-28,1009.0,1,1740.0,Москва,Ozon,Доставлен
505287,2024-05-30,1022.0,1,1590.0,Новосибирск,Ozon,Доставлен
500535,2024-01-19,1016.0,1,2620.0,Москва,Wildberries,Доставлен
500584,2024-01-21,1009.0,1,2000.0,Екатеринбург,Wildberries,Доставлен
512809,2024-12-10,1014.0,1,2710.0,Санкт-Петербург,Wildberries,Доставлен
512336,2024-12-02,1024.0,1,3250.0,Новосибирск,Ozon,Доставлен
512611,2024-12-07,1016.0,2,2580.0,Екатеринбург,Ozon,Доставлен
511989,2024-11-26,1013.0,1,2480.0,Москва,Wildberries,Доставлен
501301,2024-02-12,1022.0,1,1470.0,Москва,Ozon,Доставлен
507061,2024-07-26,1008.0,1,4170.0,Новосибирск,Ozon,Доставлен
507496,2024-08-07,1010.0,2,1360.0,Екатеринбург,Wildberries,Доставлен
508242,2024-08-25,1022.0,1,1640.0,Москва,Wildberries,Возврат
511054,2024-11-08,1011.0,1,3790.0,Екатеринбург,Wildberries,Доставлен
500317,2024-01-11,1017.0,2,1420.0,Екатеринбург,Ozon,Доставлен
510390,2024-10-23,1007.0,1,1230.0,Регионы,Wildberries,Доставлен
506511,2024-07-08,1012.0,1,3290.0,Регионы,Wildberries,Отменён
502565,2024-03-15,1015.0,1,2250.0,Москва,Wildberries,Доставлен
513398,2024-12-19,1026.0,1,2420.0,Екатеринбург,Ozon,Доставлен
513802,2024-12-26,1024.0,1,3490.0,Санкт-Петербург,Wildberries,Доставлен
501795,2024-02-28,1006.0,1,4240.0,Регионы,Ozon,Доставлен
506678,2024-07-13,1018.0,1,760.0,Новосибирск,Ozon,Доставлен
513608,2024-12-23,1018.0,1,720.0,Москва,Wildberries,Возврат
512999,2024-12-13,1010.0,1,1160.0,Регионы,Ozon,Возврат
508464,2024-08-31,1014.0,2,2690.0,Регионы,Wildberries,Доставлен
500549,2024-01-19,1026.0,1,2390.0,Москва,Wildberries,Доставлен
501693,2024-02-24,1022.0,2,1620.0,Санкт-Петербург,Wildberries,Доставлен
503526,2024-04-06,1025.0,2,2760.0,Регионы,Wildberries,Доставлен
503013,2024-03-25,1014.0,1,2340.0,Регионы,Ozon,Доставлен
501631,2024-02-22,1026.0,1,2710.0,Екатеринбург,Wildberries,Доставлен
512896,2024-12-11,1020.0,1,1320.0,Регионы,Ozon,Доставлен
502391,2024-03-11,1026.0,1,2320.0,Регионы,Wildberries,Доставлен
512069,2024-11-28,1009.0,1,1940.0,Москва,Ozon,Доставлен
504695,2024-05-10,1019.0,1,2480.0,Москва,Wildberries,Доставлен
509087,2024-09-16,1004.0,1,2430.0,Новосибирск,Wildberries,Доставлен
512859,2024-12-11,1006.0,1,3850.0,Регионы,Wildberries,Доставлен
510192,2024-10-17,1010.0,1,1170.0,Регионы,Ozon,Доставлен
510315,2024-10-20,1012.0,1,3070.0,Москва,Ozon,Доставлен
512350,2024-12-03,1003.0,1,3370.0,Екатеринбург,Wildberries,Доставлен
509440,2024-09-25,1002.0,1,4050.0,Регионы,Wildberries,Доставлен
507705,2024-08-12,1011.0,1,3490.0,Санкт-Петербург,Ozon,Доставлен
504488,2024-05-04,1007.0,1,1250.0,Новосибирск,Wildberries,Возврат
501260,2024-02-11,1020.0,1,1330.0,Москва,Wildberries,Доставлен
508023,2024-08-20,1018.0,1,750.0,Санкт-Петербург,Wildberries,Доставлен
500810,2024-01-29,1011.0,1,3520.0,Регионы,Wildberries,Доставлен
506389,2024-07-04,1022.0,1,1400.0,Москва,Wildberries,Возврат
501050,2024-02-05,1024.0,1,3610.0,Санкт-Петербург,Ozon,Возврат
510071,2024-10-13,1012.0,1,2910.0,Москва,Ozon,Доставлен
511072,2024-11-08,1023.0,1,850.0,Москва,Wildberries,Доставлен
507391,2024-08-04,1004.0,1,2850.0,Москва,Ozon,Доставлен
500108,2024-01-04,1010.0,1,1230.0,Санкт-Петербург,Wildberries,Доставлен
506250,2024-06-30,1008.0,1,4130.0,Санкт-Петербург,Wildberries,Доставлен
508866,2024-09-10,1015.0,1,2250.0,Санкт-Петербург,Wildberries,Доставлен
506787,2024-07-17,1005.0,1,2770.0,Регионы,Wildberries,Доставлен
513335,2024-12-18,1020.0,1,1310.0,Москва,Wildberries,Доставлен
512954,2024-12-12,1015.0,1,2190.0,Москва,Ozon,Доставлен
504606,2024-05-07,1022.0,1,1660.0,Новосибирск,Ozon,Доставлен
513079,2024-12-14,1021.0,1,1440.0,Екатеринбург,Wildberries,Доставлен
505456,2024-06-05,1006.0,1,4090.0,Санкт-Петербург,Ozon,Доставлен
501533,2024-02-20,1012.0,1,3340.0,Регионы,Ozon,Доставлен
504963,2024-05-20,1001.0,1,1290.0,Москва,Wildberries,Доставлен
510048,2024-10-12,1022.0,2,1610.0,Москва,Ozon,Доставлен
500212,2024-01-07,1017.0,2,1510.0,Москва,Wildberries,Доставлен
503148,2024-03-27,1026.0,1,2370.0,Санкт-Петербург,Wildberries,Доставлен
505157,2024-05-26,1022.0,1,1630.0,Екатеринбург,Wildberries,Доставлен
510449,2024-10-24,1023.0,1,890.0,Регионы,Wildberries,Отменён
510298,2024-10-19,1025.0,1,2720.0,Москва,Ozon,Доставлен
511461,2024-11-16,1009.0,1,1740.0,Санкт-Петербург,Wildberries,Доставлен
502151,2024-03-06,1024.0,1,3630.0,Регионы,Wildberries,Доставлен
506996,2024-07-23,1025.0,2,2860.0,Санкт-Петербург,Wildberries,Доставлен
501974,2024-03-03,1014.0,2,2350.0,Москва,Wildberries,Доставлен
504686,2024-05-10,1012.0,1,2980.0,Екатеринбург,Wildberries,Доставлен
508183,2024-08-24,1020.0,1,1380.0,Регионы,Wildberries,Доставлен
507608,2024-08-09,1021.0,1,1610.0,Новосибирск,Wildberries,Возврат
509694,2024-10-01,1014.0,2,2570.0,Регионы,Wildberries,Доставлен
512375,2024-12-03,1017.0,1,1580.0,Регионы,Wildberries,Доставлен
508839,2024-09-09,1016.0,2,2510.0,Москва,Wildberries,Доставлен
511826,2024-11-23,1006.0,1,4070.0,Екатеринбург,Ozon,Доставлен
500772,2024-01-27,1026.0,2,2490.0,Москва,Wildberries,Доставлен
507503,2024-08-07,1014.0,1,2570.0,Москва,Ozon,Возврат
508896,2024-09-11,1007.0,1,1120.0,Москва,Wildberries,Доставлен
511780,2024-11-22,1009.0,1,1870.0,Регионы,Wildberries,Возврат
501250,2024-02-11,1013.0,1,2360.0,Новосибирск,Wildberries,Доставлен
507891,2024-08-17,1002.0,1,3620.0,Москва,Wildberries,Доставлен
512997,2024-12-13,1010.0,1,1160.0,Москва,Ozon,Доставлен
507254,2024-07-31,1022.0,1,1660.0,Москва,Wildberries,Доставлен
510665,2024-10-30,1019.0,1,2060.0,Регионы,Ozon,Доставлен
513328,2024-12-18,1015.0,1,2430.0,Москва,Ozon,Возврат
506574,2024-07-10,1020.0,1,1450.0,Москва,Ozon,Доставлен
510053,2024-10-12,1026.0,1,2220.0,Москва,Wildberries,Доставлен
506820,2024-07-18,1004.0,2,2330.0,Екатеринбург,Wildberries,Доставлен
500710,2024-01-25,1026.0,1,2240.0,Москва,Ozon,Доставлен
502673,2024-03-17,1026.0,1,2440.0,Регионы,Wildberries,Отменён
504515,2024-05-05,1006.0,1,4130.0,Москва,Wildberries,Доставлен
501462,2024-02-18,1002.0,1,3420.0,Регионы,Ozon,Возврат
509677,2024-10-01,1003.0,1,2950.0,Новосибирск,Wildberries,Доставлен
502546,2024-03-15,1004.0,2,2360.0,Екатеринбург,Wildberries,Возврат
507742,2024-08-13,1006.0,1,3890.0,Екатеринбург,Wildberries,Доставлен
507218,2024-07-30,1021.0,1,1710.0,Москва,Wildberries,Доставлен
508423,2024-08-30,1012.0,1,3120.0,Санкт-Петербург,Wildberries,Доставлен
501357,2024-02-14,1019.0,1,2470.0,Регионы,Wildberries,Доставлен
503012,2024-03-25,1013.0,1,2150.0,Регионы,Wildberries,Доставлен
500852,2024-01-30,1022.0,1,1690.0,Екатеринбург,Wildberries,Возврат
501005,2024-02-04,1013.0,2,2410.0,Москва,Wildberries,Доставлен
510189,2024-10-17,1006.0,1,4320.0,Регионы,Wildberries,Доставлен
501835,2024-02-29,1024.0,1,3740.0,Москва,Wildberries,Доставлен
507904,2024-08-17,1018.0,1,740.0,Москва,Wildberries,Доставлен
512166,2024-11-29,1026.0,1,2530.0,Санкт-Петербург,Wildberries,Доставлен
513790,2024-12-26,1020.0,2,1450.0,Санкт-Петербург,Ozon,Доставлен
507743,2024-08-13,1007.0,1,1240.0,Санкт-Петербург,Ozon,Доставлен
512725,2024-12-09,1007.0,1,1260.0,Москва,Wildberries,Доставлен
501317,2024-02-13,1006.0,1,3880.0,Регионы,Wildberries,Доставлен
503328,2024-03-31,1013.0,1,2470.0,Санкт-Петербург,Wildberries,Доставлен
501624,2024-02-22,1024.0,1,3590.0,Москва,Wildberries,Доставлен
509673,2024-09-30,1025.0,1,2940.0,Москва,Wildberries,Доставлен
503834,2024-04-15,1019.0,1,2100.0,Регионы,Wildberries,Возврат
505745,2024-06-14,1026.0,1,2520.0,Регионы,Ozon,Доставлен
501279,2024-02-12,1011.0,1,3720.0,Санкт-Петербург,Ozon,Возврат
511273,2024-11-12,1023.0,1,910.0,Екатеринбург,Wildberries,Доставлен
510016,2024-10-11,1017.0,1,1400.0,Новосибирск,Wildberries,Доставлен
509246,2024-09-20,1016.0,1,2360.0,Новосибирск,Wildberries,Возврат
504146,2024-04-24,1006.0,1,4000.0,Москва,Wildberries,Доставлен
508668,2024-09-05,1014.0,1,2170.0,Санкт-Петербург,Wildberries,Возврат
510475,2024-10-25,1023.0,1,990.0,Новосибирск,Wildberries,Доставлен
511904,2024-11-24,1012.0,1,3010.0,Москва,Wildberries,Доставлен
503147,2024-03-27,1026.0,1,2300.0,Регионы,Ozon,Доставлен
505643,2024-06-11,1013.0,1,2310.0,Москва,Ozon,Доставлен
508528,2024-09-02,1008.0,1,4100.0,Регионы,Wildberries,Доставлен
507140,2024-07-28,1015.0,1,2080.0,Регионы,Wildberries,Возврат
502618,2024-03-16,1022.0,1,1370.0,Регионы,Wildberries,Доставлен
503663,2024-04-11,1004.0,1,2460.0,Санкт-Петербург,Wildberries,Доставлен
500089,2024-01-03,1024.0,1,2980.0,Регионы,Wildberries,Отменён
500875,2024-01-31,1021.0,1,1410.0,Санкт-Петербург,Wildberries,Возврат
508736,2024-09-07,1003.0,1,2990.0,Москва,Wildberries,Возврат
503001,2024-03-25,1005.0,2,2590.0,Регионы,Ozon,Доставлен
502761,2024-03-20,1003.0,1,3510.0,Москва,Ozon,Доставлен
514095,2024-12-31,1011.0,1,3360.0,Новосибирск,Wildberries,Доставлен
501881,2024-03-01,1023.0,1,980.0,Санкт-Петербург,Wildberries,Доставлен
500107,2024-01-04,1009.0,1,1760.0,Санкт-Петербург,Wildberries,Доставлен
500927,2024-02-02,1013.0,1,2200.0,Регионы,Ozon,Доставлен
506366,2024-07-03,1025.0,1,2580.0,Регионы,Ozon,Доставлен
500320,2024-01-11,1019.0,1,2020.0,Регионы,Wildberries,Возврат
512808,2024-12-10,1014.0,1,2160.0,Регионы,Wildberries,Возврат
500879,2024-01-31,1025.0,1,3040.0,Москва,Wildberries,Доставлен
506774,2024-07-16,1023.0,1,1010.0,Санкт-Петербург,Wildberries,Возврат
503995,2024-04-20,1005.0,1,2330.0,Регионы,Wildberries,Доставлен
504922,2024-05-18,1019.0,1,2030.0,Москва,Wildberries,Доставлен
511439,2024-11-15,1025.0,1,2690.0,Екатеринбург,Wildberries,Доставлен
505387,2024-06-03,1005.0,1,2370.0,Регионы,Ozon,Доставлен
503079,2024-03-26,1020.0,1,1290.0,Санкт-Петербург,Ozon,Отменён
511954,2024-11-25,1018.0,1,750.0,Регионы,Wildberries,Доставлен
504731,2024-05-11,1026.0,1,2170.0,Регионы,Wildberries,Доставлен
513545,2024-12-22,1013.0,1,2280.0,Новосибирск,Wildberries,Доставлен
504235,2024-04-26,1025.0,1,2650.0,Москва,Ozon,Доставлен
504260,2024-04-27,1018.0,1,720.0,Новосибирск,Wildberries,Доставлен
509811,2024-10-05,1008.0,1,4440.0,Санкт-Петербург,Wildberries,Доставлен
503727,2024-04-12,1022.0,1,1740.0,Москва,Wildberries,Возврат
513904,2024-12-28,1014.0,1,2260.0,Екатеринбург,Wildberries,Доставлен
509238,2024-09-20,1012.0,1,3330.0,Санкт-Петербург,Wildberries,Доставлен
501751,2024-02-26,1026.0,1,2630.0,Новосибирск,Wildberries,Доставлен
507692,2024-08-12,1004.0,1,2470.0,Регионы,Wildberries,Доставлен
505152,2024-05-26,1019.0,1,2310.0,Екатеринбург,Wildberries,Возврат
503879,2024-04-16,1026.0,1,2260.0,Санкт-Петербург,Ozon,Доставлен
505865,2024-06-18,1007.0,1,1120.0,Екатеринбург,Ozon,Доставлен
505601,2024-06-10,1012.0,1,3130.0,Регионы,Wildberries,Доставлен
512110,2024-11-29,1001.0,1,1260.0,Москва,Wildberries,Доставлен
501044,2024-02-05,1019.0,1,1960.0,Регионы,Wildberries,Доставлен
503011,2024-03-25,1013.0,1,2200.0,Регионы,Wildberries,Доставлен
505156,2024-05-26,1022.0,1,1490.0,Новосибирск,Wildberries,Отменён
506778,2024-07-16,1026.0,3,2190.0,Регионы,Wildberries,Доставлен
511483,2024-11-16,1020.0,1,1350.0,Москва,Wildberries,Доставлен
507787,2024-08-14,1010.0,1,1270.0,Регионы,Wildberries,Доставлен
504591,2024-05-07,1014.0,1,2390.0,Екатеринбург,Wildberries,Доставлен
504752,2024-05-12,1016.0,1,2650.0,Регионы,Ozon,Доставлен
510257,2024-10-18,1021.0,1,1380.0,Регионы,Wildberries,Доставлен
502965,2024-03-24,1010.0,1,1290.0,Москва,Ozon,Возврат
508834,2024-09-09,1012.0,3,2800.0,Новосибирск,Wildberries,Доставлен
500138,2024-01-05,1009.0,1,1700.0,Москва,Wildberries,Отменён
509073,2024-09-15,1023.0,2,940.0,Москва,Wildberries,Возврат
510169,2024-10-16,1011.0,1,4000.0,Екатеринбург,Wildberries,Возврат
509774,2024-10-03,1024.0,1,3360.0,Новосибирск,Ozon,Доставлен
512986,2024-12-13,1006.0,1,4500.0,Новосибирск,Wildberries,Возврат
501098,2024-02-07,1011.0,1,3150.0,Регионы,Ozon,Доставлен
513154,2024-12-15,1024.0,1,3020.0,Регионы,Wildberries,Доставлен
513637,2024-12-24,1002.0,1,3960.0,Регионы,Wildberries,Доставлен
506550,2024-07-09,1021.0,2,1520.0,Регионы,Wildberries,Доставлен
509585,2024-09-28,1024.0,1,3550.0,Регионы,Ozon,Доставлен
510276,2024-10-19,1010.0,2,1220.0,Москва,Wildberries,Возврат
509459,2024-09-25,1019.0,1,2220.0,Москва,Wildberries,Доставлен
506472,2024-07-07,1006.0,1,4480.0,Москва,Wildberries,Доставлен
506462,2024-07-06,1023.0,2,970.0,Санкт-Петербург,Wildberries,Доставлен
512424,2024-12-04,1009.0,1,1690.0,Москва,Ozon,Доставлен
505266,2024-05-30,1008.0,1,4990.0,Регионы,Wildberries,Доставлен
510767,2024-11-01,1023.0,1,870.0,Санкт-Петербург,Wildberries,Доставлен
502136,2024-03-06,1022.0,1,1580.0,Екатеринбург,Wildberries,Доставлен
509696,2024-10-01,1015.0,1,2110.0,Екатеринбург,Ozon,Доставлен
505459,2024-06-05,1009.0,3,1770.0,Регионы,Wildberries,Возврат
505079,2024-05-24,1007.0,1,1150.0,Регионы,Wildberries,Доставлен
503368,2024-04-01,1012.0,1,2780.0,Москва,Ozon,Доставлен
503730,2024-04-12,1024.0,1,3370.0,Санкт-Петербург,Wildberries,Отменён
500149,2024-01-05,1017.0,1,1730.0,Санкт-Петербург,Ozon,Доставлен
500304,2024-01-11,1001.0,2,1200.0,Москва,Wildberries,Доставлен
505114,2024-05-25,1009.0,1,1660.0,Екатеринбург,Wildberries,Доставлен
510117,2024-10-14,1026.0,1,2680.0,Новосибирск,Wildberries,Доставлен
505149,2024-05-26,1016.0,1,2760.0,Регионы,Ozon,Доставлен
501271,2024-02-12,1007.0,1,1120.0,Екатеринбург,Wildberries,Доставлен
510830,2024-11-03,1006.0,1,4390.0,Регионы,Ozon,Доставлен
501905,2024-03-02,1004.0,1,2230.0,Санкт-Петербург,Wildberries,Доставлен
502211,2024-03-08,1003.0,2,3660.0,Регионы,Ozon,Доставлен
504295,2024-04-28,1015.0,1,2270.0,Регионы,Ozon,Доставлен
503843,2024-04-15,1025.0,1,3150.0,Москва,Wildberries,Доставлен
503575,2024-04-08,1010.0,1,1160.0,Регионы,Wildberries,Доставлен
509961,2024-10-10,1006.0,1,3740.0,Москва,Wildberries,Отменён
502876,2024-03-22,1017.0,1,1490.0,Санкт-Петербург,Wildberries,Доставлен
510433,2024-10-24,1009.0,2,1620.0,Москва,Wildberries,Доставлен
512693,2024-12-08,1019.0,2,2370.0,Москва,Ozon,Доставлен
505041,2024-05-22,1018.0,1,840.0,Москва,Wildberries,Доставлен
502299,2024-03-10,1004.0,1,2650.0,Москва,Wildberries,Доставлен
508676,2024-09-05,1017.0,1,1680.0,Регионы,Ozon,Доставлен
508156,2024-08-23,1026.0,1,2520.0,Москва,Ozon,Доставлен
505279,2024-05-30,1017.0,1,1650.0,Москва,Wildberries,Возврат
505436,2024-06-04,1019.0,2,2210.0,Новосибирск,Wildberries,Доставлен
509473,2024-09-25,1026.0,1,2700.0,Регионы,Wildberries,Доставлен
505128,2024-05-25,1021.0,1,1440.0,Екатеринбург,Wildberries,Доставлен
511873,2024-11-24,1001.0,1,1320.0,Регионы,Ozon,Доставлен
508984,2024-09-13,1018.0,1,820.0,Новосибирск,Wildberries,Возврат
513088,2024-12-14,1025.0,1,2860.0,Новосибирск,Wildberries,Доставлен
506529,2024-07-09,1006.0,1,4070.0,Регионы,Ozon,Доставлен
506895,2024-07-20,1016.0,1,2450.0,Санкт-Петербург,Ozon,Возврат
501202,2024-02-10,1011.0,1,3370.0,Санкт-Петербург,Wildberries,Доставлен
512711,2024-12-08,1026.0,2,2490.0,Новосибирск,Wildberries,Доставлен
512105,2024-11-28,1026.0,1,2250.0,Москва,Wildberries,Доставлен
510555,2024-10-27,1015.0,1,2420.0,Регионы,Wildberries,Отменён
514074,2024-12-31,1001.0,1,1290.0,Москва,Wildberries,Доставлен
511262,2024-11-12,1016.0,3,2280.0,Екатеринбург,Ozon,Доставлен
503430,2024-04-03,1005.0,1,2660.0,Москва,Wildberries,Доставлен
501866,2024-03-01,1016.0,1,2560.0,Екатеринбург,Wildberries,Доставлен
513880,2024-12-28,1006.0,1,3940.0,Екатеринбург,Wildberries,Доставлен
505576,2024-06-09,1012.0,2,2720.0,Регионы,Ozon,Возврат
510784,2024-11-02,1007.0,1,1200.0,Регионы,Wildberries,Доставлен
507058,2024-07-26,1006.0,1,3890.0,Санкт-Петербург,Wildberries,Доставлен
510903,2024-11-04,1026.0,1,2610.0,Москва,Wildberries,Отменён
505717,2024-06-13,1023.0,1,890.0,Регионы,Wildberries,Доставлен
509722,2024-10-02,1009.0,1,1770.0,Регионы,Ozon,Доставлен
504999,2024-05-21,1007.0,2,1120.0,Регионы,Wildberries,Возврат
502810,2024-03-21,1012.0,1,2760.0,Регионы,Wildberries,Доставлен
508878,2024-09-10,1023.0,1,850.0,Санкт-Петербург,Ozon,Доставлен
509744,2024-10-03,1002.0,3,3390.0,Санкт-Петербург,Ozon,Доставлен
504256,2024-04-27,1014.0,1,2580.0,Екатеринбург,Wildberries,Доставлен
512064,2024-11-28,1007.0,1,1190.0,Москва,Wildberries,Доставлен
507529,2024-08-08,1002.0,1,3850.0,Санкт-Петербург,Wildberries,Доставлен
508753,2024-09-07,1014.0,2,2200.0,Регионы,Wildberries,Доставлен
510443,2024-10-24,1015.0,1,2500.0,Москва,Wildberries,Доставлен
502891,2024-03-22,1024.0,2,3500.0,Новосибирск,Wildberries,Возврат
503501,2024-04-05,1025.0,1,3150.0,Регионы,Wildberries,Доставлен
510882,2024-11-04,1006.0,1,4260.0,Регионы,Ozon,Доставлен
512401,2024-12-04,1004.0,2,2450.0,Регионы,Ozon,Доставлен
513932,2024-12-28,1024.0,3,3150.0,Регионы,Ozon,Доставлен
503380,2024-04-01,1019.0,1,2130.0,Санкт-Петербург,Wildberries,Доставлен
503194,2024-03-28,1024.0,1,3020.0,Москва,Ozon,Доставлен
501447,2024-02-17,1016.0,1,2510.0,Москва,Ozon,Доставлен
501953,2024-03-03,1003.0,1,2980.0,Москва,Wildberries,Возврат
507125,2024-07-28,1002.0,1,3440.0,Регионы,Ozon,Доставлен
509115,2024-09-16,1026.0,1,2640.0,Москва,Ozon,Возврат
501625,2024-02-22,1025.0,1,2760.0,Москва,Ozon,Доставлен
508503,2024-09-01,1011.0,1,3910.0,Регионы,Wildberries,Доставлен
506950,2024-07-22,1008.0,1,4540.0,Регионы,Wildberries,Доставлен
501320,2024-02-13,1012.0,1,3270.0,Регионы,Wildberries,Доставлен
503532,2024-04-07,1003.0,1,3420.0,Москва,Wildberries,Доставлен
501664,2024-02-24,1003.0,2,3570.0,Екатеринбург,Wildberries,Доставлен
500816,2024-01-29,1020.0,1,1360.0,Москва,Ozon,Доставлен
513446,2024-12-20,1024.0,1,3250.0,Санкт-Петербург,Wildberries,Доставлен
510459,2024-10-25,1004.0,1,2580.0,Санкт-Петербург,Wildberries,Возврат
509666,2024-09-30,1022.0,1,1610.0,Регионы,Ozon,Возврат
509966,2024-10-10,1008.0,1,4440.0,Москва,Wildberries,Возврат
504776,2024-05-13,1008.0,1,4290.0,Москва,Wildberries,Доставлен
513560,2024-12-22,1022.0,1,1700.0,Москва,Wildberries,Доставлен
501094,2024-02-07,1008.0,2,4560.0,Санкт-Петербург,Wildberries,Доставлен
504177,2024-04-25,1008.0,1,5040.0,Регионы,Wildberries,Доставлен
501951,2024-03-03,1002.0,1,3790.0,Москва,Wildberries,Доставлен
503885,2024-04-17,1003.0,1,3120.0,Регионы,Wildberries,Доставлен
513419,2024-12-20,1010.0,1,1370.0,Москва,Ozon,Доставлен
513647,2024-12-24,1008.0,1,3970.0,Регионы,Ozon,Возврат
502801,2024-03-21,1005.0,1,2640.0,Москва,Wildberries,Возврат
501240,2024-02-11,1007.0,1,1320.0,Санкт-Петербург,Wildberries,Возврат
500330,2024-01-11,1026.0,2,2160.0,Екатеринбург,Wildberries,Возврат
503103,2024-03-27,1004.0,1,2400.0,Регионы,Wildberries,Доставлен
508435,2024-08-30,1019.0,1,2060.0,Регионы,Wildberries,Доставлен
502543,2024-03-15,1003.0,1,3640.0,Екатеринбург,Wildberries,Доставлен
504738,2024-05-12,1007.0,1,1320.0,Регионы,Ozon,Доставлен
504793,2024-05-13,1026.0,1,2280.0,Новосибирск,Ozon,Доставлен
510450,2024-10-24,1024.0,1,3600.0,Санкт-Петербург,Ozon,Доставлен
506647,2024-07-12,1015.0,1,2190.0,Регионы,Wildberries,Доставлен
502819,2024-03-21,1017.0,1,1700.0,Санкт-Петербург,Ozon,Доставлен
512017,2024-11-27,1006.0,1,4060.0,Санкт-Петербург,Wildberries,Доставлен
500754,2024-01-27,1012.0,1,2710.0,Москва,Wildberries,Доставлен
504532,2024-05-05,1016.0,1,2710.0,Москва,Wildberries,Доставлен
501564,2024-02-21,1008.0,1,4000.0,Регионы,Ozon,Доставлен
501935,2024-03-02,1024.0,1,3320.0,Екатеринбург,Ozon,Доставлен
507208,2024-07-30,1015.0,1,2370.0,Санкт-Петербург,Ozon,Доставлен
513821,2024-12-27,1006.0,1,4200.0,Москва,Wildberries,Доставлен
503494,2024-04-05,1020.0,1,1390.0,Регионы,Wildberries,Возврат
511215,2024-11-11,1022.0,2,1510.0,Санкт-Петербург,Wildberries,Доставлен
512840,2024-12-11,1001.0,1,1140.0,Регионы,Wildberries,Доставлен
507713,2024-08-12,1015.0,1,2060.0,Москва,Wildberries,Доставлен
510841,2024-11-03,1008.0,1,4200.0,Екатеринбург,Ozon,Доставлен
501857,2024-03-01,1009.0,1,1630.0,Москва,Ozon,Доставлен
504698,2024-05-10,1023.0,2,900.0,Москва,Ozon,Доставлен
503564,2024-04-07,1025.0,1,3120.0,Москва,Wildberries,Доставлен
510157,2024-10-16,1002.0,2,3850.0,Екатеринбург,Wildberries,Возврат
501014,2024-02-04,1016.0,1,2690.0,Регионы,Ozon,Доставлен
509620,2024-09-29,1021.0,2,1450.0,Новосибирск,Wildberries,Доставлен
506109,2024-06-25,1017.0,2,1570.0,Регионы,Ozon,Доставлен
511515,2024-11-17,1013.0,1,2340.0,Москва,Ozon,Доставлен
505483,2024-06-06,1005.0,1,2350.0,Москва,Ozon,Доставлен
509488,2024-09-26,1011.0,2,4010.0,Москва,Wildberries,Доставлен
500467,2024-01-17,1014.0,2,2470.0,Регионы,Wildberries,Доставлен
504029,2024-04-20,1024.0,1,3040.0,Санкт-Петербург,Ozon,Доставлен
500175,2024-01-06,1006.0,1,4250.0,Москва,Ozon,Доставлен
504881,2024-05-17,1015.0,3,2100.0,Москва,Wildberries,Доставлен
500278,2024-01-10,1004.0,1,2640.0,Регионы,Wildberries,Отменён
501070,2024-02-06,1017.0,1,1730.0,Москва,Wildberries,Доставлен
509741,2024-10-02,1025.0,1,2570.0,Санкт-Петербург,Wildberries,Отменён
509217,2024-09-19,1023.0,1,850.0,Москва,Wildberries,Доставлен
505562,2024-06-09,1003.0,1,3320.0,Регионы,Ozon,Возврат
506867,2024-07-19,1018.0,1,720.0,Екатеринбург,Wildberries,Доставлен
505037,2024-05-22,1014.0,1,2490.0,Санкт-Петербург,Ozon,Доставлен
511027,2024-11-07,1021.0,1,1670.0,Санкт-Петербург,Wildberries,Доставлен
506804,2024-07-17,1017.0,1,1390.0,Москва,Ozon,Доставлен
509659,2024-09-30,1018.0,1,740.0,Москва,Wildberries,Доставлен
513450,2024-12-21,1001.0,1,1310.0,Москва,Wildberries,Доставлен
505546,2024-06-08,1014.0,1,2220.0,Санкт-Петербург,Wildberries,Доставлен
505003,2024-05-21,1008.0,3,4430.0,Регионы,Ozon,Доставлен
501714,2024-02-25,1020.0,1,1580.0,Москва,Wildberries,Доставлен
507641,2024-08-10,1019.0,1,2490.0,Регионы,Wildberries,Доставлен
511617,2024-11-19,1010.0,1,1150.0,Санкт-Петербург,Wildberries,Возврат
502612,2024-03-16,1015.0,1,2330.0,Санкт-Петербург,Wildberries,Доставлен
507394,2024-08-04,1011.0,1,3260.0,Екатеринбург,Wildberries,Доставлен
500389,2024-01-14,1012.0,1,2670.0,Санкт-Петербург,Ozon,Доставлен
510263,2024-10-18,1024.0,1,2950.0,Москва,Wildberries,Доставлен
512163,2024-11-29,1025.0,3,2960.0,Регионы,Wildberries,Доставлен
508021,2024-08-20,1017.0,1,1430.0,Москва,Wildberries,Доставлен
503496,2024-04-05,1021.0,1,1390.0,Москва,Wildberries,Возврат
511014,2024-11-07,1015.0,1,2330.0,Регионы,Ozon,Доставлен
504977,2024-05-20,1015.0,1,2200.0,Екатеринбург,Ozon,Возврат
509617,2024-09-29,1019.0,1,2320.0,Москва,Wildberries,Доставлен
503543,2024-04-07,1013.0,1,2420.0,Екатеринбург,Wildberries,Доставлен
511986,2024-11-26,1012.0,1,2910.0,Регионы,Ozon,Доставлен
507289,2024-08-01,1021.0,2,1690.0,Екатеринбург,Ozon,Доставлен
511767,2024-11-22,1004.0,1,2520.0,Регионы,Wildberries,Доставлен
507311,2024-08-02,1013.0,3,2640.0,Новосибирск,Wildberries,Доставлен
500051,2024-01-02,1020.0,2,1300.0,Москва,Wildberries,Доставлен
510080,2024-10-13,1020.0,1,1490.0,Регионы,Wildberries,Доставлен
506588,2024-07-11,1006.0,1,4200.0,Санкт-Петербург,Wildberries,Доставлен
511888,2024-11-24,1007.0,2,1060.0,Москва,Ozon,Доставлен
504230,2024-04-26,1022.0,2,1650.0,Москва,Wildberries,Доставлен
512992,2024-12-13,1009.0,1,1730.0,Регионы,Wildberries,Доставлен
500483,2024-01-18,1007.0,1,1200.0,Екатеринбург,Ozon,Доставлен
511586,2024-11-18,1021.0,1,1620.0,Москва,Wildberries,Доставлен
502252,2024-03-08,1026.0,1,2570.0,Екатеринбург,Ozon,Доставлен
504163,2024-04-24,1026.0,1,2690.0,Москва,Wildberries,Доставлен
513845,2024-12-27,1014.0,1,2520.0,Санкт-Петербург,Wildberries,Возврат
510506,2024-10-26,1015.0,1,2190.0,Москва,Wildberries,Доставлен
511042,2024-11-08,1005.0,1,2450.0,Регионы,Ozon,Доставлен
505093,2024-05-24,1021.0,2,1630.0,Санкт-Петербург,Wildberries,Возврат
503104,2024-03-27,1004.0,1,2370.0,Екатеринбург,Wildberries,Возврат
513196,2024-12-16,1016.0,1,2210.0,Новосибирск,Wildberries,Доставлен
512320,2024-12-02,1018.0,1,770.0,Новосибирск,Wildberries,Доставлен
512060,2024-11-28,1006.0,3,3610.0,Регионы,Wildberries,Доставлен
510658,2024-10-30,1014.0,1,2200.0,Регионы,Wildberries,Доставлен
502930,2024-03-23,1021.0,1,1430.0,Москва,Ozon,Доставлен
506777,2024-07-16,1025.0,1,2820.0,Регионы,Ozon,Отменён
504970,2024-05-20,1006.0,1,3890.0,Москва,Wildberries,Доставлен
512299,2024-12-02,1011.0,1,3790.0,Регионы,Wildberries,Доставлен
500065,2024-01-03,1009.0,1,1840.0,Москва,Ozon,Доставлен
513748,2024-12-25,1026.0,1,2640.0,Москва,Ozon,Доставлен
507574,2024-08-09,1006.0,1,4250.0,Москва,Ozon,Доставлен
508969,2024-09-13,1007.0,3,1320.0,Москва,Wildberries,Доставлен
512366,2024-12-03,1014.0,1,2540.0,Регионы,Ozon,Доставлен
504588,2024-05-07,1013.0,2,2340.0,Москва,Ozon,Доставлен
510927,2024-11-05,1013.0,1,2460.0,Санкт-Петербург,Ozon,Доставлен
506403,2024-07-05,1004.0,2,2670.0,Новосибирск,Wildberries,Доставлен
510773,2024-11-02,1002.0,1,3810.0,Москва,Wildberries,Доставлен
506210,2024-06-28,1025.0,1,2570.0,Москва,Ozon,Возврат
504617,2024-05-08,1001.0,1,1240.0,Регионы,Wildberries,Доставлен
511676,2024-11-20,1008.0,1,4520.0,Москва,Wildberries,Доставлен
503333,2024-03-31,1017.0,1,1640.0,Москва,Wildberries,Доставлен
510537,2024-10-27,1001.0,1,1200.0,Москва,Ozon,Доставлен
512880,2024-12-11,1015.0,1,2080.0,Санкт-Петербург,Wildberries,Доставлен
507588,2024-08-09,1014.0,2,2450.0,Санкт-Петербург,Wildberries,Доставлен
502816,2024-03-21,1015.0,1,2590.0,Регионы,Wildberries,Доставлен
503965,2024-04-19,1012.0,1,2760.0,Регионы,Ozon,Доставлен
507607,2024-08-09,1021.0,1,1350.0,Регионы,Wildberries,Отменён
505382,2024-06-02,1021.0,1,1430.0,Новосибирск,Ozon,Доставлен
505940,2024-06-20,1007.0,1,1060.0,Москва,Wildberries,Возврат
512219,2024-12-01,1003.0,1,3710.0,Москва,Ozon,Отменён
508917,2024-09-11,1021.0,1,1690.0,Регионы,Wildberries,Доставлен
503242,2024-03-29,1024.0,1,3290.0,Москва,Wildberries,Доставлен
510532,2024-10-26,1026.0,1,2570.0,Регионы,Wildberries,Отменён
502794,2024-03-20,1026.0,1,2430.0,Екатеринбург,Ozon,Доставлен
505734,2024-06-14,1013.0,1,2270.0,Санкт-Петербург,Ozon,Отменён
502525,2024-03-14,1024.0,1,3710.0,Регионы,Wildberries,Доставлен
501736,2024-02-26,1012.0,1,3230.0,Москва,Wildberries,Доставлен
507961,2024-08-19,1005.0,1,2310.0,Москва,Wildberries,Доставлен
503125,2024-03-27,1015.0,1,2560.0,Регионы,Wildberries,Возврат
504941,2024-05-19,1014.0,1,2290.0,Регионы,Wildberries,Доставлен
513271,2024-12-17,1021.0,1,1370.0,Санкт-Петербург,Wildberries,Доставлен
512995,2024-12-13,1010.0,1,1340.0,Москва,Ozon,Доставлен
507976,2024-08-19,1013.0,1,2630.0,Регионы,Ozon,Доставлен
500274,2024-01-09,1026.0,1,2250.0,Регионы,Wildberries,Доставлен
511137,2024-11-10,1009.0,1,1760.0,Санкт-Петербург,Wildberries,Отменён
513795,2024-12-26,1021.0,1,1390.0,Регионы,Wildberries,Доставлен
513252,2024-12-17,1014.0,2,2590.0,Санкт-Петербург,Ozon,Отменён
507022,2024-07-25,1002.0,1,4060.0,Москва,Ozon,Доставлен
513492,2024-12-21,1017.0,1,1520.0,Санкт-Петербург,Wildberries,Доставлен
506556,2024-07-09,1026.0,2,2460.0,Регионы,Ozon,Возврат
505579,2024-06-09,1016.0,1,2520.0,Москва,Ozon,Доставлен
505497,2024-06-06,1013.0,1,2500.0,Москва,Wildberries,Возврат
501453,2024-02-17,1023.0,3,910.0,Новосибирск,Wildberries,Доставлен
510908,2024-11-05,1002.0,2,3840.0,Санкт-Петербург,Wildberries,Доставлен
512438,2024-12-04,1018.0,1,780.0,Регионы,Wildberries,Доставлен
502693,2024-03-18,1017.0,1,1590.0,Екатеринбург,Ozon,Возврат
502768,2024-03-20,1006.0,1,3750.0,Регионы,Ozon,Возврат
508411,2024-08-30,1003.0,1,3380.0,Екатеринбург,Wildberries,Доставлен
500240,2024-01-08,1017.0,1,1720.0,Регионы,Wildberries,Доставлен
501132,2024-02-08,1007.0,1,1110.0,Регионы,Wildberries,Доставлен
513755,2024-12-26,1004.0,1,2750.0,Регионы,Ozon,Доставлен
507894,2024-08-17,1005.0,1,2660.0,Санкт-Петербург,Wildberries,Доставлен
503265,2024-03-30,1007.0,2,1110.0,Москва,Ozon,Возврат
510432,2024-10-24,1008.0,1,4240.0,Москва,Wildberries,Доставлен
505350,2024-06-02,1003.0,1,3270.0,Москва,Wildberries,Отменён
513342,2024-12-18,1026.0,1,2690.0,Москва,Wildberries,Возврат
505765,2024-06-15,1012.0,1,2800.0,Москва,Wildberries,Доставлен
501384,2024-02-15,1013.0,1,2140.0,Регионы,Wildberries,Доставлен
503075,2024-03-26,1019.0,1,2240.0,Регионы,Wildberries,Доставлен
504861,2024-05-16,1026.0,1,2690.0,Регионы,Wildberries,Возврат
501358,2024-02-14,1019.0,1,2360.0,Москва,Wildberries,Доставлен
504872,2024-05-17,1006.0,1,3840.0,Санкт-Петербург,Wildberries,Доставлен
502631,2024-03-17,1003.0,1,3150.0,Екатеринбург,Wildberries,Доставлен
511025,2024-11-07,1020.0,1,1470.0,Москва,Wildberries,Доставлен
500625,2024-01-22,1018.0,1,720.0,Екатеринбург,Wildberries,Доставлен
500840,2024-01-30,1011.0,1,3830.0,Санкт-Петербург,Wildberries,Доставлен
504724,2024-05-11,1021.0,1,1580.0,Регионы,Wildberries,Доставлен
507664,2024-08-11,1014.0,2,2390.0,Москва,Ozon,Доставлен
500324,2024-01-11,1023.0,1,920.0,Екатеринбург,Wildberries,Доставлен
512089,2024-11-28,1020.0,1,1490.0,Санкт-Петербург,Wildberries,Доставлен
501868,2024-03-01,1018.0,1,800.0,Регионы,Wildberries,Доставлен
505257,2024-05-30,1001.0,1,1220.0,Регионы,Wildberries,Возврат
502827,2024-03-21,1023.0,1,850.0,Санкт-Петербург,Wildberries,Доставлен
505173,2024-05-27,1007.0,1,1170.0,Новосибирск,Wildberries,Доставлен
507084,2024-07-26,1026.0,1,2440.0,Санкт-Петербург,Wildberries,Доставлен
503928,2024-04-18,1016.0,1,2480.0,Регионы,Ozon,Доставлен
508630,2024-09-04,1021.0,1,1450.0,Москва,Ozon,Доставлен
500120,2024-01-04,1020.0,1,1340.0,Регионы,Wildberries,Доставлен
513674,2024-12-24,1019.0,1,2080.0,Регионы,Ozon,Доставлен
513439,2024-12-20,1020.0,1,1380.0,Москва,Wildberries,Доставлен
502378,2024-03-11,1022.0,2,1670.0,Москва,Ozon,Доставлен
505911,2024-06-19,1005.0,1,2420.0,Регионы,Wildberries,Доставлен
507510,2024-08-07,1018.0,1,830.0,Санкт-Петербург,Wildberries,Отменён
510032,2024-10-12,1007.0,1,1240.0,Москва,Wildberries,Доставлен
509219,2024-09-19,1025.0,2,2650.0,Регионы,Ozon,Доставлен
503302,2024-03-30,1026.0,1,2220.0,Регионы,Wildberries,Доставлен
507525,2024-08-08,1001.0,1,1150.0,Санкт-Петербург,Ozon,Доставлен
504173,2024-04-25,1004.0,2,2630.0,Екатеринбург,Wildberries,Доставлен
511294,2024-11-13,1007.0,1,1130.0,Москва,Wildberries,Отменён
509093,2024-09-16,1009.0,1,1600.0,Санкт-Петербург,Ozon,Возврат
507880,2024-08-16,1019.0,1,2230.0,Регионы,Wildberries,Отменён
512660,2024-12-08,1007.0,1,1170.0,Санкт-Петербург,Wildberries,Доставлен
509397,2024-09-24,1001.0,1,1330.0,Новосибирск,Wildberries,Доставлен
513548,2024-12-22,1014.0,3,2340.0,Регионы,Wildberries,Доставлен
514089,2024-12-31,1007.0,1,1140.0,Регионы,Ozon,Возврат
505038,2024-05-22,1015.0,1,2590.0,Новосибирск,Wildberries,Доставлен
506722,2024-07-15,1007.0,1,1110.0,Москва,Wildberries,Доставлен
504051,2024-04-21,1015.0,1,2440.0,Регионы,Wildberries,Доставлен
506964,2024-07-22,1018.0,1,740.0,Регионы,Wildberries,Доставлен
500553,2024-01-20,1001.0,1,1260.0,Москва,Ozon,Доставлен
500407,2024-01-15,1005.0,2,2390.0,Новосибирск,Wildberries,Отменён
506214,2024-06-29,1005.0,1,2410.0,Регионы,Wildberries,Доставлен
503135,2024-03-27,1021.0,1,0.0,Москва,Ozon,Доставлен
509806,2024-10-05,1003.0,1,3430.0,Регионы,Wildberries,Доставлен
511127,2024-11-10,1001.0,1,1170.0,Москва,Ozon,Отменён
513257,2024-12-17,1016.0,1,2720.0,Регионы,Wildberries,Доставлен
503299,2024-03-30,1026.0,1,2150.0,Екатеринбург,Ozon,Возврат
511026,2024-11-07,1020.0,2,1500.0,Санкт-Петербург,Ozon,Доставлен
507480,2024-08-06,1021.0,1,1610.0,Москва,Ozon,Доставлен
502350,2024-03-11,1008.0,2,4590.0,Регионы,Wildberries,Доставлен
505843,2024-06-17,1015.0,1,2550.0,Москва,Ozon,Доставлен
512978,2024-12-13,1002.0,2,3790.0,Санкт-Петербург,Wildberries,Доставлен
511302,2024-11-13,1009.0,1,1880.0,Регионы,Ozon,Доставлен
507666,2024-08-11,1015.0,1,2440.0,Регионы,Wildberries,Доставлен
509931,2024-10-08,1026.0,2,2370.0,Регионы,Ozon,Доставлен
500237,2024-01-08,1013.0,1,2300.0,Москва,Wildberries,Доставлен
505782,2024-06-16,1002.0,1,3600.0,Регионы,Wildberries,Возврат
506083,2024-06-24,1019.0,1,2260.0,Санкт-Петербург,Ozon,Доставлен
506080,2024-06-24,1017.0,1,1720.0,Москва,Wildberries,Доставлен
507898,2024-08-17,1007.0,1,1090.0,Москва,Ozon,Доставлен
503164,2024-03-28,1009.0,1,1810.0,Санкт-Петербург,Ozon,Доставлен
500500,2024-01-18,1017.0,1,1490.0,Регионы,Wildberries,Доставлен
504919,2024-05-18,1017.0,1,1570.0,Санкт-Петербург,Ozon,Доставлен
503626,2024-04-09,1025.0,1,2610.0,Москва,Ozon,Отменён
503128,2024-03-27,1016.0,1,2650.0,Регионы,Ozon,Доставлен
508987,2024-09-13,1019.0,1,2490.0,Регионы,Wildberries,Возврат
503359,2024-04-01,1005.0,1,2480.0,Новосибирск,Wildberries,Доставлен
511484,2024-11-16,1021.0,1,1480.0,Новосибирск,Wildberries,Возврат
512165,2024-11-29,1025.0,1,2910.0,Москва,Wildberries,Доставлен
509183,2024-09-18,1023.0,1,1020.0,Москва,Wildberries,Доставлен
512856,2024-12-11,1006.0,1,4190.0,Екатеринбург,Wildberries,Доставлен
507079,2024-07-26,1021.0,1,1520.0,Санкт-Петербург,Wildberries,Доставлен
510628,2024-10-29,1014.0,1,2200.0,Регионы,Wildberries,Возврат
511569,2024-11-18,1013.0,1,2420.0,Санкт-Петербург,Ozon,Возврат
508583,2024-09-03,1020.0,1,1360.0,Москва,Wildberries,Отменён
504840,2024-05-16,1003.0,1,2930.0,Москва,Wildberries,Доставлен
510593,2024-10-28,1011.0,1,3480.0,Москва,Ozon,Доставлен
501218,2024-02-10,1020.0,1,1400.0,Санкт-Петербург,Wildberries,Доставлен
500236,2024-01-08,1013.0,1,2380.0,Регионы,Wildberries,Доставлен
500332,2024-01-12,1002.0,1,4210.0,Регионы,Wildberries,Доставлен
504577,2024-05-07,1008.0,1,4470.0,Екатеринбург,Ozon,Доставлен
503189,2024-03-28,1023.0,1,1000.0,Регионы,Wildberries,Доставлен
507777,2024-08-13,1024.0,1,3120.0,Екатеринбург,Wildberries,Доставлен
500045,2024-01-02,1016.0,1,2400.0,Екатеринбург,Ozon,Доставлен
507926,2024-08-18,1006.0,2,3900.0,Москва,Ozon,Возврат
513685,2024-12-24,1023.0,1,850.0,Новосибирск,Ozon,Возврат
504217,2024-04-26,1014.0,1,2410.0,Регионы,Wildberries,Доставлен
511629,2024-11-19,1015.0,1,2240.0,Екатеринбург,Wildberries,Доставлен
503073,2024-03-26,1017.0,1,1630.0,Регионы,Ozon,Доставлен
511327,2024-11-13,1017.0,1,1650.0,Москва,Wildberries,Доставлен
507912,2024-08-17,1024.0,1,3490.0,Санкт-Петербург,Wildberries,Доставлен
512238,2024-12-01,1010.0,1,1360.0,Регионы,Wildberries,Доставлен
505023,2024-05-21,1022.0,1,1540.0,Москва,Wildberries,Доставлен
506660,2024-07-13,1005.0,2,2510.0,Москва,Ozon,Отменён
501595,2024-02-22,1003.0,1,3570.0,Новосибирск,Wildberries,Возврат
508416,2024-08-30,1008.0,2,5020.0,Москва,Wildberries,Доставлен
513055,2024-12-14,1010.0,1,1150.0,Регионы,Ozon,Доставлен
504710,2024-05-11,1008.0,1,4190.0,Санкт-Петербург,Wildberries,Отменён
502892,2024-03-22,1024.0,1,3600.0,Москва,Wildberries,Отменён
501246,2024-02-11,1011.0,1,3900.0,Москва,Wildberries,Доставлен
507770,2024-08-13,1020.0,1,1430.0,Регионы,Ozon,Доставлен
501541,2024-02-20,1016.0,1,2460.0,Санкт-Петербург,Ozon,Доставлен
511730,2024-11-21,1009.0,1,1740.0,Москва,Wildberries,Доставлен
512341,2024-12-02,1026.0,1,2210.0,Регионы,Wildberries,Доставлен
504626,2024-05-08,1009.0,1,1670.0,Регионы,Wildberries,Доставлен
510726,2024-11-01,1004.0,1,2560.0,Москва,Wildberries,Доставлен
514035,2024-12-30,1013.0,1,2600.0,Москва,Ozon,Доставлен
500819,2024-01-29,1024.0,1,3680.0,Москва,Wildberries,Доставлен
511651,2024-11-19,1026.0,1,2450.0,Регионы,Ozon,Доставлен
500156,2024-01-05,1023.0,1,1050.0,Регионы,Wildberries,Доставлен
507511,2024-08-07,1018.0,1,720.0,Регионы,Ozon,Доставлен
506745,2024-07-16,1001.0,2,1150.0,Санкт-Петербург,Wildberries,Доставлен
508636,2024-09-04,1023.0,1,980.0,Регионы,Ozon,Возврат
500249,2024-01-09,1002.0,2,4130.0,Санкт-Петербург,Ozon,Доставлен
513050,2024-12-14,1009.0,1,1920.0,Санкт-Петербург,Wildberries,Доставлен
512120,2024-11-29,1006.0,1,4560.0,Санкт-Петербург,Ozon,Доставлен
504015,2024-04-20,1016.0,1,2700.0,Новосибирск,Wildberries,Доставлен
507610,2024-08-09,1023.0,1,1040.0,Санкт-Петербург,Wildberries,Доставлен
510829,2024-11-03,1005.0,1,2210.0,Москва,Ozon,Доставлен
505227,2024-05-28,1026.0,1,2200.0,Регионы,Wildberries,Доставлен
512831,2024-12-10,1025.0,2,2720.0,Екатеринбург,Ozon,Доставлен
508175,2024-08-24,1017.0,1,1480.0,Новосибирск,Wildberries,Доставлен
508986,2024-09-13,1019.0,2,2220.0,Москва,Wildberries,Доставлен
508120,2024-08-23,1002.0,1,3930.0,Санкт-Петербург,Wildberries,Доставлен
509918,2024-10-08,1016.0,1,2460.0,Регионы,Ozon,Доставлен
503190,2024-03-28,1023.0,1,1030.0,Екатеринбург,Wildberries,Доставлен
502650,2024-03-17,1019.0,1,2380.0,Москва,Ozon,Доставлен
500629,2024-01-22,1020.0,1,1320.0,Москва,Ozon,Доставлен
501231,2024-02-11,1004.0,1,2540.0,Екатеринбург,Wildberries,Доставлен
502340,2024-03-11,1002.0,2,3410.0,Новосибирск,Ozon,Доставлен
507708,2024-08-12,1014.0,2,2650.0,Екатеринбург,Wildberries,Доставлен
510036,2024-10-12,1010.0,3,1240.0,Санкт-Петербург,Wildberries,Доставлен
506831,2024-07-18,1013.0,1,2220.0,Екатеринбург,Ozon,Доставлен
507369,2024-08-03,1018.0,1,790.0,Санкт-Петербург,Wildberries,Доставлен
509813,2024-10-05,1009.0,1,1880.0,Москва,Wildberries,Доставлен
501452,2024-02-17,1021.0,2,1360.0,Москва,Wildberries,Доставлен
511095,2024-11-09,1010.0,1,1330.0,Санкт-Петербург,Ozon,Доставлен
513360,2024-12-19,1008.0,1,4670.0,Новосибирск,Wildberries,Доставлен
512843,2024-12-11,1003.0,1,3290.0,Регионы,Wildberries,Возврат
501829,2024-02-29,1014.0,1,2470.0,Санкт-Петербург,Wildberries,Доставлен
509019,2024-09-14,1013.0,1,2210.0,Новосибирск,Wildberries,Доставлен
501640,2024-02-23,1009.0,1,1920.0,Регионы,Wildberries,Доставлен
503865,2024-04-16,1017.0,1,1450.0,Екатеринбург,Wildberries,Доставлен
507938,2024-08-18,1013.0,1,2460.0,Регионы,Wildberries,Доставлен
511106,2024-11-09,1016.0,1,2460.0,Москва,Wildberries,Доставлен
511984,2024-11-26,1012.0,1,3260.0,Москва,Wildberries,Доставлен
511132,2024-11-10,1005.0,2,2510.0,Регионы,Wildberries,Доставлен
503421,2024-04-02,1025.0,1,3120.0,Регионы,Wildberries,Доставлен
512189,2024-11-30,1017.0,3,1600.0,Санкт-Петербург,Wildberries,Доставлен
503768,2024-04-14,1002.0,1,3920.0,Москва,Ozon,Доставлен
508728,2024-09-06,1026.0,1,2300.0,Екатеринбург,Wildberries,Доставлен
505907,2024-06-19,1003.0,1,3460.0,Екатеринбург,Wildberries,Возврат
510856,2024-11-03,1018.0,2,740.0,Регионы,Ozon,Доставлен
508347,2024-08-28,1009.0,1,1680.0,Москва,Wildberries,Доставлен
511434,2024-11-15,1021.0,1,1520.0,Москва,Wildberries,Возврат
505597,2024-06-10,1008.0,1,4630.0,Регионы,Ozon,Возврат
503150,2024-03-27,1026.0,1,2630.0,Москва,Ozon,Доставлен
511145,2024-11-10,1010.0,1,1280.0,Регионы,Wildberries,Доставлен
509504,2024-09-26,1021.0,3,1370.0,Москва,Wildberries,Доставлен
508515,2024-09-01,1024.0,1,3300.0,Регионы,Ozon,Доставлен
505807,2024-06-16,1019.0,1,2420.0,Регионы,Ozon,Доставлен
504111,2024-04-23,1017.0,1,1510.0,Екатеринбург,Ozon,Доставлен
511523,2024-11-17,1019.0,1,2120.0,Екатеринбург,Ozon,Доставлен
512178,2024-11-30,1007.0,1,1250.0,Москва,Ozon,Доставлен
501799,2024-02-28,1008.0,1,4900.0,Санкт-Петербург,Wildberries,Доставлен
508275,2024-08-26,1017.0,1,1420.0,Москва,Ozon,Доставлен
510753,2024-11-01,1014.0,1,2650.0,Регионы,Wildberries,Доставлен
510136,2024-10-15,1014.0,1,2370.0,Регионы,Wildberries,Доставлен
501989,2024-03-03,1026.0,2,2420.0,Регионы,Ozon,Доставлен
511729,2024-11-21,1009.0,1,1680.0,Москва,Ozon,Доставлен
501575,2024-02-21,1014.0,1,2290.0,Екатеринбург,Wildberries,Доставлен
511170,2024-11-10,1023.0,1,940.0,Москва,Ozon,Доставлен
502724,2024-03-19,1010.0,1,1150.0,Москва,Ozon,Доставлен
511598,2024-11-19,1002.0,1,4210.0,Москва,Wildberries,Доставлен
502059,2024-03-05,1006.0,1,4070.0,Екатеринбург,Ozon,Возврат
509955,2024-10-09,1026.0,3,2260.0,Регионы,Ozon,Возврат
509687,2024-10-01,1008.0,1,4990.0,Регионы,Wildberries,Доставлен
513120,2024-12-15,1009.0,1,1730.0,Екатеринбург,Wildberries,Доставлен
510273,2024-10-19,1009.0,1,1810.0,Регионы,Ozon,Доставлен
509367,2024-09-23,1013.0,1,2100.0,Регионы,Ozon,Возврат
504510,2024-05-04,1025.0,1,3200.0,Регионы,Wildberries,Возврат
510821,2024-11-02,1026.0,1,2140.0,Санкт-Петербург,Wildberries,Доставлен
504262,2024-04-27,1020.0,1,1600.0,Москва,Wildberries,Доставлен
509593,2024-09-29,1003.0,2,3740.0,Регионы,Wildberries,Доставлен
506252,2024-06-30,1012.0,1,3320.0,Новосибирск,Wildberries,Доставлен
500615,2024-01-22,1011.0,1,3550.0,Регионы,Wildberries,Отменён
503094,2024-03-26,1025.0,2,2560.0,Москва,Ozon,Возврат
503451,2024-04-03,1022.0,1,1690.0,Москва,Wildberries,Доставлен
501015,2024-02-04,1016.0,2,2650.0,Регионы,Ozon,Доставлен
511250,2024-11-12,1011.0,1,3710.0,Москва,Wildberries,Доставлен
501717,2024-02-25,1021.0,1,1380.0,Москва,Ozon,Доставлен
513526,2024-12-22,1007.0,1,1080.0,Санкт-Петербург,Ozon,Доставлен
503906,2024-04-17,1025.0,1,2690.0,Екатеринбург,Ozon,Доставлен
507501,2024-08-07,1013.0,1,2560.0,Екатеринбург,Wildberries,Доставлен
510374,2024-10-22,1018.0,1,820.0,Санкт-Петербург,Wildberries,Доставлен
503419,2024-04-02,1024.0,1,2980.0,Москва,Wildberries,Доставлен
504652,2024-05-09,1008.0,2,4770.0,Москва,Wildberries,Доставлен
503101,2024-03-27,1004.0,1,2320.0,Москва,Wildberries,Доставлен
506465,2024-07-06,1025.0,1,3230.0,Москва,Wildberries,Доставлен
513895,2024-12-28,1011.0,1,3370.0,Санкт-Петербург,Ozon,Доставлен
501212,2024-02-10,1015.0,1,2510.0,Москва,Wildberries,Доставлен
513864,2024-12-28,1001.0,1,1110.0,Регионы,Wildberries,Доставлен
508827,2024-09-09,1008.0,1,4890.0,Екатеринбург,Wildberries,Доставлен
509248,2024-09-20,1017.0,1,1590.0,Москва,Wildberries,Доставлен
510533,2024-10-27,1001.0,1,1380.0,Санкт-Петербург,Wildberries,Доставлен
508989,2024-09-13,1020.0,1,1310.0,Санкт-Петербург,Ozon,Возврат
507087,2024-07-27,1001.0,1,1150.0,Москва,Ozon,Доставлен
505188,2024-05-27,1018.0,1,740.0,Екатеринбург,Wildberries,Доставлен
504271,2024-04-27,1026.0,1,2280.0,Регионы,Ozon,Доставлен
502815,2024-03-21,1014.0,1,2620.0,Санкт-Петербург,Ozon,Доставлен
512534,2024-12-06,1007.0,1,1140.0,Регионы,Ozon,Возврат
501081,2024-02-06,1023.0,2,960.0,Регионы,Ozon,Доставлен
509847,2024-10-06,1008.0,1,4120.0,Санкт-Петербург,Wildberries,Доставлен
501608,2024-02-22,1011.0,1,3520.0,Регионы,Ozon,Доставлен
508337,2024-08-28,1002.0,1,3800.0,Екатеринбург,Wildberries,Доставлен
504242,2024-04-27,1006.0,3,3680.0,Екатеринбург,Wildberries,Доставлен
500091,2024-01-03,1025.0,1,2560.0,Санкт-Петербург,Wildberries,Доставлен
507847,2024-08-16,1003.0,1,3110.0,Санкт-Петербург,Wildberries,Возврат
507931,2024-08-18,1010.0,2,1180.0,Регионы,Ozon,Доставлен
500683,2024-01-24,1026.0,1,2680.0,Санкт-Петербург,Wildberries,Возврат
512599,2024-12-07,1009.0,1,1780.0,Москва,Wildberries,Доставлен
508042,2024-08-21,1004.0,1,2640.0,Регионы,Ozon,Доставлен
511624,2024-11-19,1014.0,1,2240.0,Москва,Wildberries,Доставлен
508286,2024-08-26,1020.0,1,1530.0,Москва,Ozon,Доставлен
509027,2024-09-14,1019.0,1,2210.0,Москва,Ozon,Доставлен
506053,2024-06-23,1018.0,1,750.0,Регионы,Ozon,Доставлен
513213,2024-12-17,1001.0,1,1110.0,Регионы,Wildberries,Доставлен
513813,2024-12-27,1002.0,1,3520.0,Санкт-Петербург,Ozon,Доставлен
506006,2024-06-22,1009.0,1,1830.0,Москва,Wildberries,Доставлен
505132,2024-05-25,1023.0,1,900.0,Санкт-Петербург,Ozon,Доставлен
501401,2024-02-15,1025.0,2,3020.0,Новосибирск,Wildberries,Доставлен
512172,2024-11-30,1003.0,1,3230.0,Екатеринбург,Wildberries,Доставлен
510484,2024-10-26,1002.0,1,3560.0,Москва,Wildberries,Доставлен
509693,2024-10-01,1013.0,1,2400.0,Москва,Wildberries,Доставлен
507256,2024-07-31,1025.0,1,2620.0,Москва,Wildberries,Возврат
502263,2024-03-09,1005.0,1,2510.0,Новосибирск,Ozon,Доставлен
509661,2024-09-30,1020.0,1,1450.0,Санкт-Петербург,Ozon,Доставлен
512121,2024-11-29,1006.0,1,3850.0,Регионы,Ozon,Доставлен
503246,2024-03-29,1025.0,1,2760.0,Екатеринбург,Ozon,Доставлен
509191,2024-09-19,1005.0,1,2360.0,Регионы,Wildberries,Доставлен
500854,2024-01-30,1025.0,1,2720.0,Москва,Wildberries,Доставлен
512068,2024-11-28,1009.0,1,1780.0,Москва,Ozon,Отменён
509335,2024-09-22,1020.0,1,1530.0,Санкт-Петербург,Wildberries,Доставлен
513432,2024-12-20,1017.0,2,1680.0,Москва,Ozon,Доставлен
507844,2024-08-15,1026.0,1,2380.0,Екатеринбург,Ozon,Отменён
502275,2024-03-09,1013.0,1,2260.0,Регионы,Ozon,Доставлен
507041,2024-07-25,1016.0,1,2360.0,Санкт-Петербург,Wildberries,Доставлен
507563,2024-08-08,1021.0,1,1670.0,Москва,Wildberries,Доставлен
504498,2024-05-04,1014.0,1,2720.0,Регионы,Wildberries,Доставлен
507573,2024-08-09,1005.0,1,2280.0,Санкт-Петербург,Wildberries,Доставлен
501104,2024-02-07,1013.0,1,2600.0,Регионы,Ozon,Доставлен
500085,2024-01-03,1022.0,1,1590.0,Москва,Wildberries,Доставлен
510403,2024-10-23,1014.0,1,2670.0,Москва,Wildberries,Возврат
505953,2024-06-20,1014.0,1,2410.0,Новосибирск,Wildberries,Доставлен
504211,2024-04-26,1011.0,1,3450.0,Москва,Wildberries,Доставлен
506815,2024-07-18,1001.0,1,1360.0,Москва,Wildberries,Доставлен
513644,2024-12-24,1006.0,1,4130.0,Санкт-Петербург,Wildberries,Доставлен
505682,2024-06-12,1022.0,1,1610.0,Москва,Ozon,Возврат
503441,2024-04-03,1015.0,1,2170.0,Регионы,Wildberries,Доставлен
501568,2024-02-21,1008.0,1,4250.0,Новосибирск,Wildberries,Доставлен
507034,2024-07-25,1013.0,2,2410.0,Санкт-Петербург,Ozon,Доставлен
505598,2024-06-10,1010.0,1,1250.0,Екатеринбург,Ozon,Возврат
501661,2024-02-24,1001.0,1,1300.0,Москва,Wildberries,Доставлен
509749,2024-10-03,1004.0,1,2750.0,Санкт-Петербург,Wildberries,Доставлен
512914,2024-12-11,1024.0,1,3430.0,Регионы,Wildberries,Доставлен
503765,2024-04-13,1025.0,1,2560.0,Москва,Ozon,Доставлен
503585,2024-04-08,1021.0,1,1420.0,Москва,Wildberries,Возврат
510078,2024-10-13,1020.0,1,1530.0,Москва,Ozon,Отменён
511337,2024-11-13,1023.0,1,940.0,Екатеринбург,Wildberries,Возврат
510059,2024-10-13,1002.0,1,3720.0,Москва,Wildberries,Доставлен
513241,2024-12-17,1010.0,1,1280.0,Санкт-Петербург,Wildberries,Доставлен
506952,2024-07-22,1011.0,1,3250.0,Регионы,Wildberries,Доставлен
512913,2024-12-11,1023.0,1,950.0,Регионы,Ozon,Доставлен
502875,2024-03-22,1017.0,1,1390.0,Регионы,Ozon,Доставлен
512523,2024-12-06,1003.0,1,3400.0,Санкт-Петербург,Ozon,Доставлен
511781,2024-11-22,1009.0,1,1740.0,Регионы,Wildberries,Доставлен
511460,2024-11-16,1009.0,1,1900.0,Санкт-Петербург,Wildberries,Отменён
502885,2024-03-22,1021.0,1,1450.0,Москва,Ozon,Отменён
511083,2024-11-09,1003.0,1,3170.0,Москва,Wildberries,Доставлен
503008,2024-03-25,1009.0,1,1800.0,Регионы,Wildberries,Доставлен
501827,2024-02-29,1011.0,1,3590.0,Санкт-Петербург,Wildberries,Доставлен
512116,2024-11-29,1005.0,1,2250.0,Москва,Wildberries,Доставлен
505930,2024-06-19,1020.0,1,1520.0,Москва,Wildberries,Доставлен
502641,2024-03-17,1011.0,1,3830.0,Екатеринбург,Ozon,Доставлен
513603,2024-12-23,1014.0,2,2390.0,Новосибирск,Ozon,Доставлен
509718,2024-10-02,1007.0,1,1170.0,Регионы,Wildberries,Доставлен
509755,2024-10-03,1009.0,1,2020.0,Санкт-Петербург,Ozon,Доставлен
505702,2024-06-13,1014.0,1,2660.0,Москва,Ozon,Доставлен
508536,2024-09-02,1013.0,1,2220.0,Екатеринбург,Ozon,Доставлен
510735,2024-11-01,1007.0,1,1110.0,Санкт-Петербург,Ozon,Доставлен
511578,2024-11-18,1018.0,1,790.0,Регионы,Ozon,Доставлен
506438,2024-07-06,1008.0,1,5040.0,Москва,Wildberries,Доставлен
510605,2024-10-28,1020.0,1,1590.0,Регионы,Wildberries,Возврат
506323,2024-07-02,1017.0,1,1500.0,Новосибирск,Wildberries,Доставлен
502708,2024-03-18,1026.0,1,2160.0,Регионы,Wildberries,Доставлен
513285,2024-12-17,1026.0,1,2570.0,Регионы,Ozon,Доставлен
506159,2024-06-27,1006.0,1,3880.0,Санкт-Петербург,Wildberries,Доставлен
507855,2024-08-16,1009.0,1,1640.0,Москва,Wildberries,Доставлен
509303,2024-09-21,1021.0,1,1590.0,Новосибирск,Wildberries,Доставлен
511635,2024-11-19,1018.0,1,790.0,Екатеринбург,Ozon,Доставлен
502214,2024-03-08,1004.0,1,2730.0,Санкт-Петербург,Ozon,Доставлен
501360,2024-02-14,1022.0,1,1680.0,Санкт-Петербург,Wildberries,Доставлен
502108,2024-03-06,1006.0,1,3680.0,Регионы,Ozon,Доставлен
504806,2024-05-14,1011.0,1,3590.0,Москва,Wildberries,Отменён
505975,2024-06-21,1006.0,1,3670.0,Регионы,Wildberries,Доставлен
506821,2024-07-18,1005.0,1,2310.0,Регионы,Wildberries,Возврат
509571,2024-09-28,1018.0,1,830.0,Новосибирск,Wildberries,Доставлен
502829,2024-03-21,1023.0,1,900.0,Санкт-Петербург,Ozon,Доставлен
500425,2024-01-16,1001.0,1,1140.0,Регионы,Wildberries,Доставлен
500293,2024-01-10,1017.0,1,1610.0,Санкт-Петербург,Ozon,Доставлен
501066,2024-02-06,1014.0,1,2560.0,Москва,Wildberries,Доставлен
507018,2024-07-24,1023.0,2,930.0,Санкт-Петербург,Ozon,Доставлен
510570,2024-10-27,1025.0,1,2810.0,Москва,Ozon,Доставлен
505735,2024-06-14,1013.0,1,2090.0,Регионы,Wildberries,Доставлен
505109,2024-05-25,1007.0,1,1230.0,Регионы,Wildberries,Доставлен
510320,2024-10-20,1016.0,1,2330.0,Екатеринбург,Wildberries,Доставлен
509910,2024-10-08,1012.0,2,3370.0,Санкт-Петербург,Wildberries,Доставлен
507197,2024-07-29,1026.0,1,2650.0,Москва,Wildberries,Доставлен
500938,2024-02-02,1023.0,1,1030.0,Москва,Ozon,Доставлен
503780,2024-04-14,1007.0,1,1150.0,Регионы,Wildberries,Доставлен
512157,2024-11-29,1021.0,1,1530.0,Новосибирск,Ozon,Доставлен
512183,2024-11-30,1011.0,1,3910.0,Екатеринбург,Ozon,Доставлен
513123,2024-12-15,1011.0,1,3720.0,Екатеринбург,Wildberries,Доставлен
506894,2024-07-20,1015.0,1,2550.0,Екатеринбург,Wildberries,Доставлен
508447,2024-08-31,1005.0,2,2340.0,Москва,Wildberries,Доставлен
513860,2024-12-27,1025.0,1,2930.0,Новосибирск,Wildberries,Доставлен
509675,2024-10-01,1002.0,1,4120.0,Санкт-Петербург,Wildberries,Доставлен
509137,2024-09-17,1013.0,1,2410.0,Екатеринбург,Wildberries,Доставлен
513696,2024-12-25,1003.0,1,3090.0,Москва,Wildberries,Доставлен
514010,2024-12-30,1006.0,1,4020.0,Екатеринбург,Ozon,Доставлен
506281,2024-07-01,1013.0,2,2340.0,Москва,Ozon,Отменён
511376,2024-11-14,1013.0,1,2410.0,Москва,Ozon,Доставлен
503267,2024-03-30,1009.0,1,1950.0,Москва,Wildberries,Доставлен
507347,2024-08-03,1007.0,1,1260.0,Регионы,Wildberries,Доставлен
507724,2024-08-12,1018.0,1,750.0,Регионы,Ozon,Доставлен
504820,2024-05-15,1012.0,1,3160.0,Москва,Ozon,Доставлен
511100,2024-11-09,1011.0,1,3800.0,Регионы,Wildberries,Доставлен
500970,2024-02-03,1020.0,1,1450.0,Новосибирск,Wildberries,Доставлен
500497,2024-01-18,1016.0,1,2620.0,Екатеринбург,Wildberries,Доставлен
513239,2024-12-17,1010.0,1,1100.0,Регионы,Wildberries,Доставлен
513094,2024-12-15,1001.0,1,1220.0,Регионы,Wildberries,Доставлен
510022,2024-10-11,1023.0,1,1000.0,Екатеринбург,Wildberries,Возврат
510370,2024-10-22,1012.0,1,3200.0,Санкт-Петербург,Wildberries,Доставлен
505836,2024-06-17,1012.0,1,2840.0,Москва,Wildberries,Доставлен
508530,2024-09-02,1009.0,1,1900.0,Екатеринбург,Wildberries,Доставлен
513019,2024-12-13,1019.0,1,2120.0,Регионы,Wildberries,Доставлен
504705,2024-05-11,1004.0,1,2360.0,Регионы,Wildberries,Доставлен
501149,2024-02-08,1019.0,1,2180.0,Регионы,Ozon,Отменён
510436,2024-10-24,1010.0,2,1350.0,Новосибирск,Ozon,Доставлен
505810,2024-06-16,1021.0,1,1460.0,Москва,Wildberries,Доставлен
514091,2024-12-31,1008.0,1,4390.0,Новосибирск,Wildberries,Доставлен
505006,2024-05-21,1010.0,1,1190.0,Регионы,Wildberries,Доставлен
503969,2024-04-19,1013.0,1,2600.0,Новосибирск,Ozon,Доставлен
502152,2024-03-06,1024.0,1,3400.0,Санкт-Петербург,Ozon,Доставлен
510203,2024-10-17,1013.0,1,2340.0,Москва,Wildberries,Доставлен
507762,2024-08-13,1017.0,1,1660.0,Регионы,Ozon,Доставлен
502492,2024-03-14,1003.0,1,3640.0,Санкт-Петербург,Wildberries,Доставлен
513992,2024-12-29,1024.0,1,3030.0,Регионы,Wildberries,Доставлен
510003,2024-10-11,1009.0,2,1950.0,Москва,Wildberries,Доставлен
510187,2024-10-17,1004.0,2,2380.0,Санкт-Петербург,Ozon,Доставлен
504816,2024-05-14,1025.0,2,2920.0,Москва,Ozon,Отменён
511125,2024-11-10,1001.0,1,1230.0,Москва,Wildberries,Доставлен
502825,2024-03-21,1022.0,1,1670.0,Санкт-Петербург,Ozon,Доставлен
505666,2024-06-12,1010.0,1,1350.0,Екатеринбург,Wildberries,Доставлен
511090,2024-11-09,1009.0,1,1720.0,Екатеринбург,Ozon,Доставлен
507039,2024-07-25,1014.0,1,2290.0,Москва,Ozon,Доставлен
502276,2024-03-09,1014.0,1,2690.0,Москва,Wildberries,Доставлен
508627,2024-09-04,1019.0,1,2430.0,Екатеринбург,Ozon,Доставлен
508168,2024-08-24,1011.0,1,3680.0,Новосибирск,Wildberries,Доставлен
505396,2024-06-03,1014.0,1,2440.0,Москва,Ozon,Доставлен
506271,2024-07-01,1004.0,1,2610.0,Новосибирск,Wildberries,Доставлен
512694,2024-12-08,1019.0,1,2220.0,Москва,Ozon,Доставлен
511016,2024-11-07,1016.0,2,2290.0,Москва,Wildberries,Доставлен
513110,2024-12-15,1005.0,1,2460.0,Санкт-Петербург,Wildberries,Доставлен
503756,2024-04-13,1021.0,1,1410.0,Регионы,Ozon,Возврат
507918,2024-08-18,1004.0,1,2360.0,Регионы,Wildberries,Доставлен
510697,2024-10-31,1016.0,1,2610.0,Санкт-Петербург,Ozon,Доставлен
507205,2024-07-30,1011.0,1,3950.0,Москва,Wildberries,Возврат
503212,2024-03-29,1008.0,1,4770.0,Новосибирск,Wildberries,Доставлен
512834,2024-12-10,1026.0,1,2530.0,Регионы,Wildberries,Доставлен
504309,2024-04-29,1002.0,1,3560.0,Санкт-Петербург,Ozon,Доставлен
504993,2024-05-21,1002.0,2,3970.0,Москва,Wildberries,Доставлен
503541,2024-04-07,1012.0,1,3240.0,Москва,Wildberries,Доставлен
511463,2024-11-16,1009.0,1,1680.0,Новосибирск,Wildberries,Доставлен
501942,2024-03-03,1001.0,1,1390.0,Екатеринбург,Ozon,Доставлен
510084,2024-10-13,1023.0,1,950.0,Москва,Ozon,Доставлен
513205,2024-12-16,1020.0,1,1410.0,Москва,Wildberries,Возврат
503600,2024-04-09,1010.0,2,1200.0,Новосибирск,Ozon,Возврат
505386,2024-06-03,1002.0,1,4220.0,Санкт-Петербург,Wildberries,Возврат
513103,2024-12-15,1003.0,2,2970.0,Екатеринбург,Ozon,Доставлен
509458,2024-09-25,1017.0,1,1620.0,Екатеринбург,Wildberries,Отменён
504439,2024-05-02,1022.0,1,1690.0,Москва,Wildberries,Доставлен
502598,2024-03-16,1004.0,1,2310.0,Санкт-Петербург,Wildberries,Доставлен
501411,2024-02-16,1004.0,1,2600.0,Регионы,Wildberries,Доставлен
501215,2024-02-10,1018.0,1,850.0,Москва,Wildberries,Возврат
509159,2024-09-18,1006.0,1,3800.0,Новосибирск,Wildberries,Доставлен
509423,2024-09-24,1019.0,1,2150.0,Регионы,Ozon,Возврат
506440,2024-07-06,1012.0,1,3350.0,Регионы,Wildberries,Возврат
504792,2024-05-13,1025.0,1,3020.0,Регионы,Wildberries,Доставлен
507597,2024-08-09,1017.0,1,1650.0,Москва,Ozon,Доставлен
506218,2024-06-29,1006.0,1,4280.0,Регионы,Wildberries,Отменён
500606,2024-01-21,1025.0,1,2590.0,Регионы,Wildberries,Возврат
508297,2024-08-27,1004.0,1,2600.0,Санкт-Петербург,Wildberries,Доставлен
500646,2024-01-23,1013.0,2,2240.0,Новосибирск,Wildberries,Доставлен
505501,2024-06-06,1020.0,1,1530.0,Регионы,Wildberries,Доставлен
512783,2024-12-10,1006.0,1,3640.0,Новосибирск,Wildberries,Отменён
503089,2024-03-26,1024.0,1,3580.0,Санкт-Петербург,Ozon,Доставлен
509212,2024-09-19,1021.0,1,1520.0,Екатеринбург,Wildberries,Доставлен
508284,2024-08-26,1019.0,1,2470.0,Санкт-Петербург,Ozon,Доставлен
505209,2024-05-28,1012.0,1,3080.0,Екатеринбург,Wildberries,Доставлен
502871,2024-03-22,1016.0,1,2680.0,Екатеринбург,Ozon,Отменён
509101,2024-09-16,1014.0,1,2270.0,Москва,Wildberries,Доставлен
505571,2024-06-09,1008.0,1,4030.0,Новосибирск,Wildberries,Доставлен
505838,2024-06-17,1014.0,1,2660.0,Регионы,Wildberries,Доставлен
510343,2024-10-21,1012.0,1,3070.0,Новосибирск,Ozon,Доставлен
508431,2024-08-30,1017.0,1,1450.0,Новосибирск,Ozon,Доставлен
503141,2024-03-27,1024.0,1,3320.0,Санкт-Петербург,Wildberries,Доставлен
509135,2024-09-17,1010.0,2,1280.0,Регионы,Wildberries,Доставлен
509463,2024-09-25,1020.0,1,1300.0,Регионы,Ozon,Доставлен
500939,2024-02-02,1024.0,1,3420.0,Регионы,Wildberries,Доставлен
505521,2024-06-07,1019.0,1,2050.0,Москва,Wildberries,Доставлен
503230,2024-03-29,1019.0,1,2090.0,Екатеринбург,Wildberries,Доставлен
511744,2024-11-21,1018.0,1,690.0,Санкт-Петербург,Wildberries,Доставлен
501863,2024-03-01,1013.0,1,2550.0,Екатеринбург,Wildberries,Доставлен
501670,2024-02-24,1008.0,1,4250.0,Москва,Wildberries,Доставлен
508198,2024-08-24,1025.0,1,2790.0,Регионы,Wildberries,Возврат
504344,2024-04-29,1025.0,1,3000.0,Регионы,Ozon,Возврат
503944,2024-04-18,1026.0,1,2510.0,Регионы,Ozon,Доставлен
503014,2024-03-25,1015.0,1,2080.0,Москва,Wildberries,Доставлен
500019,2024-01-01,1012.0,1,2660.0,Регионы,Wildberries,Доставлен
507575,2024-08-09,1006.0,1,3850.0,Регионы,Ozon,Доставлен
510163,2024-10-16,1007.0,1,1200.0,Санкт-Петербург,Ozon,Доставлен
510902,2024-11-04,1025.0,2,3000.0,Санкт-Петербург,Wildberries,Доставлен
510425,2024-10-24,1005.0,1,2500.0,Новосибирск,Wildberries,Доставлен
506578,2024-07-10,1024.0,1,3500.0,Санкт-Петербург,Wildberries,Доставлен
509004,2024-09-14,1002.0,1,4160.0,Санкт-Петербург,Wildberries,Доставлен
509493,2024-09-26,1015.0,1,2420.0,Москва,Ozon,Доставлен
505432,2024-06-04,1017.0,1,1530.0,Регионы,Wildberries,Доставлен
512333,2024-12-02,1023.0,2,1000.0,Екатеринбург,Ozon,Доставлен
508453,2024-08-31,1008.0,1,4350.0,Регионы,Ozon,Доставлен
509997,2024-10-11,1007.0,1,1130.0,Новосибирск,Ozon,Доставлен
501571,2024-02-21,1010.0,1,1210.0,Екатеринбург,Wildberries,Доставлен
512473,2024-12-05,1005.0,1,2550.0,Екатеринбург,Wildberries,Отменён
510647,2024-10-30,1007.0,2,1090.0,Екатеринбург,Wildberries,Доставлен
501744,2024-02-26,1019.0,1,2430.0,Санкт-Петербург,Wildberries,Отменён
507010,2024-07-24,1017.0,1,1530.0,Регионы,Wildberries,Доставлен
509823,2024-10-05,1022.0,1,1520.0,Екатеринбург,Wildberries,Доставлен
509909,2024-10-08,1010.0,1,1320.0,Москва,Wildberries,Доставлен
500521,2024-01-19,1007.0,1,1220.0,Регионы,Wildberries,Доставлен
503938,2024-04-18,1022.0,1,1560.0,Москва,Ozon,Доставлен
511675,2024-11-20,1008.0,1,4670.0,Екатеринбург,Wildberries,Доставлен
501659,2024-02-23,1026.0,1,2520.0,Регионы,Wildberries,Доставлен
503473,2024-04-04,1016.0,1,2550.0,Регионы,Wildberries,Доставлен
502476,2024-03-13,1022.0,1,1690.0,Регионы,Ozon,Доставлен
503949,2024-04-19,1003.0,1,3640.0,Екатеринбург,Wildberries,Доставлен
503935,2024-04-18,1022.0,2,1460.0,Москва,Wildberries,Доставлен
511838,2024-11-23,1011.0,1,3400.0,Санкт-Петербург,Wildberries,Возврат
507154,2024-07-28,1023.0,1,970.0,Регионы,Wildberries,Доставлен
500764,2024-01-27,1017.0,1,1670.0,Екатеринбург,Wildberries,Доставлен
504704,2024-05-11,1003.0,1,3630.0,Москва,Wildberries,Доставлен
512519,2024-12-06,1001.0,1,1250.0,Регионы,Wildberries,Доставлен
507237,2024-07-31,1013.0,1,2260.0,Екатеринбург,Wildberries,Доставлен
508028,2024-08-20,1020.0,1,1440.0,Санкт-Петербург,Wildberries,Отменён
504428,2024-05-02,1012.0,1,3070.0,Москва,Ozon,Доставлен
513729,2024-12-25,1018.0,1,800.0,Санкт-Петербург,Wildberries,Доставлен
507659,2024-08-11,1011.0,1,3800.0,Регионы,Ozon,Доставлен
507730,2024-08-12,1021.0,1,1500.0,Новосибирск,Wildberries,Доставлен
501092,2024-02-07,1002.0,1,3530.0,Регионы,Ozon,Доставлен
503609,2024-04-09,1016.0,1,2520.0,Екатеринбург,Wildberries,Возврат
501102,2024-02-07,1011.0,1,3680.0,Регионы,Wildberries,Доставлен
513418,2024-12-20,1010.0,1,1320.0,Москва,Wildberries,Доставлен
507380,2024-08-03,1022.0,1,1480.0,Москва,Wildberries,Возврат
512750,2024-12-09,1018.0,1,850.0,Москва,Ozon,Доставлен
500959,2024-02-03,1013.0,1,2230.0,Москва,Ozon,Доставлен
500560,2024-01-20,1009.0,1,1640.0,Москва,Ozon,Доставлен
506991,2024-07-23,1021.0,1,1380.0,,Ozon,Доставлен
506835,2024-07-18,1016.0,1,2650.0,Екатеринбург,Wildberries,Доставлен
501520,2024-02-19,1025.0,1,2830.0,Новосибирск,Wildberries,Доставлен
508840,2024-09-09,1017.0,1,1540.0,Екатеринбург,Wildberries,Доставлен
506129,2024-06-26,1010.0,2,1130.0,Новосибирск,Wildberries,Отменён
502485,2024-03-13,1026.0,3,2550.0,Регионы,Wildberries,Доставлен
506635,2024-07-12,1007.0,1,1300.0,Москва,Ozon,Доставлен
500367,2024-01-13,1015.0,1,2050.0,Екатеринбург,Wildberries,Доставлен
512094,2024-11-28,1022.0,1,1460.0,Санкт-Петербург,Wildberries,Доставлен
506194,2024-06-28,1016.0,1,2290.0,Регионы,Ozon,Возврат
507532,2024-08-08,1005.0,1,2230.0,Екатеринбург,Wildberries,Доставлен
501949,2024-03-03,1002.0,1,3360.0,Москва,Wildberries,Доставлен
512358,2024-12-03,1007.0,2,1300.0,Новосибирск,Wildberries,Возврат
509765,2024-10-03,1014.0,1,2310.0,Санкт-Петербург,Wildberries,Доставлен
500809,2024-01-29,1010.0,1,1100.0,Регионы,Ozon,Доставлен
511425,2024-11-15,1016.0,1,2530.0,Москва,Ozon,Доставлен
512139,2024-11-29,1014.0,1,2210.0,Регионы,Wildberries,Доставлен
508204,2024-08-25,1003.0,1,2960.0,Новосибирск,Ozon,Доставлен
510218,2024-10-17,1026.0,1,2150.0,Санкт-Петербург,Wildberries,Возврат
505014,2024-05-21,1018.0,1,810.0,Регионы,Ozon,Доставлен
507686,2024-08-11,1026.0,1,2680.0,Регионы,Wildberries,Доставлен
513740,2024-12-25,1023.0,2,840.0,Регионы,Wildberries,Доставлен
506784,2024-07-17,1004.0,1,2410.0,Новосибирск,Ozon,Доставлен
508369,2024-08-29,1003.0,1,3120.0,Санкт-Петербург,Wildberries,Доставлен
513283,2024-12-17,1025.0,1,2860.0,Москва,Ozon,Доставлен
510681,2024-10-31,1003.0,1,3470.0,Москва,Wildberries,Доставлен
512079,2024-11-28,1012.0,1,2690.0,Регионы,Wildberries,Отменён
502570,2024-03-15,1018.0,1,760.0,Регионы,Wildberries,Доставлен
503521,2024-04-06,1021.0,1,1670.0,Новосибирск,Ozon,Доставлен
511953,2024-11-25,1018.0,1,780.0,Регионы,Ozon,Возврат
513544,2024-12-22,1012.0,2,2790.0,Москва,Ozon,Доставлен
503283,2024-03-30,1022.0,1,1370.0,Регионы,Wildberries,Доставлен
501665,2024-02-24,1004.0,1,2460.0,Екатеринбург,Wildberries,Доставлен
510384,2024-10-22,1026.0,1,2440.0,Санкт-Петербург,Ozon,Доставлен
514117,2024-12-31,1023.0,1,1040.0,Санкт-Петербург,Wildberries,Доставлен
503371,2024-04-01,1013.0,2,2520.0,Регионы,Wildberries,Доставлен
506967,2024-07-22,1020.0,1,1570.0,Санкт-Петербург,Wildberries,Доставлен
508116,2024-08-22,1024.0,1,3700.0,Регионы,Wildberries,Доставлен
506573,2024-07-10,1020.0,1,1280.0,Регионы,Wildberries,Доставлен
510853,2024-11-03,1015.0,1,2060.0,Москва,Wildberries,Отменён
507928,2024-08-18,1008.0,1,5020.0,Регионы,Ozon,Доставлен
504253,2024-04-27,1013.0,1,2320.0,Регионы,Wildberries,Доставлен
506684,2024-07-13,1023.0,1,960.0,Регионы,Wildberries,Доставлен
503579,2024-04-08,1012.0,1,2780.0,Регионы,Wildberries,Отменён
513749,2024-12-26,1001.0,1,1370.0,Москва,Wildberries,Доставлен
510239,2024-10-18,1014.0,1,2610.0,Новосибирск,Ozon,Отменён
505947,2024-06-20,1012.0,1,2690.0,Регионы,Wildberries,Доставлен
506606,2024-07-11,1014.0,1,2680.0,Екатеринбург,Ozon,Доставлен
502625,2024-03-16,1025.0,1,3190.0,Регионы,Wildberries,Доставлен
511603,2024-11-19,1005.0,1,2730.0,Регионы,Ozon,Доставлен
506400,2024-07-05,1003.0,1,3280.0,Санкт-Петербург,Wildberries,Возврат
506102,2024-06-25,1009.0,1,1890.0,Регионы,Wildberries,Доставлен
509378,2024-09-23,1018.0,1,830.0,Регионы,Wildberries,Доставлен
501007,2024-02-04,1014.0,2,2210.0,Новосибирск,Ozon,Доставлен
511762,2024-11-22,1001.0,1,1300.0,Санкт-Петербург,Wildberries,Доставлен
511930,2024-11-25,1005.0,1,2510.0,Новосибирск,Wildberries,Доставлен
512849,2024-12-11,1004.0,1,2590.0,Москва,Wildberries,Доставлен
513199,2024-12-16,1016.0,1,2580.0,Москва,Wildberries,Доставлен
513600,2024-12-23,1012.0,2,3120.0,Новосибирск,Wildberries,Доставлен
502050,2024-03-05,1004.0,2,2830.0,Регионы,Wildberries,Доставлен
504012,2024-04-20,1014.0,1,2530.0,Регионы,Wildberries,Возврат
500270,2024-01-09,1024.0,3,3370.0,Новосибирск,Ozon,Возврат
501994,2024-03-03,1026.0,2,2430.0,Новосибирск,Ozon,Возврат
500266,2024-01-09,1016.0,2,2500.0,Санкт-Петербург,Ozon,Доставлен
509107,2024-09-16,1019.0,1,1960.0,Москва,Ozon,Доставлен
510471,2024-10-25,1021.0,1,1580.0,Москва,Wildberries,Доставлен
510424,2024-10-24,1004.0,1,2450.0,Екатеринбург,Wildberries,Отменён
508049,2024-08-21,1007.0,1,1160.0,Регионы,Wildberries,Отменён
500291,2024-01-10,1016.0,2,2500.0,Москва,Wildberries,Доставлен
502913,2024-03-23,1009.0,1,1940.0,Регионы,Ozon,Доставлен
513162,2024-12-16,1001.0,1,1270.0,Москва,Wildberries,Отменён
510286,2024-10-19,1018.0,1,780.0,Новосибирск,Ozon,Доставлен
506543,2024-07-09,1019.0,1,2330.0,Москва,Wildberries,Доставлен
512764,2024-12-09,1025.0,1,2740.0,Регионы,Wildberries,Доставлен
509845,2024-10-06,1006.0,1,3870.0,Москва,Wildberries,Возврат
504142,2024-04-24,1005.0,1,2760.0,Регионы,Wildberries,Доставлен
504258,2024-04-27,1015.0,1,2570.0,Регионы,Wildberries,Доставлен
511232,2024-11-12,1005.0,1,2290.0,Москва,Wildberries,Доставлен
506872,2024-07-19,1020.0,1,1430.0,Москва,Ozon,Доставлен
510870,2024-11-03,1024.0,1,3540.0,Новосибирск,Wildberries,Доставлен
500289,2024-01-10,1014.0,1,2540.0,Санкт-Петербург,Wildberries,Доставлен
507758,2024-08-13,1015.0,1,2050.0,Санкт-Петербург,Ozon,Доставлен
503108,2024-03-27,1006.0,1,4090.0,Москва,Ozon,Доставлен
508070,2024-08-21,1022.0,2,1480.0,Регионы,Wildberries,Доставлен
514075,2024-12-31,1002.0,1,3860.0,Москва,Ozon,Доставлен
506045,2024-06-23,1011.0,1,3550.0,Москва,Wildberries,Доставлен
500576,2024-01-21,1005.0,1,2410.0,Москва,Wildberries,Доставлен
500851,2024-01-30,1022.0,1,1560.0,Регионы,Wildberries,Доставлен
507484,2024-08-06,1024.0,1,3210.0,Москва,Wildberries,Доставлен
512076,2024-11-28,1011.0,1,3670.0,Екатеринбург,Wildberries,Доставлен
513200,2024-12-16,1017.0,2,1470.0,Регионы,Wildberries,Доставлен
505351,2024-06-02,1004.0,1,2550.0,Санкт-Петербург,Ozon,Доставлен
509915,2024-10-08,1013.0,1,2490.0,Регионы,Ozon,Возврат
506230,2024-06-29,1018.0,2,700.0,Москва,Wildberries,Возврат
513221,2024-12-17,1004.0,1,2420.0,Москва,Wildberries,Возврат
503950,2024-04-19,1003.0,1,3180.0,Регионы,Wildberries,Возврат
509293,2024-09-21,1018.0,1,780.0,Санкт-Петербург,Ozon,Доставлен
507802,2024-08-14,1020.0,1,1420.0,Регионы,Wildberries,Доставлен
509400,2024-09-24,1005.0,2,2430.0,Екатеринбург,Wildberries,Доставлен
501844,2024-03-01,1002.0,1,3800.0,Екатеринбург,Wildberries,Доставлен
501849,2024-03-01,1003.0,1,3270.0,Регионы,Wildberries,Возврат
510717,2024-10-31,1026.0,1,2220.0,Регионы,Wildberries,Доставлен
503948,2024-04-19,1002.0,1,3680.0,Регионы,Wildberries,Возврат
501695,2024-02-24,1023.0,1,980.0,Санкт-Петербург,Wildberries,Доставлен
504182,2024-04-25,1013.0,1,2120.0,Санкт-Петербург,Wildberries,Доставлен
512758,2024-12-09,1022.0,1,1540.0,Санкт-Петербург,Ozon,Доставлен
506370,2024-07-04,1001.0,2,1270.0,Москва,Ozon,Доставлен
512153,2024-11-29,1019.0,1,2420.0,Регионы,Wildberries,Отменён
500234,2024-01-08,1008.0,1,4850.0,Москва,Wildberries,Отменён
511525,2024-11-17,1019.0,1,2360.0,Москва,Wildberries,Доставлен
502648,2024-03-17,1016.0,1,2430.0,Москва,Wildberries,Отменён
512234,2024-12-01,1009.0,1,1900.0,Москва,Ozon,Доставлен
501712,2024-02-25,1019.0,1,2430.0,Санкт-Петербург,Ozon,Доставлен
508375,2024-08-29,1012.0,1,3290.0,Новосибирск,Wildberries,Доставлен
513277,2024-12-17,1023.0,1,980.0,Москва,Wildberries,Доставлен
505097,2024-05-24,1024.0,1,3140.0,Регионы,Wildberries,Возврат
505738,2024-06-14,1017.0,1,1650.0,Санкт-Петербург,Wildberries,Возврат
505453,2024-06-05,1006.0,1,4420.0,Регионы,Ozon,Отменён
501463,2024-02-18,1002.0,1,3800.0,Екатеринбург,Wildberries,Доставлен
500050,2024-01-02,1019.0,1,2210.0,Екатеринбург,Ozon,Доставлен
514000,2024-12-30,1001.0,1,1150.0,Москва,Wildberries,Доставлен
506674,2024-07-13,1016.0,1,2680.0,Москва,Wildberries,Доставлен
505355,2024-06-02,1007.0,2,1150.0,Москва,Ozon,Возврат
512775,2024-12-10,1004.0,1,2470.0,Регионы,Wildberries,Отменён
513662,2024-12-24,1013.0,1,2080.0,Санкт-Петербург,Wildberries,Доставлен
506005,2024-06-22,1008.0,1,4470.0,Новосибирск,Wildberries,Доставлен
507791,2024-08-14,1013.0,1,2550.0,Екатеринбург,Ozon,Доставлен
508299,2024-08-27,1006.0,1,4030.0,Москва,Wildberries,Возврат
500444,2024-01-16,1022.0,1,1540.0,Екатеринбург,Ozon,Возврат
510147,2024-10-15,1021.0,1,1360.0,Новосибирск,Ozon,Возврат
507657,2024-08-11,1007.0,1,1050.0,Екатеринбург,Ozon,Доставлен
504743,2024-05-12,1011.0,1,3240.0,Екатеринбург,Ozon,Доставлен
507181,2024-07-29,1019.0,1,2500.0,Екатеринбург,Wildberries,Доставлен
500727,2024-01-26,1015.0,2,2150.0,Регионы,Ozon,Доставлен
502239,2024-03-08,1023.0,1,990.0,Москва,Wildberries,Доставлен
507933,2024-08-18,1010.0,1,1140.0,Новосибирск,Wildberries,Доставлен
502331,2024-03-10,1024.0,1,3580.0,Екатеринбург,Wildberries,Доставлен
504126,2024-04-23,1024.0,1,2970.0,Регионы,Ozon,Доставлен
500170,2024-01-06,1003.0,1,3600.0,Москва,Wildberries,Возврат
501002,2024-02-04,1012.0,1,2850.0,Екатеринбург,Ozon,Доставлен
503253,2024-03-30,1003.0,1,3120.0,Москва,Ozon,Доставлен
502149,2024-03-06,1023.0,1,920.0,Регионы,Wildberries,Доставлен
500198,2024-01-06,1025.0,1,2740.0,Регионы,Wildberries,Доставлен
512784,2024-12-10,1007.0,1,1240.0,Москва,Ozon,Доставлен
506123,2024-06-26,1005.0,1,2320.0,Регионы,Wildberries,Доставлен
503794,2024-04-14,1023.0,2,930.0,Москва,Wildberries,Возврат
500648,2024-01-23,1014.0,1,2650.0,Москва,Ozon,Доставлен
511228,2024-11-12,1004.0,1,2290.0,Регионы,Wildberries,Доставлен
504141,2024-04-24,1005.0,1,2390.0,Москва,Ozon,Возврат
511926,2024-11-25,1003.0,1,3000.0,Москва,Ozon,Доставлен
502759,2024-03-20,1003.0,1,2940.0,Екатеринбург,Wildberries,Доставлен
508566,2024-09-03,1012.0,1,3310.0,Регионы,Wildberries,Доставлен
512967,2024-12-12,1024.0,1,3120.0,Екатеринбург,Wildberries,Доставлен
508759,2024-09-07,1018.0,1,840.0,Регионы,Wildberries,Доставлен
511913,2024-11-24,1017.0,1,1540.0,Санкт-Петербург,Ozon,Доставлен
511088,2024-11-09,1007.0,1,1140.0,Москва,Wildberries,Доставлен
512749,2024-12-09,1018.0,1,700.0,Москва,Ozon,Доставлен
503486,2024-04-05,1011.0,1,3480.0,Новосибирск,Ozon,Возврат
501156,2024-02-08,1025.0,1,2600.0,Регионы,Wildberries,Доставлен
504136,2024-04-24,1002.0,3,3760.0,Москва,Wildberries,Доставлен
500974,2024-02-03,1023.0,2,840.0,Екатеринбург,Ozon,Доставлен
503288,2024-03-30,1024.0,1,3620.0,Санкт-Петербург,Wildberries,Доставлен
507152,2024-07-28,1022.0,1,1540.0,Москва,Ozon,Доставлен
511820,2024-11-23,1002.0,1,4190.0,Москва,Ozon,Доставлен
503639,2024-04-10,1011.0,1,3880.0,Регионы,Ozon,Возврат
505883,2024-06-18,1017.0,1,1430.0,Екатеринбург,Ozon,Доставлен
505595,2024-06-10,1005.0,1,2800.0,Санкт-Петербург,Ozon,Доставлен
506601,2024-07-11,1013.0,1,2160.0,Регионы,Wildberries,Доставлен
510028,2024-10-12,1003.0,2,3080.0,Санкт-Петербург,Ozon,Доставлен
502309,2024-03-10,1010.0,1,1180.0,Регионы,Wildberries,Доставлен
510033,2024-10-12,1007.0,1,1260.0,Москва,Wildberries,Возврат
513116,2024-12-15,1008.0,1,4960.0,Москва,Ozon,Доставлен
506032,2024-06-23,1001.0,1,1310.0,Регионы,Wildberries,Доставлен
502045,2024-03-05,1002.0,1,4060.0,Москва,Ozon,Доставлен
512598,2024-12-07,1009.0,1,1600.0,Регионы,Wildberries,Доставлен
504373,2024-05-01,1002.0,2,4070.0,Регионы,Ozon,Возврат
504733,2024-05-12,1001.0,1,1130.0,Новосибирск,Ozon,Доставлен
512943,2024-12-12,1012.0,1,2820.0,Регионы,Wildberries,Доставлен
504719,2024-05-11,1017.0,1,1610.0,Санкт-Петербург,Ozon,Доставлен
505956,2024-06-20,1016.0,1,2460.0,Москва,Wildberries,Доставлен
500845,2024-01-30,1015.0,1,2480.0,Регионы,Ozon,Доставлен
504490,2024-05-04,1011.0,2,3370.0,Санкт-Петербург,Wildberries,Доставлен
507914,2024-08-17,1025.0,1,2730.0,Регионы,Wildberries,Доставлен
510348,2024-10-21,1016.0,1,2600.0,Санкт-Петербург,Wildberries,Возврат
500350,2024-01-12,1021.0,1,1440.0,Екатеринбург,Wildberries,Возврат
506669,2024-07-13,1014.0,1,2580.0,Санкт-Петербург,Wildberries,Возврат
500785,2024-01-28,1012.0,1,3250.0,Москва,Ozon,Доставлен
508240,2024-08-25,1021.0,1,1510.0,Москва,Ozon,Доставлен
511844,2024-11-23,1012.0,1,2940.0,Москва,Wildberries,Отменён
505752,2024-06-15,1005.0,1,2400.0,Москва,Ozon,Доставлен
512691,2024-12-08,1019.0,1,2350.0,Регионы,Ozon,Доставлен
504019,2024-04-20,1019.0,1,2180.0,Москва,Wildberries,Доставлен
513396,2024-12-19,1025.0,2,3050.0,Новосибирск,Ozon,Доставлен
513443,2024-12-20,1022.0,1,1430.0,Санкт-Петербург,Ozon,Возврат
501440,2024-02-17,1011.0,1,3710.0,Санкт-Петербург,Wildberries,Возврат
506098,2024-06-25,1005.0,1,2260.0,Москва,Wildberries,Доставлен
505086,2024-05-24,1017.0,1,1620.0,Регионы,Wildberries,Доставлен
510058,2024-10-13,1002.0,1,4220.0,Регионы,Ozon,Доставлен
506886,2024-07-20,1009.0,1,1880.0,Екатеринбург,Wildberries,Доставлен
507866,2024-08-16,1015.0,1,2540.0,Екатеринбург,Wildberries,Доставлен
505407,2024-06-03,1024.0,1,3000.0,Регионы,Wildberries,Доставлен
511388,2024-11-14,1021.0,2,1670.0,Регионы,Ozon,Доставлен
508226,2024-08-25,1017.0,1,1650.0,Санкт-Петербург,Ozon,Доставлен
500788,2024-01-28,1012.0,1,3060.0,Регионы,Wildberries,Возврат
507685,2024-08-11,1026.0,1,2590.0,Екатеринбург,Ozon,Доставлен
505140,2024-05-26,1008.0,1,4220.0,Екатеринбург,Wildberries,Доставлен
504578,2024-05-07,1009.0,2,1990.0,Новосибирск,Ozon,Доставлен
505340,2024-06-01,1017.0,1,1560.0,Санкт-Петербург,Wildberries,Доставлен
508060,2024-08-21,1017.0,1,1410.0,Москва,Wildberries,Отменён
502628,2024-03-17,1001.0,1,1340.0,Санкт-Петербург,Ozon,Доставлен
506626,2024-07-12,1004.0,1,2510.0,Москва,Wildberries,Возврат
500932,2024-02-02,1017.0,1,1480.0,Екатеринбург,Wildberries,Доставлен
502405,2024-03-12,1007.0,1,1120.0,Новосибирск,Wildberries,Доставлен
509878,2024-10-07,1008.0,1,4990.0,Санкт-Петербург,Ozon,Доставлен
501249,2024-02-11,1012.0,1,2910.0,Екатеринбург,Wildberries,Возврат
504856,2024-05-16,1020.0,1,1440.0,Екатеринбург,Ozon,Доставлен
500093,2024-01-03,1026.0,1,2450.0,Новосибирск,Wildberries,Доставлен
513464,2024-12-21,1004.0,1,2290.0,Санкт-Петербург,Wildberries,Доставлен
505512,2024-06-07,1007.0,1,1060.0,Регионы,Ozon,Возврат
505438,2024-06-04,1020.0,1,1440.0,Регионы,Wildberries,Доставлен
513761,2024-12-26,1006.0,1,4230.0,Москва,Ozon,Доставлен
502852,2024-03-22,1005.0,1,2560.0,Регионы,Ozon,Доставлен
510986,2024-11-06,1026.0,1,2660.0,Москва,Wildberries,Возврат
506424,2024-07-05,1018.0,1,800.0,Регионы,Wildberries,Доставлен
513896,2024-12-28,1011.0,1,3730.0,Новосибирск,Ozon,Доставлен
500765,2024-01-27,1019.0,1,2280.0,Регионы,Wildberries,Доставлен
506749,2024-07-16,1005.0,1,2510.0,Регионы,Ozon,Доставлен
511181,2024-11-11,1001.0,2,1150.0,Екатеринбург,Wildberries,Доставлен
505470,2024-06-05,1018.0,2,720.0,Москва,Wildberries,Доставлен
506048,2024-06-23,1014.0,1,2610.0,Москва,Ozon,Доставлен
510641,2024-10-30,1002.0,1,3390.0,Екатеринбург,Wildberries,Доставлен
509921,2024-10-08,1017.0,1,1440.0,Москва,Wildberries,Отменён
500258,2024-01-09,1011.0,1,3530.0,Санкт-Петербург,Wildberries,Доставлен
513233,2024-12-17,1008.0,1,4990.0,Москва,Wildberries,Доставлен
507241,2024-07-31,1017.0,1,1400.0,Регионы,Wildberries,Доставлен
509412,2024-09-24,1013.0,1,2350.0,Регионы,Ozon,Доставлен
507652,2024-08-11,1004.0,3,2380.0,Москва,Wildberries,Доставлен
509354,2024-09-23,1004.0,1,2300.0,Регионы,Wildberries,Доставлен
508965,2024-09-13,1002.0,1,4230.0,Москва,Ozon,Возврат
505583,2024-06-09,1020.0,1,1480.0,Москва,Ozon,Доставлен
508505,2024-09-01,1015.0,1,2460.0,Новосибирск,Ozon,Возврат
512579,2024-12-07,1003.0,1,3430.0,Москва,Wildberries,Доставлен
512225,2024-12-01,1005.0,1,2270.0,Москва,Wildberries,Возврат
504860,2024-05-16,1026.0,1,2160.0,Санкт-Петербург,Ozon,Доставлен
502998,2024-03-25,1004.0,1,2300.0,Санкт-Петербург,Ozon,Доставлен
512472,2024-12-05,1005.0,1,2800.0,Новосибирск,Wildberries,Доставлен
501177,2024-02-09,1013.0,1,2340.0,Регионы,Wildberries,Доставлен
503897,2024-04-17,1016.0,1,2740.0,Санкт-Петербург,Ozon,Доставлен
509542,2024-09-27,1022.0,1,1480.0,Москва,Ozon,Доставлен
511968,2024-11-25,1026.0,1,2280.0,Регионы,Ozon,Доставлен
511309,2024-11-13,1010.0,2,1180.0,Екатеринбург,Wildberries,Доставлен
503517,2024-04-06,1020.0,1,1370.0,Москва,Wildberries,Доставлен
507956,2024-08-19,1001.0,1,1110.0,Новосибирск,Wildberries,Возврат
510491,2024-10-26,1006.0,2,4040.0,Москва,Ozon,Доставлен
511064,2024-11-08,1017.0,1,1620.0,Регионы,Wildberries,Доставлен
513388,2024-12-19,1021.0,1,1670.0,Регионы,Wildberries,Доставлен
507681,2024-08-11,1025.0,1,3130.0,Регионы,Ozon,Доставлен
507085,2024-07-26,1026.0,2,2630.0,Санкт-Петербург,Ozon,Доставлен
508584,2024-09-03,1021.0,1,1590.0,Москва,Wildberries,Доставлен
506016,2024-06-22,1014.0,1,2270.0,Екатеринбург,Ozon,Доставлен
501457,2024-02-17,1024.0,1,3340.0,Регионы,Ozon,Доставлен
501093,2024-02-07,1006.0,1,4550.0,Екатеринбург,Ozon,Доставлен
506119,2024-06-25,1025.0,2,2870.0,Москва,Wildberries,Доставлен
503240,2024-03-29,1023.0,1,910.0,Регионы,Wildberries,Доставлен
513193,2024-12-16,1015.0,1,2310.0,Москва,Ozon,Доставлен
510971,2024-11-06,1013.0,1,2090.0,Новосибирск,Wildberries,Возврат
512655,2024-12-08,1004.0,1,2420.0,Москва,Ozon,Возврат
504442,2024-05-02,1025.0,1,2540.0,Регионы,Wildberries,Доставлен
511849,2024-11-23,1013.0,2,2500.0,Регионы,Ozon,Доставлен
502584,2024-03-15,1025.0,2,2690.0,Новосибирск,Wildberries,Доставлен
507567,2024-08-08,1025.0,1,2910.0,Москва,Ozon,Возврат
511450,2024-11-16,1005.0,1,2760.0,Екатеринбург,Wildberries,Доставлен
501373,2024-02-15,1004.0,1,2580.0,Москва,Wildberries,Доставлен
513928,2024-12-28,1021.0,1,1680.0,Москва,Wildberries,Доставлен
500920,2024-02-02,1006.0,1,4140.0,Регионы,Ozon,Доставлен
504308,2024-04-29,1001.0,1,1230.0,Москва,Wildberries,Доставлен
505700,2024-06-13,1014.0,2,2530.0,Москва,Ozon,Возврат
510743,2024-11-01,1010.0,1,1130.0,Екатеринбург,Wildberries,Доставлен
500538,2024-01-19,1018.0,1,860.0,Москва,Ozon,Доставлен
509413,2024-09-24,1013.0,1,2120.0,Москва,Wildberries,Доставлен
512464,2024-12-05,1002.0,1,4170.0,Регионы,Wildberries,Отменён
